"rho","median_N","selected","rep","rule","n","portfolio","conditioned","condition_number","attainment","median_ratio"
0.1,100,FALSE,1,"point",116,0.00141096785262907,0.0154928282067211,62.600391708631,0,0.227956842831814
0.1,100,FALSE,1,"safeguard",116,1.00139523701148,1.015645671262,62.600391708631,0.525862068965517,1.00640468164247
0.1,100,FALSE,1,"original_size",116,-0.288659131046324,0.0156931406049794,62.600391708631,0.0603448275862069,0.147137817596542
0.1,100,FALSE,1,"capped_safeguard",116,-0.0228491167222982,-0.0933538380818686,62.600391708631,0.103448275862069,0.352737195863671
0.1,100,FALSE,2,"point",113,-0.0250519576305456,-0.0204241409333642,59.610596411535,0,0.233514352211016
0.1,100,FALSE,2,"safeguard",113,0.974928331841012,0.97941649611368,59.610596411535,0.575221238938053,1.03788903924222
0.1,100,FALSE,2,"original_size",113,-0.395515912592998,-0.0196908229314788,59.610596411535,0.079646017699115,0.168023686158401
0.1,100,FALSE,2,"capped_safeguard",113,-0.0104071918111817,-0.159404906082075,59.610596411535,0.115044247787611,0.369276218611521
0.1,100,FALSE,3,"point",121,-0.0138755992021727,-0.00858148394465514,64.1531887548861,0,0.22280630812778
0.1,100,FALSE,3,"safeguard",121,0.986049563200544,0.991605951097084,64.1531887548861,0.520661157024793,1.01188037689472
0.1,100,FALSE,3,"original_size",121,-0.437791204078926,-0.00771081797982118,64.1531887548861,0.0909090909090909,0.136744966442953
0.1,100,FALSE,3,"capped_safeguard",121,-0.00996208147506307,-0.151704211856332,64.1531887548861,0.0991735537190083,0.32488628979857
0.1,100,FALSE,4,"point",120,-0.00992558755244045,0.0161469215673265,64.9957310725414,0,0.236260909118637
0.1,100,FALSE,4,"safeguard",120,0.99002521189275,1.01633724424291,64.9957310725414,0.566666666666667,1.02182028622813
0.1,100,FALSE,4,"original_size",120,-0.475888163215456,0.015995214476878,64.9957310725414,0.1,0.164567566443829
0.1,100,FALSE,4,"capped_safeguard",120,0.00741407471254954,-0.0837504549327987,64.9957310725414,0.116666666666667,0.351826262507473
0.1,100,FALSE,5,"point",122,0.00545818869656203,-0.00705402830822497,66.1919428092555,0,0.227903916835215
0.1,100,FALSE,5,"safeguard",122,1.00544051506816,0.99284405325164,66.1919428092555,0.475409836065574,0.978344800178833
0.1,100,FALSE,5,"original_size",122,-0.317046236475279,-0.00720293843243704,66.1919428092555,0.0819672131147541,0.162056221979886
0.1,100,FALSE,5,"capped_safeguard",122,-0.005027720975307,-0.0887950939735816,66.1919428092555,0.10655737704918,0.290516915391088
0.1,100,FALSE,6,"point",129,-0.0212681603851045,-0.00720913016436901,57.3440696211408,0,0.235849056603774
0.1,100,FALSE,6,"safeguard",129,0.978774138601978,0.99282526498472,57.3440696211408,0.496124031007752,0.994573260976813
0.1,100,FALSE,6,"original_size",129,-0.394371916284276,-0.00732416534240212,57.3440696211408,0.0697674418604651,0.172072072072072
0.1,100,FALSE,6,"capped_safeguard",129,-0.0179473930344747,-0.109739175634396,57.3440696211408,0.13953488372093,0.432525951557093
0.1,100,FALSE,7,"point",123,0.0100307468247161,0.0100073256229976,62.4103281838209,0,0.246884272997033
0.1,100,FALSE,7,"safeguard",123,1.01002866797288,1.01004130651651,62.4103281838209,0.51219512195122,1.00067395925139
0.1,100,FALSE,7,"original_size",123,-0.23931296698462,0.0102910224247421,62.4103281838209,0.0731707317073171,0.177069199457259
0.1,100,FALSE,7,"capped_safeguard",123,-0.00470972992588757,-0.084477128926271,62.4103281838209,0.0813008130081301,0.31055900621118
0.1,100,FALSE,8,"point",132,-0.00342837637550143,0.0150037555294084,61.6244591840658,0,0.232793769493818
0.1,100,FALSE,8,"safeguard",132,0.996523913180903,1.01501144439219,61.6244591840658,0.46969696969697,0.98916160875075
0.1,100,FALSE,8,"original_size",132,-0.461213902432189,0.0152701902193045,61.6244591840658,0.0681818181818182,0.166532181388739
0.1,100,FALSE,8,"capped_safeguard",132,-0.0146501570270664,-0.149484154991082,61.6244591840658,0.0984848484848485,0.360178275290216
0.1,100,FALSE,9,"point",117,0.0138184419211349,0.0224837076312895,60.4438316196603,0,0.23951182303585
0.1,100,FALSE,9,"safeguard",117,1.01380912667175,1.02247818263847,60.4438316196603,0.555555555555556,1.01098901098901
0.1,100,FALSE,9,"original_size",117,-0.267579745065766,0.0223784680132917,60.4438316196603,0.102564102564103,0.168573607932876
0.1,100,FALSE,9,"capped_safeguard",117,-0.0258151012738511,-0.0783361507811846,60.4438316196603,0.145299145299145,0.376789751318764
0.1,100,FALSE,10,"point",123,-0.0100032723539436,-0.0338660638068502,63.1688772798913,0,0.230769230769231
0.1,100,FALSE,10,"safeguard",123,0.990018217519864,0.966299978247574,63.1688772798913,0.463414634146341,0.978476473533735
0.1,100,FALSE,10,"original_size",123,-0.400505835466211,-0.0337788153867554,63.1688772798913,0.0813008130081301,0.159839357429719
0.1,100,FALSE,10,"capped_safeguard",123,-0.0203153806292294,-0.137284032054639,63.1688772798913,0.113821138211382,0.325309043591412
0.1,100,FALSE,11,"point",136,0.00301346470785676,-0.003772076078782,64.3366438711935,0,0.209732301241735
0.1,100,FALSE,11,"safeguard",136,1.00295882638686,0.996128089033549,64.3366438711935,0.566176470588235,1.02187430971614
0.1,100,FALSE,11,"original_size",136,-0.233987604893218,-0.00383034857890746,64.3366438711935,0.110294117647059,0.137347609264271
0.1,100,FALSE,11,"capped_safeguard",136,-0.0138350078783797,-0.0671331873999192,64.3366438711935,0.132352941176471,0.276066076689694
0.1,100,FALSE,12,"point",122,0.00126943334532406,-0.00449246171211934,57.0536937073195,0,0.212597528910708
0.1,100,FALSE,12,"safeguard",122,1.00125197188985,0.995676099047598,57.0536937073195,0.450819672131148,0.989787367152743
0.1,100,FALSE,12,"original_size",122,-0.344812737631021,-0.00450072223812553,57.0536937073195,0.10655737704918,0.142704319103148
0.1,100,FALSE,12,"capped_safeguard",122,-0.0179105702558963,-0.0928515354468241,57.0536937073195,0.122950819672131,0.311448340507024
0.1,100,FALSE,13,"point",124,-0.00666578857861262,-0.0155145543495719,62.1668260527544,0,0.206916494564782
0.1,100,FALSE,13,"safeguard",124,0.993371165981577,0.984695973762321,62.1668260527544,0.5,0.999078782518977
0.1,100,FALSE,13,"original_size",124,-0.385127653961475,-0.0153615175668275,62.1668260527544,0.0645161290322581,0.118992424242424
0.1,100,FALSE,13,"capped_safeguard",124,0.00767535423548113,-0.0995636374192583,62.1668260527544,0.104838709677419,0.275141665788636
0.1,100,FALSE,14,"point",115,-0.00382243839760366,0.00368936203119612,64.215466659016,0,0.219821512447158
0.1,100,FALSE,14,"safeguard",115,0.996458766351563,1.00384768644214,64.215466659016,0.51304347826087,1.00408163265306
0.1,100,FALSE,14,"original_size",115,-0.393930222232455,0.00358454020055458,64.215466659016,0.121739130434783,0.138759689922481
0.1,100,FALSE,14,"capped_safeguard",115,-0.0241112822024469,-0.186889828565991,64.215466659016,0.0695652173913043,0.280112044817927
0.1,100,FALSE,15,"point",122,0.00777598043194479,0.0148542783026717,56.0909193857086,0,0.201747750495653
0.1,100,FALSE,15,"safeguard",122,1.00765623716557,1.01463711470244,56.0909193857086,0.491803278688525,0.980357652213352
0.1,100,FALSE,15,"original_size",122,-0.369606011609322,0.0140680980406725,56.0909193857086,0.0491803278688525,0.131086580463704
0.1,100,FALSE,15,"capped_safeguard",122,-0.0191873347435989,-0.214866844377801,56.0909193857086,0.0737704918032787,0.297492953788248
0.1,100,FALSE,16,"point",117,0.0148186447118634,0.0136570197398627,63.4761902566481,0,0.226306306306306
0.1,100,FALSE,16,"safeguard",117,1.01485264034609,1.01369413535282,63.4761902566481,0.538461538461538,1.00558454637004
0.1,100,FALSE,16,"original_size",117,-0.258001055550656,0.0136884300038528,63.4761902566481,0.0598290598290598,0.164335664335664
0.1,100,FALSE,16,"capped_safeguard",117,-0.00412334410138437,-0.0795074758400568,63.4761902566481,0.170940170940171,0.311720698254364
0.1,100,FALSE,17,"point",123,-0.00789343794734899,-0.0019089526566671,53.1371654270087,0,0.217989712220214
0.1,100,FALSE,17,"safeguard",123,0.992229797083659,0.99814215430393,53.1371654270087,0.520325203252033,1.00384615384615
0.1,100,FALSE,17,"original_size",123,-0.313337420196176,-0.00173705130480542,53.1371654270087,0.105691056910569,0.155172413793103
0.1,100,FALSE,17,"capped_safeguard",123,0.00162155489258583,-0.108314109064485,53.1371654270087,0.138211382113821,0.330906684315023
0.1,100,FALSE,18,"point",110,-0.0164789482745353,-0.0337417690783834,70.0018478644539,0,0.209555822328932
0.1,100,FALSE,18,"safeguard",110,0.983439990356994,0.966327598961657,70.0018478644539,0.472727272727273,0.988548971220094
0.1,100,FALSE,18,"original_size",110,-0.331941516258415,-0.0334888034339682,70.0018478644539,0.0727272727272727,0.128830454982458
0.1,100,FALSE,18,"capped_safeguard",110,-0.0109443573438297,-0.0890172477497624,70.0018478644539,0.0818181818181818,0.278814622046525
0.1,100,FALSE,19,"point",121,-0.00943112348381776,-0.0035339789637574,62.5196571764892,0,0.215434083601286
0.1,100,FALSE,19,"safeguard",121,0.99077600888558,0.996857410621227,62.5196571764892,0.487603305785124,0.992045956694653
0.1,100,FALSE,19,"original_size",121,-0.275170032479786,-0.00335975566800843,62.5196571764892,0.0661157024793388,0.139967373572594
0.1,100,FALSE,19,"capped_safeguard",121,-0.0174792025620288,-0.0842784475723577,62.5196571764892,0.0909090909090909,0.283607487237663
0.1,100,FALSE,20,"point",128,-0.00209162053389675,-0.000302936781380003,63.2322290489849,0,0.246928339471704
0.1,100,FALSE,20,"safeguard",128,0.997861122688498,0.99960399124784,63.2322290489849,0.5703125,1.02545778829331
0.1,100,FALSE,20,"original_size",128,-0.276002869729939,-0.000382324569519585,63.2322290489849,0.078125,0.167432030668203
0.1,100,FALSE,20,"capped_safeguard",128,-0.0106254094021471,-0.0681770278159014,63.2322290489849,0.1484375,0.371570290277557
0.1,100,FALSE,21,"point",126,-0.00220971569463197,0.000269189824499871,63.2082656370329,0,0.259123853093115
0.1,100,FALSE,21,"safeguard",126,0.997649146675647,1.00006856503407,63.2082656370329,0.492063492063492,0.997953075431676
0.1,100,FALSE,21,"original_size",126,-0.335768068987644,5.05338045643976e-05,63.2082656370329,0.119047619047619,0.211297518999768
0.1,100,FALSE,21,"capped_safeguard",126,-0.0191195490847837,-0.105895008048262,63.2082656370329,0.0952380952380952,0.33138251732127
0.1,100,FALSE,22,"point",129,-0.0103116956826429,-0.0211901826012068,73.0945615953197,0,0.228703703703704
0.1,100,FALSE,22,"safeguard",129,0.989644707601864,0.978801322865653,73.0945615953197,0.542635658914729,1.02322613578356
0.1,100,FALSE,22,"original_size",129,-0.236288544195174,-0.0213910091433779,73.0945615953197,0.108527131782946,0.15625
0.1,100,FALSE,22,"capped_safeguard",129,-0.0279417035342797,-0.0664933601431478,73.0945615953197,0.13953488372093,0.310366232153942
0.1,100,FALSE,23,"point",120,-0.024514558104573,-0.022404278731325,60.6820944155302,0,0.246797087729748
0.1,100,FALSE,23,"safeguard",120,0.975550341439463,0.977664762426307,60.6820944155302,0.566666666666667,1.01804210690813
0.1,100,FALSE,23,"original_size",120,-0.352581490795897,-0.0225405649060013,60.6820944155302,0.1,0.174772241782551
0.1,100,FALSE,23,"capped_safeguard",120,-0.0211053215289679,-0.105279474308787,60.6820944155302,0.15,0.40332049863424
0.1,100,FALSE,24,"point",126,0.0123906041642142,0.0226289756930828,66.8767195697874,0,0.249048857511202
0.1,100,FALSE,24,"safeguard",126,1.01249447265986,1.02246325455256,66.8767195697874,0.5,0.999420625724218
0.1,100,FALSE,24,"original_size",126,-0.382395574780775,0.0234208419923208,66.8767195697874,0.103174603174603,0.185620456214245
0.1,100,FALSE,24,"capped_safeguard",126,0.00780745525578402,-0.132442870443542,66.8767195697874,0.111111111111111,0.370147818113498
0.1,100,FALSE,25,"point",133,-0.0254707398631241,-0.0436281983835079,58.4505904982024,0,0.251523545706371
0.1,100,FALSE,25,"safeguard",133,0.974563752264793,0.956363441770886,58.4505904982024,0.458646616541353,0.987525987525988
0.1,100,FALSE,25,"original_size",133,-0.356344168997983,-0.0438337194940283,58.4505904982024,0.0977443609022556,0.180665610142631
0.1,100,FALSE,25,"capped_safeguard",133,-0.028981385930395,-0.149552422450522,58.4505904982024,0.0827067669172932,0.348432055749129
0.1,100,FALSE,26,"point",133,0.00516637141310374,0.00996301134921257,58.2594259150998,0,0.244365361803084
0.1,100,FALSE,26,"safeguard",133,1.00521735092472,1.0098734116806,58.2594259150998,0.526315789473684,1.00585994726047
0.1,100,FALSE,26,"original_size",133,-0.237958060021523,0.00989259542004736,58.2594259150998,0.0827067669172932,0.172004744958482
0.1,100,FALSE,26,"capped_safeguard",133,-0.0285932445898383,-0.093008875240265,58.2594259150998,0.120300751879699,0.364431486880466
0.1,100,FALSE,27,"point",130,-0.0100586442495987,-0.0131022974468961,55.7385924263519,0,0.215086111596078
0.1,100,FALSE,27,"safeguard",130,0.989980764808767,0.986823678225544,55.7385924263519,0.523076923076923,1.00493553345902
0.1,100,FALSE,27,"original_size",130,-0.38020979786661,-0.013389207998031,55.7385924263519,0.138461538461538,0.146689920990231
0.1,100,FALSE,27,"capped_safeguard",130,-0.0237804391750807,-0.103359635489894,55.7385924263519,0.123076923076923,0.305593110196521
0.1,100,FALSE,28,"point",120,-0.0198462226940445,-0.0112555201664689,58.5046478233966,0,0.218552788223358
0.1,100,FALSE,28,"safeguard",120,0.980228333779022,0.988717817833099,58.5046478233966,0.491666666666667,0.993736619033693
0.1,100,FALSE,28,"original_size",120,-0.411892047205789,-0.0109919800222319,58.5046478233966,0.0666666666666667,0.122026540619273
0.1,100,FALSE,28,"capped_safeguard",120,-0.0132180947833247,-0.114864874559651,58.5046478233966,0.158333333333333,0.364838560600736
0.1,100,FALSE,29,"point",122,-3.51351137144673e-05,-0.00685932220049078,57.9158803547798,0,0.220996674908347
0.1,100,FALSE,29,"safeguard",122,1.00001153402677,0.992969676375218,57.9158803547798,0.524590163934426,1.01358455068614
0.1,100,FALSE,29,"original_size",122,-0.433607409607709,-0.00696166403682834,57.9158803547798,0.10655737704918,0.146101034554499
0.1,100,FALSE,29,"capped_safeguard",122,0.0126759624266842,-0.105340449004884,57.9158803547798,0.131147540983607,0.337279215774065
0.1,100,FALSE,30,"point",137,-0.0171090676043766,-0.0153343639383969,64.0139704932243,0,0.219058686809994
0.1,100,FALSE,30,"safeguard",137,0.982995419496895,0.984985817907844,64.0139704932243,0.481751824817518,0.996450458944566
0.1,100,FALSE,30,"original_size",137,-0.351879027643166,-0.0149938585553551,64.0139704932243,0.0510948905109489,0.138582219639744
0.1,100,FALSE,30,"capped_safeguard",137,-0.0197886530652508,-0.132033510244474,64.0139704932243,0.0802919708029197,0.246791707798618
0.1,100,FALSE,31,"point",126,-0.0202844710680461,-0.0156113616146419,58.9676060801013,0,0.228237279961418
0.1,100,FALSE,31,"safeguard",126,0.979706144758091,0.984201586204465,58.9676060801013,0.412698412698413,0.953301751363767
0.1,100,FALSE,31,"original_size",126,-0.325174066543355,-0.0163245647841399,58.9676060801013,0.0793650793650794,0.162217563672327
0.1,100,FALSE,31,"capped_safeguard",126,0.0108092943898639,-0.0984752773335333,58.9676060801013,0.103174603174603,0.421058678028219
0.1,100,FALSE,32,"point",131,-0.0145905418792431,-0.00646874883079249,63.2602639462149,0,0.232539682539683
0.1,100,FALSE,32,"safeguard",131,0.98538827516631,0.993454258320178,63.2602639462149,0.480916030534351,0.992
0.1,100,FALSE,32,"original_size",131,-0.298256001280919,-0.00677582988861426,63.2602639462149,0.099236641221374,0.15952380952381
0.1,100,FALSE,32,"capped_safeguard",131,-0.0237477137376604,-0.0756169303476399,63.2602639462149,0.0916030534351145,0.276548672566372
0.1,100,FALSE,33,"point",132,0.0047529717869439,-0.00593142740549024,61.342585438504,0,0.213298298713324
0.1,100,FALSE,33,"safeguard",132,1.00477014137931,0.994145284847271,61.342585438504,0.424242424242424,0.968613115323725
0.1,100,FALSE,33,"original_size",132,-0.341145745590135,-0.00583030794751493,61.342585438504,0.0606060606060606,0.147385559814278
0.1,100,FALSE,33,"capped_safeguard",132,-0.0140028067602784,-0.137830385510148,61.342585438504,0.0606060606060606,0.281411890885543
0.1,100,FALSE,34,"point",125,0.00299232892008943,0.00419428556276629,53.8719721169432,0,0.229273285568066
0.1,100,FALSE,34,"safeguard",125,1.00307210429591,1.00414732478198,53.8719721169432,0.48,0.993418773813647
0.1,100,FALSE,34,"original_size",125,-0.19937811264207,0.00420130732158093,53.8719721169432,0.096,0.153310104529617
0.1,100,FALSE,34,"capped_safeguard",125,-0.00705162428297068,-0.0402422279460478,53.8719721169432,0.112,0.37821482602118
0.1,100,FALSE,35,"point",117,-0.00209268297501261,0.00964921183504117,58.6144909646342,0,0.30253807106599
0.1,100,FALSE,35,"safeguard",117,0.997870242975517,1.00986637034315,58.6144909646342,0.606837606837607,1.0371318822023
0.1,100,FALSE,35,"original_size",117,-0.394792260692789,0.0103714939969213,58.6144909646342,0.136752136752137,0.257620452310718
0.1,100,FALSE,35,"capped_safeguard",117,-0.0152941243042971,-0.119833494560047,58.6144909646342,0.170940170940171,0.462107208872458
0.1,100,FALSE,36,"point",118,-0.00682212057629973,0.00283481868806747,57.2268966059641,0,0.24566600809688
0.1,100,FALSE,36,"safeguard",118,0.993197629831051,1.00283124276406,57.2268966059641,0.466101694915254,0.990990115738785
0.1,100,FALSE,36,"original_size",118,-0.242356668352198,0.00308997302413549,57.2268966059641,0.11864406779661,0.191763853002303
0.1,100,FALSE,36,"capped_safeguard",118,-0.00663874865248557,-0.0397388051709864,57.2268966059641,0.11864406779661,0.423370025402202
0.1,100,FALSE,37,"point",120,-0.0192590020870711,-0.0318340753662469,60.0080260766626,0,0.250081427920005
0.1,100,FALSE,37,"safeguard",120,0.98076585010711,0.968286673990241,60.0080260766626,0.491666666666667,0.997288598851259
0.1,100,FALSE,37,"original_size",120,-0.288694422844858,-0.0315011775888991,60.0080260766626,0.05,0.175765714753403
0.1,100,FALSE,37,"capped_safeguard",120,-0.0131894971661474,-0.0920352046116366,60.0080260766626,0.108333333333333,0.365324439591242
0.1,100,FALSE,38,"point",135,0.000538114680318909,-0.0186623170802321,62.8875703138986,0,0.241509433962264
0.1,100,FALSE,38,"safeguard",135,1.00074448919568,0.981679768381526,62.8875703138986,0.422222222222222,0.977073406532698
0.1,100,FALSE,38,"original_size",135,-0.432244794334085,-0.0179281338617506,62.8875703138986,0.0888888888888889,0.172330097087379
0.1,100,FALSE,38,"capped_safeguard",135,-0.010090698629682,-0.128665850369022,62.8875703138986,0.0740740740740741,0.357653791130186
0.1,100,FALSE,39,"point",115,0.0130701254357262,0.0698915765222028,56.5108383889405,0,0.241489361702128
0.1,100,FALSE,39,"safeguard",115,1.01307016655679,1.06947933243638,56.5108383889405,0.48695652173913,0.98989898989899
0.1,100,FALSE,39,"original_size",115,-0.523891003825873,0.069030766300049,56.5108383889405,0.0956521739130435,0.170658682634731
0.1,100,FALSE,39,"capped_safeguard",115,0.0270531684365921,-0.23708347349013,56.5108383889405,0.130434782608696,0.411861614497529
0.1,100,FALSE,40,"point",127,0.00487084114222951,0.010825955492759,62.4340972361654,0,0.270668176670442
0.1,100,FALSE,40,"safeguard",127,1.00472599670838,1.0102958912845,62.4340972361654,0.448818897637795,0.990533562822719
0.1,100,FALSE,40,"original_size",127,-0.458698305360204,0.0104175156070571,62.4340972361654,0.102362204724409,0.22083805209513
0.1,100,FALSE,40,"capped_safeguard",127,-0.0272856359528719,-0.213519586071624,62.4340972361654,0.0866141732283465,0.419111483654652
0.1,100,FALSE,41,"point",116,-0.0121038727031716,0.00413313928746458,60.6937404138453,0,0.255103329324282
0.1,100,FALSE,41,"safeguard",116,0.987912175296668,1.0043241366008,60.6937404138453,0.525862068965517,1.01284058009627
0.1,100,FALSE,41,"original_size",116,-0.35564252348208,0.00371772301486622,60.6937404138453,0.112068965517241,0.17799039084242
0.1,100,FALSE,41,"capped_safeguard",116,0.00316286149278533,-0.0796309111394913,60.6937404138453,0.155172413793103,0.471262530744164
0.1,100,FALSE,42,"point",133,0.00056498637784177,-0.00342561852183669,60.109388600684,0,0.211521152115212
0.1,100,FALSE,42,"safeguard",133,1.00059271694687,0.996771370761101,60.109388600684,0.488721804511278,0.992673992673993
0.1,100,FALSE,42,"original_size",133,-0.240090276455665,-0.00330125311888557,60.109388600684,0.0451127819548872,0.132505175983437
0.1,100,FALSE,42,"capped_safeguard",133,-0.0163840430033797,-0.0627973331329849,60.109388600684,0.0902255639097744,0.307881773399015
0.1,100,FALSE,43,"point",124,-0.0117451905493775,-0.010927322449354,58.346593344083,0,0.258146883328818
0.1,100,FALSE,43,"safeguard",124,0.988206939859001,0.98905689122118,58.346593344083,0.516129032258065,1.00505053289737
0.1,100,FALSE,43,"original_size",124,-0.331772656766436,-0.01080353165567,58.346593344083,0.0887096774193548,0.175952832307113
0.1,100,FALSE,43,"capped_safeguard",124,-0.0280459197368837,-0.105969772655968,58.346593344083,0.104838709677419,0.344115785843934
0.1,100,FALSE,44,"point",117,0.011094824116683,0.0129838925568784,63.5835939498078,0,0.20709219858156
0.1,100,FALSE,44,"safeguard",117,1.01096631463734,1.013033604505,63.5835939498078,0.555555555555556,1.01895214400702
0.1,100,FALSE,44,"original_size",117,-0.343881815691937,0.0130515370194079,63.5835939498078,0.0598290598290598,0.134423897581792
0.1,100,FALSE,44,"capped_safeguard",117,0.000432144261260885,-0.0374430735840055,63.5835939498078,0.111111111111111,0.357142857142857
0.1,100,FALSE,45,"point",127,0.00814898401027372,0.0102607657152313,57.2705924985385,0,0.221757322175732
0.1,100,FALSE,45,"safeguard",127,1.00809883846278,1.01024468019701,57.2705924985385,0.519685039370079,1.00698045333364
0.1,100,FALSE,45,"original_size",127,-0.301199732321897,0.0100052929009195,57.2705924985385,0.0708661417322835,0.156739811912226
0.1,100,FALSE,45,"capped_safeguard",127,0.0032993323573483,-0.0766393433519167,57.2705924985385,0.118110236220472,0.329380764163373
0.1,100,FALSE,46,"point",110,0.000385248784744187,0.0155669498321674,63.848718191551,0,0.241944478490011
0.1,100,FALSE,46,"safeguard",110,1.00055874407201,1.01561542595822,63.848718191551,0.554545454545455,1.01844297127316
0.1,100,FALSE,46,"original_size",110,-0.273885597750828,0.015463273618453,63.848718191551,0.127272727272727,0.176623944217735
0.1,100,FALSE,46,"capped_safeguard",110,-0.0350480119172647,-0.093215185514366,63.848718191551,0.163636363636364,0.364581838056017
0.1,100,FALSE,47,"point",125,-0.0133952725956902,-0.0124361448737296,58.1329553842358,0,0.257343550446999
0.1,100,FALSE,47,"safeguard",125,0.986620884012874,0.988015373544146,58.1329553842358,0.552,1.02358749314317
0.1,100,FALSE,47,"original_size",125,-0.4845338994737,-0.0117430616027373,58.1329553842358,0.088,0.18007662835249
0.1,100,FALSE,47,"capped_safeguard",125,-0.0407386015968717,-0.202210827214227,58.1329553842358,0.104,0.379939209726444
0.1,100,FALSE,48,"point",123,-0.00190304135248718,-0.0163879244930768,70.9861213528813,0,0.216509775524982
0.1,100,FALSE,48,"safeguard",123,0.998050345857577,0.98349800674814,70.9861213528813,0.552845528455285,1.01216545012165
0.1,100,FALSE,48,"original_size",123,-0.386595704976229,-0.016462933645403,70.9861213528813,0.0650406504065041,0.127450980392157
0.1,100,FALSE,48,"capped_safeguard",123,-0.00955379853147805,-0.0869191082536513,70.9861213528813,0.113821138211382,0.272479564032698
0.1,100,FALSE,49,"point",119,0.00702429533613114,-0.00564367350139342,60.6155713348805,0,0.207831325301205
0.1,100,FALSE,49,"safeguard",119,1.00699864391742,0.994219967941417,60.6155713348805,0.504201680672269,1
0.1,100,FALSE,49,"original_size",119,-0.370908888925161,-0.00560898017248648,60.6155713348805,0.109243697478992,0.125925925925926
0.1,100,FALSE,49,"capped_safeguard",119,-0.0141317695144972,-0.106354822148333,60.6155713348805,0.109243697478992,0.296208530805687
0.1,100,FALSE,50,"point",122,0.00201960774905536,-0.00791254896030114,64.7652748951649,0,0.247240217572131
0.1,100,FALSE,50,"safeguard",122,1.00194313506217,0.992012879343416,64.7652748951649,0.483606557377049,0.988967611336032
0.1,100,FALSE,50,"original_size",122,-0.31472783426176,-0.00754750026782437,64.7652748951649,0.0573770491803279,0.189748601851724
0.1,100,FALSE,50,"capped_safeguard",122,-0.00917453467086673,-0.10167271313739,64.7652748951649,0.131147540983607,0.392452597882295
0.1,100,FALSE,51,"point",114,0.00124250198169988,-0.0160989905413911,58.5112859758574,0,0.244208608293115
0.1,100,FALSE,51,"safeguard",114,1.0009479194563,0.983914925530008,58.5112859758574,0.543859649122807,1.00866111823772
0.1,100,FALSE,51,"original_size",114,-0.37177901385674,-0.0166409768603243,58.5112859758574,0.12280701754386,0.179440600335605
0.1,100,FALSE,51,"capped_safeguard",114,-0.0299788277539388,-0.169318014725803,58.5112859758574,0.166666666666667,0.426050659055045
0.1,100,FALSE,52,"point",122,-0.00351687327448974,0.00217997187529542,59.7939867176049,0,0.240242461027345
0.1,100,FALSE,52,"safeguard",122,0.996498960618986,1.00221448963054,59.7939867176049,0.483606557377049,0.982534244267917
0.1,100,FALSE,52,"original_size",122,-0.278794524558468,0.00230941269960304,59.7939867176049,0.0819672131147541,0.181649831649832
0.1,100,FALSE,52,"capped_safeguard",122,-0.0214142788004775,-0.0952320387129116,59.7939867176049,0.114754098360656,0.426258698693606
0.1,100,FALSE,53,"point",122,-0.0187487616570522,-0.0174671717294379,65.9456650791047,0,0.250300128304286
0.1,100,FALSE,53,"safeguard",122,0.981192220361244,0.982688260611873,65.9456650791047,0.598360655737705,1.02363869943007
0.1,100,FALSE,53,"original_size",122,-0.471790733788321,-0.0172595440215849,65.9456650791047,0.0983606557377049,0.189556018535149
0.1,100,FALSE,53,"capped_safeguard",122,-0.00043297812781163,-0.163140728493786,65.9456650791047,0.155737704918033,0.378319597069597
0.1,100,FALSE,54,"point",121,0.00285931954696858,0.000398228232141273,58.7218509091781,0,0.176335877862595
0.1,100,FALSE,54,"safeguard",121,1.0028159325234,1.0004140951521,58.7218509091781,0.586776859504132,1.02608695652174
0.1,100,FALSE,54,"original_size",121,-0.40409988138911,0.000208323474880354,58.7218509091781,0.140495867768595,0.0961832061068702
0.1,100,FALSE,54,"capped_safeguard",121,0.01835524574226,-0.0652832481624729,58.7218509091781,0.140495867768595,0.220070422535211
0.1,100,FALSE,55,"point",116,-0.0049671857599947,-0.00316080668265192,57.9576531582276,0,0.250514403292181
0.1,100,FALSE,55,"safeguard",116,0.995106937371567,0.997207559674374,57.9576531582276,0.439655172413793,0.984729265023023
0.1,100,FALSE,55,"original_size",116,-0.335148313715081,-0.00312104504914097,57.9576531582276,0.0689655172413793,0.19108005521049
0.1,100,FALSE,55,"capped_safeguard",116,-0.0133027445140119,-0.151128147379852,57.9576531582276,0.0862068965517241,0.379961149261212
0.1,100,FALSE,56,"point",121,-0.0158059692452579,-0.0227836844299916,54.7938683430447,0,0.232649620679966
0.1,100,FALSE,56,"safeguard",121,0.984154417058174,0.977408244891123,54.7938683430447,0.495867768595041,0.994583114124822
0.1,100,FALSE,56,"original_size",121,-0.361756191186151,-0.0225326602364994,54.7938683430447,0.0743801652892562,0.152451708766716
0.1,100,FALSE,56,"capped_safeguard",121,-0.0131872128853769,-0.141727925008768,54.7938683430447,0.12396694214876,0.32488628979857
0.1,100,FALSE,57,"point",121,-0.000342386169377339,0.024358135367194,57.5832285633451,0,0.250777202072539
0.1,100,FALSE,57,"safeguard",121,0.999620120632017,1.0242870835065,57.5832285633451,0.40495867768595,0.958806818181818
0.1,100,FALSE,57,"original_size",121,-0.323703508410327,0.0242728179764875,57.5832285633451,0.0991735537190083,0.228346456692913
0.1,100,FALSE,57,"capped_safeguard",121,-0.0247757653792138,-0.100775132649036,57.5832285633451,0.115702479338843,0.423728813559322
0.1,100,FALSE,58,"point",121,0.0181791173497376,0.00986409769699752,65.943695362629,0,0.246885617214043
0.1,100,FALSE,58,"safeguard",121,1.01790065579545,1.00969670525732,65.943695362629,0.43801652892562,0.970588235294118
0.1,100,FALSE,58,"original_size",121,-0.314811547282128,0.00983601953705414,65.943695362629,0.0578512396694215,0.1927119831815
0.1,100,FALSE,58,"capped_safeguard",121,-0.0182632597532202,-0.124685608600668,65.943695362629,0.12396694214876,0.373412994772218
0.1,100,FALSE,59,"point",117,0.00619971320665258,0.0111223121588957,74.09851676218,0,0.220238095238095
0.1,100,FALSE,59,"safeguard",117,1.00616919547443,1.01112609821482,74.09851676218,0.547008547008547,1.02447353443369
0.1,100,FALSE,59,"original_size",117,-0.225293828157643,0.0113412984855086,74.09851676218,0.0769230769230769,0.149166291122127
0.1,100,FALSE,59,"capped_safeguard",117,-0.0304450589176451,-0.0752427433919007,74.09851676218,0.094017094017094,0.339904826648538
0.1,100,FALSE,60,"point",111,0.0046371488078669,0.012044068841524,59.1285435261403,0,0.232118758434548
0.1,100,FALSE,60,"safeguard",111,1.00455762774008,1.01151729687871,59.1285435261403,0.522522522522523,1.00231481481481
0.1,100,FALSE,60,"original_size",111,-0.336340546655736,0.0117456609755353,59.1285435261403,0.036036036036036,0.165618448637317
0.1,100,FALSE,60,"capped_safeguard",111,-0.0475374035982184,-0.126271013016244,59.1285435261403,0.0990990990990991,0.415973377703827
0.1,100,FALSE,61,"point",121,0.00815482734526859,0.00515504815964618,59.6467316180638,0,0.223880597014925
0.1,100,FALSE,61,"safeguard",121,1.00812271129998,1.00521027643142,59.6467316180638,0.471074380165289,0.98167247022752
0.1,100,FALSE,61,"original_size",121,-0.390002463304218,0.00568479883551766,59.6467316180638,0.132231404958678,0.146297948260482
0.1,100,FALSE,61,"capped_safeguard",121,-0.00377191704294452,-0.156489527575771,59.6467316180638,0.107438016528926,0.357398141529664
0.1,100,FALSE,62,"point",122,-0.00114895435620016,-0.000271607826107063,54.5064658608355,0,0.213850174216028
0.1,100,FALSE,62,"safeguard",122,0.99878805457151,0.99984475801951,54.5064658608355,0.573770491803279,1.0154872387766
0.1,100,FALSE,62,"original_size",122,-0.432748664575907,-0.000412158750283979,54.5064658608355,0.0901639344262295,0.142365376056965
0.1,100,FALSE,62,"capped_safeguard",122,-0.0252792404709789,-0.140857281151368,54.5064658608355,0.172131147540984,0.267986781616624
0.1,100,FALSE,63,"point",122,-0.016765235158525,-0.0292136004680344,60.24522424479,0,0.23037231846061
0.1,100,FALSE,63,"safeguard",122,0.983268355938505,0.970800117773828,60.24522424479,0.450819672131148,0.966706196703153
0.1,100,FALSE,63,"original_size",122,-0.378321978186694,-0.0292909820568252,60.24522424479,0.0819672131147541,0.159357376494473
0.1,100,FALSE,63,"capped_safeguard",122,-0.0168370751910957,-0.109489982163238,60.24522424479,0.0901639344262295,0.368731763957286
0.1,100,FALSE,64,"point",121,0.00278098815610879,0.013442536013812,57.2513996852966,0,0.262458471760797
0.1,100,FALSE,64,"safeguard",121,1.00261904606093,1.01316525303632,57.2513996852966,0.520661157024793,1.00533437418683
0.1,100,FALSE,64,"original_size",121,-0.37809613216051,0.0132167615469918,57.2513996852966,0.0826446280991736,0.196062346185398
0.1,100,FALSE,64,"capped_safeguard",121,-0.0159803497318863,-0.104878432614959,57.2513996852966,0.0909090909090909,0.403551251008878
0.1,100,FALSE,65,"point",122,-0.014229221008665,-0.00534246364166322,63.4729146085054,0,0.250023541888157
0.1,100,FALSE,65,"safeguard",122,0.985755968944679,0.993985452779985,63.4729146085054,0.557377049180328,1.02062922227488
0.1,100,FALSE,65,"original_size",122,-0.451105783213491,-0.00589399511406467,63.4729146085054,0.0655737704918033,0.176333112069919
0.1,100,FALSE,65,"capped_safeguard",122,-0.0313755413423349,-0.173751494633425,63.4729146085054,0.0983606557377049,0.342156697714435
0.1,100,FALSE,66,"point",117,-0.0183962723042219,-0.0628841028693539,54.2593445697436,0,0.278743961352657
0.1,100,FALSE,66,"safeguard",117,0.982068337963747,0.937758881530172,54.2593445697436,0.572649572649573,1.03076923076923
0.1,100,FALSE,66,"original_size",117,-0.494015118925113,-0.06177991053645,54.2593445697436,0.0598290598290598,0.244558991981672
0.1,100,FALSE,66,"capped_safeguard",117,-0.045183827956895,-0.18004808514427,54.2593445697436,0.11965811965812,0.460405156537753
0.1,100,FALSE,67,"point",109,-0.0217584940353871,-0.0221770339153932,64.8060742417092,0,0.239700374531835
0.1,100,FALSE,67,"safeguard",109,0.97821635669552,0.977868216472908,64.8060742417092,0.513761467889908,1.00140056022409
0.1,100,FALSE,67,"original_size",109,-0.280298393091604,-0.0223825609917004,64.8060742417092,0.0642201834862385,0.175632911392405
0.1,100,FALSE,67,"capped_safeguard",109,-0.00826265000382901,-0.0739708421674327,64.8060742417092,0.146788990825688,0.32258064516129
0.1,100,FALSE,68,"point",125,-3.9053141058855e-05,-0.00150366563936805,67.4008814027486,0,0.236868186323092
0.1,100,FALSE,68,"safeguard",125,0.99996357151914,0.998561631489083,67.4008814027486,0.544,1.01254422643937
0.1,100,FALSE,68,"original_size",125,-0.37861691970668,-0.00128706166007826,67.4008814027486,0.072,0.165932452276065
0.1,100,FALSE,68,"capped_safeguard",125,-0.0120652975654661,-0.0656845700505359,67.4008814027486,0.112,0.356633380884451
0.1,100,FALSE,69,"point",113,-0.0018734822657529,0.00232807387633115,60.3812695997397,0,0.241079199303742
0.1,100,FALSE,69,"safeguard",113,0.998146136857768,1.00252752349918,60.3812695997397,0.486725663716814,0.992469879518072
0.1,100,FALSE,69,"original_size",113,-0.307016629870332,0.00288916307887796,60.3812695997397,0.0973451327433628,0.161904761904762
0.1,100,FALSE,69,"capped_safeguard",113,-0.0085011391666881,-0.0768687375376003,60.3812695997397,0.115044247787611,0.377928949357521
0.1,100,FALSE,70,"point",119,-0.00175331933672487,0.0066087006779762,67.8001020282034,0,0.195254373617535
0.1,100,FALSE,70,"safeguard",119,0.998175978631471,1.00659602188525,67.8001020282034,0.478991596638655,0.996830427892235
0.1,100,FALSE,70,"original_size",119,-0.263719983443188,0.00643977057042946,67.8001020282034,0.0756302521008403,0.108670520231214
0.1,100,FALSE,70,"capped_safeguard",119,-0.0285586291703377,-0.113271694347179,67.8001020282034,0.117647058823529,0.289017341040462
0.1,100,FALSE,71,"point",121,0.011892315157101,0.00573994629630764,57.0685180170603,0,0.209230769230769
0.1,100,FALSE,71,"safeguard",121,1.01194461694724,1.00588207877102,57.0685180170603,0.495867768595041,0.997271487039563
0.1,100,FALSE,71,"original_size",121,-0.350218466686135,0.00547857434267325,57.0685180170603,0.115702479338843,0.143494423791822
0.1,100,FALSE,71,"capped_safeguard",121,-0.017822393041326,-0.11621170361253,57.0685180170603,0.0991735537190083,0.337154416722859
0.1,100,FALSE,72,"point",128,0.00325428929581884,-0.00693018437599996,62.786251282149,0,0.232358999106048
0.1,100,FALSE,72,"safeguard",128,1.00344536689982,0.993229095139823,62.786251282149,0.5234375,1.0014619993932
0.1,100,FALSE,72,"original_size",128,-0.268901392988328,-0.0062238815019861,62.786251282149,0.0546875,0.161637375163283
0.1,100,FALSE,72,"capped_safeguard",128,-0.00794335452190723,-0.0834380061934452,62.786251282149,0.09375,0.36010311631188
0.1,100,FALSE,73,"point",136,0.0104549955529192,0.0313603894051133,64.0256427858268,0,0.265310719683758
0.1,100,FALSE,73,"safeguard",136,1.01031344589718,1.03155809559024,64.0256427858268,0.602941176470588,1.02991071428571
0.1,100,FALSE,73,"original_size",136,-0.348045510693471,0.0314253260505025,64.0256427858268,0.0735294117647059,0.212670403873105
0.1,100,FALSE,73,"capped_safeguard",136,-0.0261338570515157,-0.143619212568715,64.0256427858268,0.169117647058824,0.410677687333115
0.1,100,FALSE,74,"point",110,0.00704822548794935,0.00855733010765008,63.984359853932,0,0.229242976577678
0.1,100,FALSE,74,"safeguard",110,1.00706883235549,1.00851164129613,63.984359853932,0.481818181818182,0.992293979378185
0.1,100,FALSE,74,"original_size",110,-0.240414620453693,0.00863369585955514,63.984359853932,0.0545454545454545,0.158529792488893
0.1,100,FALSE,74,"capped_safeguard",110,-0.0123955080086639,-0.0644445604793753,63.984359853932,0.0545454545454545,0.328840940037406
0.1,100,FALSE,75,"point",119,0.00729830653843467,-0.0167678680925909,56.92365938207,0,0.261038961038961
0.1,100,FALSE,75,"safeguard",119,1.00748087604953,0.983181839262447,56.92365938207,0.478991596638655,0.987775061124694
0.1,100,FALSE,75,"original_size",119,-0.3113080708177,-0.0170097580365703,56.92365938207,0.0840336134453782,0.222222222222222
0.1,100,FALSE,75,"capped_safeguard",119,-0.00669932029361576,-0.0948571775994944,56.92365938207,0.134453781512605,0.432525951557093
0.1,100,FALSE,76,"point",112,-0.000911067328555787,0.000167981401906607,57.8992473858655,0,0.200692230915355
0.1,100,FALSE,76,"safeguard",112,0.99903627847399,1.00025953388259,57.8992473858655,0.5,0.996984974322389
0.1,100,FALSE,76,"original_size",112,-0.315667359212775,0.000118308733591445,57.8992473858655,0.0625,0.134167793365734
0.1,100,FALSE,76,"capped_safeguard",112,-0.00718449021232643,-0.0951599740938205,57.8992473858655,0.107142857142857,0.340595506550609
0.1,100,FALSE,77,"point",112,-0.0147520249433047,-0.0279113961018574,69.9285214069702,0,0.225502707783131
0.1,100,FALSE,77,"safeguard",112,0.98507249224401,0.972102794500685,69.9285214069702,0.517857142857143,1.00288443351617
0.1,100,FALSE,77,"original_size",112,-0.327868733625035,-0.0282085884586432,69.9285214069702,0.116071428571429,0.148994604389115
0.1,100,FALSE,77,"capped_safeguard",112,-0.0172060934977925,-0.0609919535021445,69.9285214069702,0.0803571428571429,0.285006682915323
0.1,100,FALSE,78,"point",121,0.00637771146095309,0.00660553200273754,71.7870168674606,0,0.247174626321546
0.1,100,FALSE,78,"safeguard",121,1.00639931350159,1.00681938520863,71.7870168674606,0.528925619834711,1.01166605905942
0.1,100,FALSE,78,"original_size",121,-0.314788489273796,0.00657752166610663,71.7870168674606,0.0991735537190083,0.187680461982676
0.1,100,FALSE,78,"capped_safeguard",121,-0.0149096948041995,-0.104414814398134,71.7870168674606,0.0743801652892562,0.326370757180157
0.1,100,FALSE,79,"point",124,-0.00134566900827844,0.00749703719698923,61.3623232081995,0,0.235543223526549
0.1,100,FALSE,79,"safeguard",124,0.998624394940274,1.00737462795913,61.3623232081995,0.491935483870968,0.99916612774486
0.1,100,FALSE,79,"original_size",124,-0.311598952758207,0.00737091450337786,61.3623232081995,0.112903225806452,0.152800986711228
0.1,100,FALSE,79,"capped_safeguard",124,-0.00155045345614226,-0.0736867247588473,61.3623232081995,0.120967741935484,0.302875204775559
0.1,100,FALSE,80,"point",130,-0.0275152002521229,-0.0324575797870393,67.5686674172829,0,0.214474785712781
0.1,100,FALSE,80,"safeguard",130,0.972447468885002,0.967694474614749,67.5686674172829,0.507692307692308,1.00316455696203
0.1,100,FALSE,80,"original_size",130,-0.358739696514603,-0.0322731061554467,67.5686674172829,0.0692307692307692,0.128818662846786
0.1,100,FALSE,80,"capped_safeguard",130,-0.011075854437557,-0.116278816268147,67.5686674172829,0.0846153846153846,0.266845740948319
0.1,100,FALSE,81,"point",122,0.00667153052411072,0.00454153649809931,58.4599996570388,0,0.264975896451179
0.1,100,FALSE,81,"safeguard",122,1.00647655419055,1.00438172197597,58.4599996570388,0.475409836065574,0.991907100771546
0.1,100,FALSE,81,"original_size",122,-0.458988153842424,0.00408627698517392,58.4599996570388,0.0819672131147541,0.204488842741117
0.1,100,FALSE,81,"capped_safeguard",122,-0.0235878541917464,-0.197589966158739,58.4599996570388,0.10655737704918,0.387315492619705
0.1,100,FALSE,82,"point",131,-0.00894698935038002,-0.0150890640163801,57.4879998953262,0,0.218702865761689
0.1,100,FALSE,82,"safeguard",131,0.991042345394731,0.985079114125365,57.4879998953262,0.49618320610687,0.994475138121547
0.1,100,FALSE,82,"original_size",131,-0.29327384891063,-0.0150951193658327,57.4879998953262,0.0687022900763359,0.145046835083735
0.1,100,FALSE,82,"capped_safeguard",131,0.00350002484575175,-0.0819548150862743,57.4879998953262,0.099236641221374,0.473036896877956
0.1,100,FALSE,83,"point",122,-0.004712198520094,0.0160287037151971,56.2493004272218,0,0.214466610387879
0.1,100,FALSE,83,"safeguard",122,0.995243371522242,1.01611344724327,56.2493004272218,0.622950819672131,1.04481474933208
0.1,100,FALSE,83,"original_size",122,-0.364633591584185,0.0159667094959797,56.2493004272218,0.0901639344262295,0.12700894836434
0.1,100,FALSE,83,"capped_safeguard",122,-0.029562049102364,-0.117448551095963,56.2493004272218,0.147540983606557,0.206741208049102
0.1,100,FALSE,84,"point",139,-0.0105459542677861,-0.013402736262358,65.4641719048009,0,0.175257731958763
0.1,100,FALSE,84,"safeguard",139,0.989504935408994,0.98661746054001,65.4641719048009,0.503597122302158,1.01100093216129
0.1,100,FALSE,84,"original_size",139,-0.365069729776221,-0.0132174855164328,65.4641719048009,0.079136690647482,0.0969469737546867
0.1,100,FALSE,84,"capped_safeguard",139,-0.0178571413876903,-0.0972489130848445,65.4641719048009,0.0935251798561151,0.229673863114378
0.1,100,FALSE,85,"point",117,-0.0105620960859146,-0.0135028555235964,60.7375232747814,0,0.268027210884354
0.1,100,FALSE,85,"safeguard",117,0.989514945714313,0.986296800815448,60.7375232747814,0.47008547008547,0.997097444737376
0.1,100,FALSE,85,"original_size",117,-0.355911065313662,-0.0132130505516663,60.7375232747814,0.094017094017094,0.205026455026455
0.1,100,FALSE,85,"capped_safeguard",117,0.00342748837124566,-0.0659896350985462,60.7375232747814,0.11965811965812,0.350140056022409
0.1,100,FALSE,86,"point",130,0.0131526415882774,0.011902552090188,59.0438914826751,0,0.210138640423619
0.1,100,FALSE,86,"safeguard",130,1.01332229908217,1.01218241806791,59.0438914826751,0.446153846153846,0.976493100458607
0.1,100,FALSE,86,"original_size",130,-0.264144251623966,0.0121517884885072,59.0438914826751,0.123076923076923,0.136706109060585
0.1,100,FALSE,86,"capped_safeguard",130,-0.0224401652343459,-0.108890441251161,59.0438914826751,0.1,0.305553533464365
0.1,100,FALSE,87,"point",128,-0.00768523078096464,-0.00158119023899588,64.8119767920039,0,0.29363401164237
0.1,100,FALSE,87,"safeguard",128,0.992266804202805,0.998188892578429,64.8119767920039,0.53125,1.02512354456249
0.1,100,FALSE,87,"original_size",128,-0.432901819444616,-0.00171260271081865,64.8119767920039,0.1328125,0.254471276123929
0.1,100,FALSE,87,"capped_safeguard",128,0.00309873098383008,-0.136889703024826,64.8119767920039,0.15625,0.443263804838177
0.1,100,FALSE,88,"point",124,0.0168633863188087,0.0314998514052522,60.3442926896703,0,0.208901774427887
0.1,100,FALSE,88,"safeguard",124,1.01698045044509,1.03189703840872,60.3442926896703,0.491935483870968,0.993338284116722
0.1,100,FALSE,88,"original_size",124,-0.379784338012248,0.0315000592398177,60.3442926896703,0.0645161290322581,0.13628997496197
0.1,100,FALSE,88,"capped_safeguard",124,0.0160473809861031,-0.180545388526409,60.3442926896703,0.0967741935483871,0.287325152836211
0.1,100,FALSE,89,"point",127,0.0315776433657354,0.0278452087751379,57.689259080914,0,0.216071428571429
0.1,100,FALSE,89,"safeguard",127,1.03157368295499,1.02743214373392,57.689259080914,0.566929133858268,1.02277904328018
0.1,100,FALSE,89,"original_size",127,-0.449875076931165,0.0273500692041035,57.689259080914,0.062992125984252,0.149606299212598
0.1,100,FALSE,89,"capped_safeguard",127,0.0251757939959023,-0.150520884862059,57.689259080914,0.0708661417322835,0.302846759539673
0.1,100,FALSE,90,"point",126,0.0189899574337165,0.0220168124771852,65.9967887227,0,0.231766186274835
0.1,100,FALSE,90,"safeguard",126,1.01907370268254,1.02212130669265,65.9967887227,0.452380952380952,0.987336130622897
0.1,100,FALSE,90,"original_size",126,-0.315118534452752,0.0220704292391007,65.9967887227,0.0873015873015873,0.164659787500478
0.1,100,FALSE,90,"capped_safeguard",126,-0.0110064550664044,-0.102841865550442,65.9967887227,0.0952380952380952,0.356139990411616
0.1,100,FALSE,91,"point",133,-0.00339488023413467,-0.0187810383050527,66.3751301057698,0,0.220935841775205
0.1,100,FALSE,91,"safeguard",133,0.996395298234376,0.980946242589482,66.3751301057698,0.503759398496241,1
0.1,100,FALSE,91,"original_size",133,-0.368876717949469,-0.0192020124552371,66.3751301057698,0.0676691729323308,0.170302013422819
0.1,100,FALSE,91,"capped_safeguard",133,-0.0179130991560935,-0.118515601444149,66.3751301057698,0.105263157894737,0.244379276637341
0.1,100,FALSE,92,"point",127,0.00736169325696142,0.00678743973660765,62.0884627787305,0,0.240786240786241
0.1,100,FALSE,92,"safeguard",127,1.00719577872352,1.00691399817837,62.0884627787305,0.496062992125984,0.997907949790795
0.1,100,FALSE,92,"original_size",127,-0.380949518224182,0.00688413149138716,62.0884627787305,0.062992125984252,0.177514792899408
0.1,100,FALSE,92,"capped_safeguard",127,0.00374718673687338,-0.102600832612034,62.0884627787305,0.133858267716535,0.388802488335925
0.1,100,FALSE,93,"point",131,-0.00541582610035118,-0.0178188248020527,61.154676961821,0,0.233552631578947
0.1,100,FALSE,93,"safeguard",131,0.994560854140894,0.982220900955058,61.154676961821,0.488549618320611,0.987569060773481
0.1,100,FALSE,93,"original_size",131,-0.237173539504067,-0.0177588133013899,61.154676961821,0.0610687022900763,0.166118421052632
0.1,100,FALSE,93,"capped_safeguard",131,0.000155737456052093,-0.0423164492718453,61.154676961821,0.0763358778625954,0.32488628979857
0.1,100,FALSE,94,"point",119,0.00510289135501567,-0.00172225916486888,65.3871827277287,0,0.174456683536767
0.1,100,FALSE,94,"safeguard",119,1.00507538022407,0.998190315596566,65.3871827277287,0.445378151260504,0.987869430966034
0.1,100,FALSE,94,"original_size",119,-0.284163532599615,-0.00188908323436849,65.3871827277287,0.0840336134453782,0.0987595419847328
0.1,100,FALSE,94,"capped_safeguard",119,-0.0231788437849016,-0.106613324917523,65.3871827277287,0.0840336134453782,0.240963855421687
0.1,100,FALSE,95,"point",115,0.00380486042843534,-0.00580357786737758,62.1809364254842,0,0.226438188494492
0.1,100,FALSE,95,"safeguard",115,1.00381865578731,0.993987942952791,62.1809364254842,0.521739130434783,1.01665370658372
0.1,100,FALSE,95,"original_size",115,-0.212854633240394,-0.00592770309812275,62.1809364254842,0.104347826086957,0.160544217687075
0.1,100,FALSE,95,"capped_safeguard",115,-0.0203575567617011,-0.0549583334846111,62.1809364254842,0.147826086956522,0.33178500331785
0.1,100,FALSE,96,"point",124,-0.00289325128533496,0.0369052311645827,62.4538026825002,0,0.207776476439539
0.1,100,FALSE,96,"safeguard",124,0.997097680574497,1.03679642501073,62.4538026825002,0.516129032258065,1.00842001413121
0.1,100,FALSE,96,"original_size",124,-0.425405528694333,0.0373741128358313,62.4538026825002,0.032258064516129,0.134676742233417
0.1,100,FALSE,96,"capped_safeguard",124,-0.0188282002170867,-0.0725312622669298,62.4538026825002,0.0887096774193548,0.230118132249833
0.1,100,FALSE,97,"point",117,-0.00341720918406053,-0.00854421865398464,67.185222395715,0,0.246730083234245
0.1,100,FALSE,97,"safeguard",117,0.996750880507267,0.992220813152841,67.185222395715,0.538461538461538,1.01164215686275
0.1,100,FALSE,97,"original_size",117,-0.33419753003149,-0.00846377016757313,67.185222395715,0.0769230769230769,0.169980119284294
0.1,100,FALSE,97,"capped_safeguard",117,-0.0301544823722057,-0.166191520068027,67.185222395715,0.102564102564103,0.32133676092545
0.1,100,FALSE,98,"point",115,-0.0119194196447245,-0.00092932958102938,59.4480759949777,0,0.213197969543147
0.1,100,FALSE,98,"safeguard",115,0.988080032354345,0.999066706167643,59.4480759949777,0.573913043478261,1.05018820577164
0.1,100,FALSE,98,"original_size",115,-0.327769617340396,-0.00128842136204669,59.4480759949777,0.0608695652173913,0.144455747711089
0.1,100,FALSE,98,"capped_safeguard",115,-0.00108588154901932,-0.0849462129149784,59.4480759949777,0.130434782608696,0.240963855421687
0.1,100,FALSE,99,"point",124,0.0186184738903578,0.0361935776221924,69.5743033400864,0,0.223720733373327
0.1,100,FALSE,99,"safeguard",124,1.01872247468092,1.03610413304327,69.5743033400864,0.5,0.99804481876974
0.1,100,FALSE,99,"original_size",124,-0.328246922982826,0.0358203215091702,69.5743033400864,0.0806451612903226,0.153950304219513
0.1,100,FALSE,99,"capped_safeguard",124,-0.0311867576000674,-0.0942375539666139,69.5743033400864,0.104838709677419,0.306560507638638
0.1,100,FALSE,100,"point",133,0.013772956191343,0.00600948838328303,62.343817618004,0,0.230570902394107
0.1,100,FALSE,100,"safeguard",133,1.01358089375905,1.00591504288778,62.343817618004,0.578947368421053,1.01481481481481
0.1,100,FALSE,100,"original_size",133,-0.304426586676935,0.00576422999146654,62.343817618004,0.105263157894737,0.15963511972634
0.1,100,FALSE,100,"capped_safeguard",133,-0.0346826001341615,-0.120468427932604,62.343817618004,0.157894736842105,0.305064063453325
0.3,100,FALSE,1,"point",188,-0.00672569047147268,-0.00849452260546405,60.2963675738394,0.00531914893617021,0.529669943820225
0.3,100,FALSE,1,"safeguard",188,0.992993280257606,0.991444381176944,60.2963675738394,0.446808510638298,0.978219696969697
0.3,100,FALSE,1,"original_size",188,-0.35454843016172,-0.00893150698733254,60.2963675738394,0.680851063829787,1.47305981216016
0.3,100,FALSE,1,"capped_safeguard",188,-0.0273985613226389,-0.144673364132954,60.2963675738394,0.377659574468085,0.955533596837945
0.3,100,FALSE,2,"point",191,-0.0193248001538178,-0.0391279685545314,71.0492608162621,0,0.552147239263804
0.3,100,FALSE,2,"safeguard",191,0.979972109975565,0.963290577666769,71.0492608162621,0.570680628272251,1.02836879432624
0.3,100,FALSE,2,"original_size",191,-1.15513652869704,-0.0398076867365205,71.0492608162621,0.649214659685864,1.63271604938272
0.3,100,FALSE,2,"capped_safeguard",191,0.148217695843055,-0.364669824290264,71.0492608162621,0.481675392670157,0.976470588235294
0.3,100,FALSE,3,"point",197,-0.0212360985918594,0.00983777114205035,72.4001967515247,0.0152284263959391,0.537037037037037
0.3,100,FALSE,3,"safeguard",197,0.978140567407168,1.0091143070677,72.4001967515247,0.467005076142132,0.9875
0.3,100,FALSE,3,"original_size",197,-1.14036378789763,0.00967042292521147,72.4001967515247,0.624365482233503,1.50643776824034
0.3,100,FALSE,3,"capped_safeguard",197,0.0952354703445482,-0.522295430057497,72.4001967515247,0.411167512690355,0.947882736156352
0.3,100,FALSE,4,"point",189,0.0109864865096548,-0.0200276691052724,58.8569134121091,0,0.507575757575758
0.3,100,FALSE,4,"safeguard",189,1.01060416749062,0.979162843600447,58.8569134121091,0.44973544973545,0.978021978021978
0.3,100,FALSE,4,"original_size",189,-1.20090952754844,-0.0198608886861219,58.8569134121091,0.53968253968254,1.18709677419355
0.3,100,FALSE,4,"capped_safeguard",189,0.213560981112562,-0.354279961607897,58.8569134121091,0.365079365079365,0.951871657754011
0.3,100,FALSE,5,"point",191,-0.00952923171341486,-0.0123593240228489,66.0427293818161,0,0.521303258145363
0.3,100,FALSE,5,"safeguard",191,0.99025615783326,0.987588322255341,66.0427293818161,0.450261780104712,0.969924812030075
0.3,100,FALSE,5,"original_size",191,-0.473977716170599,-0.0124722887463329,66.0427293818161,0.62303664921466,1.4390243902439
0.3,100,FALSE,5,"capped_safeguard",191,-0.0315231993821082,-0.223143755716672,66.0427293818161,0.3717277486911,0.952
0.3,100,FALSE,6,"point",193,-0.00443374039989433,-0.0165347462485677,64.7164543278323,0,0.55045871559633
0.3,100,FALSE,6,"safeguard",193,0.995481248133332,0.983750360139851,64.7164543278323,0.601036269430052,1.02247191011236
0.3,100,FALSE,6,"original_size",193,-0.437158542652317,-0.0169725391404368,64.7164543278323,0.590673575129534,1.34104046242775
0.3,100,FALSE,6,"capped_safeguard",193,-0.0721591700832347,-0.262786290061297,64.7164543278323,0.518134715025907,1
0.3,100,FALSE,7,"point",189,0.0378665867979494,0.0492225260007253,67.883245796501,0,0.544303797468354
0.3,100,FALSE,7,"safeguard",189,1.03752005529512,1.04966193988876,67.883245796501,0.534391534391534,1.00373134328358
0.3,100,FALSE,7,"original_size",189,-0.885390396021357,0.0494620446064107,67.883245796501,0.62962962962963,1.57142857142857
0.3,100,FALSE,7,"capped_safeguard",189,0.0958714425150556,-0.330518802087955,67.883245796501,0.444444444444444,0.977272727272727
0.3,100,FALSE,8,"point",193,-0.023322397609899,-0.0286352588373574,59.983008928219,0.00518134715025907,0.567164179104478
0.3,100,FALSE,8,"safeguard",193,0.975080435957572,0.97080846844021,59.983008928219,0.50259067357513,1
0.3,100,FALSE,8,"original_size",193,-1.14261170879749,-0.0275900325431396,59.983008928219,0.689119170984456,1.84444444444444
0.3,100,FALSE,8,"capped_safeguard",193,0.162698618745246,-0.336237381404586,59.983008928219,0.461139896373057,0.973415132924335
0.3,100,FALSE,9,"point",188,0.0113640605618337,0.00849668259481006,55.6487193396358,0,0.533333333333333
0.3,100,FALSE,9,"safeguard",188,1.0112509725326,1.00846641947076,55.6487193396358,0.547872340425532,1.01985753977397
0.3,100,FALSE,9,"original_size",188,-0.363945282158045,0.00884632472236512,55.6487193396358,0.622340425531915,1.39218579234973
0.3,100,FALSE,9,"capped_safeguard",188,-0.0206806431595804,-0.178048828806941,55.6487193396358,0.462765957446808,0.977365728900256
0.3,100,FALSE,10,"point",193,0.027730916860026,-0.00129202556594961,70.3849147353738,0,0.53125
0.3,100,FALSE,10,"safeguard",193,1.02753988475368,0.99831557405451,70.3849147353738,0.49740932642487,0.996389891696751
0.3,100,FALSE,10,"original_size",193,-0.849863893662058,-0.00115554937302726,70.3849147353738,0.632124352331606,1.42553191489362
0.3,100,FALSE,10,"capped_safeguard",193,0.16954814191045,-0.235142096224321,70.3849147353738,0.404145077720207,0.957364341085271
0.3,100,FALSE,11,"point",197,0.00372205047953883,0.00483201904452034,63.3529212299797,0,0.52059925093633
0.3,100,FALSE,11,"safeguard",197,1.00392595213368,1.00540263472891,63.3529212299797,0.49746192893401,0.997008973080758
0.3,100,FALSE,11,"original_size",197,-0.628984389230387,0.00531886550629574,63.3529212299797,0.629441624365482,1.32594936708861
0.3,100,FALSE,11,"capped_safeguard",197,0.109794931982281,-0.119765539472114,63.3529212299797,0.426395939086294,0.958904109589041
0.3,100,FALSE,12,"point",191,0.00833240876436273,0.00136394911974639,60.9476198190006,0,0.541284403669725
0.3,100,FALSE,12,"safeguard",191,1.00791587831605,1.00120913030398,60.9476198190006,0.492146596858639,0.994219653179191
0.3,100,FALSE,12,"original_size",191,-0.779100083488072,0.00187696587674107,60.9476198190006,0.638743455497382,1.5
0.3,100,FALSE,12,"capped_safeguard",191,-0.00660945400778739,-0.367286699959603,60.9476198190006,0.429319371727749,0.962264150943396
0.3,100,FALSE,13,"point",192,0.00839358262029581,0.0136716742679657,64.1231707216778,0.00520833333333333,0.526965171209765
0.3,100,FALSE,13,"safeguard",192,1.00884886259675,1.01474827948722,64.1231707216778,0.510416666666667,1
0.3,100,FALSE,13,"original_size",192,-0.648466613007729,0.0143089963399924,64.1231707216778,0.619791666666667,1.36505847953216
0.3,100,FALSE,13,"capped_safeguard",192,-0.00335153103365884,-0.292884287486843,64.1231707216778,0.458333333333333,0.978749649565461
0.3,100,FALSE,14,"point",197,-0.000840343487337487,0.00152190276871427,72.1991017427923,0.0050761421319797,0.530864197530864
0.3,100,FALSE,14,"safeguard",197,0.999412694040221,1.00177494649399,72.1991017427923,0.583756345177665,1.02173913043478
0.3,100,FALSE,14,"original_size",197,-0.38311887636974,0.00181206189873004,72.1991017427923,0.614213197969543,1.44081632653061
0.3,100,FALSE,14,"capped_safeguard",197,-0.0516812025414011,-0.193437914276974,72.1991017427923,0.456852791878173,0.974025974025974
0.3,100,FALSE,15,"point",194,-0.000732530676868163,-0.00689979007577804,55.1521355830928,0,0.515129962498384
0.3,100,FALSE,15,"safeguard",194,0.99994982267845,0.99338868890161,55.1521355830928,0.597938144329897,1.01988935721812
0.3,100,FALSE,15,"original_size",194,-1.07287889189433,-0.00445110544391007,55.1521355830928,0.597938144329897,1.24687313877308
0.3,100,FALSE,15,"capped_safeguard",194,0.181618604076261,-0.290645198614176,55.1521355830928,0.520618556701031,1
0.3,100,FALSE,16,"point",191,0.00948950285092139,0.0309546873165672,64.2729643820125,0,0.5
0.3,100,FALSE,16,"safeguard",191,1.00918075963253,1.03094197657989,64.2729643820125,0.49738219895288,0.994722955145119
0.3,100,FALSE,16,"original_size",191,-1.00270017330343,0.0309505875751978,64.2729643820125,0.586387434554974,1.24372759856631
0.3,100,FALSE,16,"capped_safeguard",191,0.100587599304008,-0.450432944173808,64.2729643820125,0.450261780104712,0.981981981981982
0.3,100,FALSE,17,"point",193,-0.0302468351392378,-0.022533648331533,63.8581363857985,0.0155440414507772,0.515151515151515
0.3,100,FALSE,17,"safeguard",193,0.96982263648102,0.977561205889911,63.8581363857985,0.55440414507772,1.03333333333333
0.3,100,FALSE,17,"original_size",193,-0.695671180515902,-0.0226718256157236,63.8581363857985,0.569948186528497,1.31884057971015
0.3,100,FALSE,17,"capped_safeguard",193,0.0728884721925694,-0.201754836767033,63.8581363857985,0.466321243523316,0.979253112033195
0.3,100,FALSE,18,"point",190,-0.0150538544385849,-0.032121106977966,63.3223046909086,0.00526315789473684,0.523369565217391
0.3,100,FALSE,18,"safeguard",190,0.985543806806201,0.967825104355592,63.3223046909086,0.48421052631579,0.991359493156004
0.3,100,FALSE,18,"original_size",190,-0.509736187907151,-0.0320409496387953,63.3223046909086,0.6,1.38490297311732
0.3,100,FALSE,18,"capped_safeguard",190,-0.050325592891206,-0.287065600607971,63.3223046909086,0.426315789473684,0.976960214347101
0.3,100,FALSE,19,"point",195,-0.0124747177128983,-0.0258940241798136,62.1911212009614,0,0.530612244897959
0.3,100,FALSE,19,"safeguard",195,0.987581417798253,0.974402581084335,62.1911212009614,0.482051282051282,0.990228013029316
0.3,100,FALSE,19,"original_size",195,-0.470679383705097,-0.0242639343473643,62.1911212009614,0.641025641025641,1.36170212765957
0.3,100,FALSE,19,"capped_safeguard",195,0.0794134068371701,-0.0967347981484674,62.1911212009614,0.430769230769231,0.957264957264957
0.3,100,FALSE,20,"point",191,0.000395621560752203,0.0277667623719085,60.5225877972197,0.00523560209424084,0.547368421052632
0.3,100,FALSE,20,"safeguard",191,1.00055119414832,1.02878763330686,60.5225877972197,0.549738219895288,1.01342281879195
0.3,100,FALSE,20,"original_size",191,-0.853245577850662,0.0282470295914423,60.5225877972197,0.581151832460733,1.66867469879518
0.3,100,FALSE,20,"capped_safeguard",191,0.118219345006855,-0.214320619323779,60.5225877972197,0.481675392670157,0.97196261682243
0.3,100,FALSE,21,"point",189,0.00582527314066318,-0.0321474945846313,61.7680117651153,0.00529100529100529,0.520833333333333
0.3,100,FALSE,21,"safeguard",189,1.00495074481906,0.967120441591099,61.7680117651153,0.502645502645503,1
0.3,100,FALSE,21,"original_size",189,-0.726632476024967,-0.0334598759724653,61.7680117651153,0.597883597883598,1.38853503184713
0.3,100,FALSE,21,"capped_safeguard",189,0.109706256790165,-0.243487773377976,61.7680117651153,0.386243386243386,0.952380952380952
0.3,100,FALSE,22,"point",188,-0.00981153214349377,0.0159735124706698,62.2557620905072,0,0.528457446808511
0.3,100,FALSE,22,"safeguard",188,0.991143862279093,1.01653997212181,62.2557620905072,0.50531914893617,1
0.3,100,FALSE,22,"original_size",188,-0.771296423259803,0.0172398986251136,62.2557620905072,0.579787234042553,1.35493827160494
0.3,100,FALSE,22,"capped_safeguard",188,0.104546947395382,-0.215311248055452,62.2557620905072,0.414893617021277,0.955213903743316
0.3,100,FALSE,23,"point",194,-0.0115703230552231,-0.00878398992849677,68.4818206562556,0.0103092783505155,0.537335722819594
0.3,100,FALSE,23,"safeguard",194,0.988616539568252,0.99139197310688,68.4818206562556,0.525773195876289,1.00310559006211
0.3,100,FALSE,23,"original_size",194,-0.324756529981292,-0.00848212386977564,68.4818206562556,0.628865979381443,1.4943706514864
0.3,100,FALSE,23,"capped_safeguard",194,-0.0303290289868535,-0.14824242552261,68.4818206562556,0.443298969072165,0.970752882015276
0.3,100,FALSE,24,"point",191,0.0090826321355939,0.0109850247745457,63.8181810341501,0.0104712041884817,0.516908212560386
0.3,100,FALSE,24,"safeguard",191,1.00863550465785,1.01066430597095,63.8181810341501,0.523560209424084,1
0.3,100,FALSE,24,"original_size",191,-0.421874263650973,0.011320802528314,63.8181810341501,0.586387434554974,1.41732283464567
0.3,100,FALSE,24,"capped_safeguard",191,0.0663466700043785,-0.0774412851320517,63.8181810341501,0.413612565445026,0.953846153846154
0.3,100,FALSE,25,"point",194,-0.0098815367970118,-0.008986302819628,64.2110870794747,0,0.557522666013232
0.3,100,FALSE,25,"safeguard",194,0.990335901106966,0.991884115467844,64.2110870794747,0.536082474226804,1.00458008658009
0.3,100,FALSE,25,"original_size",194,-1.00630697101628,-0.00694631352923722,64.2110870794747,0.670103092783505,1.61183633172444
0.3,100,FALSE,25,"capped_safeguard",194,0.17941174866319,-0.294429050418867,64.2110870794747,0.489690721649485,0.987006496751624
0.3,100,FALSE,26,"point",190,-0.0122864497508514,-0.019624586291277,61.5932526364797,0,0.515355938221197
0.3,100,FALSE,26,"safeguard",190,0.987664559412156,0.980184789842338,61.5932526364797,0.48421052631579,0.99151753758053
0.3,100,FALSE,26,"original_size",190,-0.483494903157465,-0.0200242870798594,61.5932526364797,0.594736842105263,1.51023166023166
0.3,100,FALSE,26,"capped_safeguard",190,-0.00649351261431823,-0.195643366736082,61.5932526364797,0.410526315789474,0.956660562520543
0.3,100,FALSE,27,"point",194,0.000518660643334575,7.58915727201526e-05,68.5325729683983,0.0154639175257732,0.521597554492291
0.3,100,FALSE,27,"safeguard",194,1.00048281223913,1.00013445897742,68.5325729683983,0.484536082474227,0.993572841133817
0.3,100,FALSE,27,"original_size",194,-0.815692623321089,-0.000250161533966295,68.5325729683983,0.592783505154639,1.30118559051528
0.3,100,FALSE,27,"capped_safeguard",194,0.049537467948853,-0.307209872654993,68.5325729683983,0.396907216494845,0.953164160401002
0.3,100,FALSE,28,"point",197,-0.00688824592530334,-0.0111651430328632,60.0863495975953,0,0.526315789473684
0.3,100,FALSE,28,"safeguard",197,0.993456694250809,0.988116175122267,60.0863495975953,0.543147208121827,1.01639344262295
0.3,100,FALSE,28,"original_size",197,-1.14647119934948,-0.0112602795739968,60.0863495975953,0.583756345177665,1.33628318584071
0.3,100,FALSE,28,"capped_safeguard",197,0.18696911239541,-0.356038585577374,60.0863495975953,0.467005076142132,0.986206896551724
0.3,100,FALSE,29,"point",188,-0.00612094808901733,-0.0460107919735417,65.1925459146727,0.0106382978723404,0.51360607182525
0.3,100,FALSE,29,"safeguard",188,0.993034095780384,0.953625713805833,65.1925459146727,0.49468085106383,0.986971026830732
0.3,100,FALSE,29,"original_size",188,-1.27457725605184,-0.0481478686238961,65.1925459146727,0.590425531914894,1.31160447173673
0.3,100,FALSE,29,"capped_safeguard",188,0.258911368063833,-0.372974719866129,65.1925459146727,0.409574468085106,0.951337911437367
0.3,100,FALSE,30,"point",190,0.0200763693253255,-0.00319175199311335,65.8080224225149,0,0.517764735579957
0.3,100,FALSE,30,"safeguard",190,1.0206491745831,0.997617569776126,65.8080224225149,0.457894736842105,0.987402190923318
0.3,100,FALSE,30,"original_size",190,-0.875959516279266,-0.00287171423479894,65.8080224225149,0.578947368421053,1.31253867232388
0.3,100,FALSE,30,"capped_safeguard",190,0.022908196839083,-0.482799472467618,65.8080224225149,0.373684210526316,0.955269118038902
0.3,100,FALSE,31,"point",187,-0.000835785613446259,0.0026958799660834,64.2207265026215,0.0106951871657754,0.538461538461538
0.3,100,FALSE,31,"safeguard",187,0.998872786309636,1.00219480381221,64.2207265026215,0.497326203208556,0.986842105263158
0.3,100,FALSE,31,"original_size",187,-0.726403620995874,-2.99993212588558e-05,64.2207265026215,0.598930481283422,1.33333333333333
0.3,100,FALSE,31,"capped_safeguard",187,0.21390218689605,-0.0359265282643012,64.2207265026215,0.390374331550802,0.937984496124031
0.3,100,FALSE,32,"point",193,0.00155187056591806,-0.00472457669822745,61.1851684606747,0.0155440414507772,0.535315985130111
0.3,100,FALSE,32,"safeguard",193,1.00178095025407,0.995728862,61.1851684606747,0.512953367875648,1
0.3,100,FALSE,32,"original_size",193,-0.574724150442865,-0.00422179198237393,61.1851684606747,0.632124352331606,1.50431034482759
0.3,100,FALSE,32,"capped_safeguard",193,0.0344153819299016,-0.209327765346457,61.1851684606747,0.440414507772021,0.974025974025974
0.3,100,FALSE,33,"point",186,0.00487501599393605,0.0121839716744599,69.9498206616654,0.00537634408602151,0.54144152394908
0.3,100,FALSE,33,"safeguard",186,1.00430863245499,1.01146631048627,69.9498206616654,0.505376344086022,1
0.3,100,FALSE,33,"original_size",186,-0.586041435739477,0.0129719414735415,69.9498206616654,0.623655913978495,1.54368592730662
0.3,100,FALSE,33,"capped_safeguard",186,-0.0438021754869012,-0.308852776394045,69.9498206616654,0.419354838709677,0.958443651433176
0.3,100,FALSE,34,"point",192,-0.00331400178765571,0.0104703658585315,58.812215052331,0.00520833333333333,0.555645636792453
0.3,100,FALSE,34,"safeguard",192,0.997120803409655,1.00993497066722,58.812215052331,0.526041666666667,1
0.3,100,FALSE,34,"original_size",192,-0.9897493628513,0.00964201817061199,58.812215052331,0.713541666666667,1.62889605404575
0.3,100,FALSE,34,"capped_safeguard",192,0.115224890118419,-0.305344279480213,58.812215052331,0.46875,0.977521008403361
0.3,100,FALSE,35,"point",191,0.0244754661971722,0.0234057028980667,65.4336287524238,0,0.546979865771812
0.3,100,FALSE,35,"safeguard",191,1.02417298728273,1.02339226866763,65.4336287524238,0.481675392670157,0.991379310344828
0.3,100,FALSE,35,"original_size",191,-0.331908866009697,0.0236355650347169,65.4336287524238,0.602094240837696,1.68924302788845
0.3,100,FALSE,35,"capped_safeguard",191,-0.0241059847814706,-0.172249618396865,65.4336287524238,0.37696335078534,0.946236559139785
0.3,100,FALSE,36,"point",197,-0.0233878402255874,0.00236705120859885,58.6307663569452,0.0050761421319797,0.533333333333333
0.3,100,FALSE,36,"safeguard",197,0.974172564507884,1.00106114486574,58.6307663569452,0.50253807106599,1
0.3,100,FALSE,36,"original_size",197,-1.02924866841085,0.000690135144100786,58.6307663569452,0.609137055837564,1.38333333333333
0.3,100,FALSE,36,"capped_safeguard",197,-0.00595327248521864,-0.443475585564192,58.6307663569452,0.441624365482233,0.967741935483871
0.3,100,FALSE,37,"point",190,0.0113610528712695,-0.00039587839127464,65.0279987310464,0,0.50641975308642
0.3,100,FALSE,37,"safeguard",190,1.01139348131471,0.999045950841874,65.0279987310464,0.473684210526316,0.986013302034429
0.3,100,FALSE,37,"original_size",190,-0.902296568129967,-0.000327897813394595,65.0279987310464,0.557894736842105,1.18036783575706
0.3,100,FALSE,37,"capped_safeguard",190,0.00874227132202315,-0.472579613583587,65.0279987310464,0.389473684210526,0.946159420289855
0.3,100,FALSE,38,"point",192,0.0223832058216599,0.0394071975386265,60.879894178088,0,0.541014439995146
0.3,100,FALSE,38,"safeguard",192,1.02255765896457,1.03858368726052,60.879894178088,0.515625,1
0.3,100,FALSE,38,"original_size",192,-0.85921193747203,0.038980885723454,60.879894178088,0.598958333333333,1.50905691732447
0.3,100,FALSE,38,"capped_safeguard",192,0.0702833769853905,-0.336133376986727,60.879894178088,0.421875,0.948780268250968
0.3,100,FALSE,39,"point",186,-0.0342904859950368,-0.0784890508666105,62.4183138954225,0,0.525126262626263
0.3,100,FALSE,39,"safeguard",186,0.965536427416624,0.921904967366988,62.4183138954225,0.489247311827957,0.993047172999855
0.3,100,FALSE,39,"original_size",186,-1.17380022961811,-0.0781005612453968,62.4183138954225,0.623655913978495,1.33795454545455
0.3,100,FALSE,39,"capped_safeguard",186,0.231749194417521,-0.351859263750646,62.4183138954225,0.419354838709677,0.952837140751658
0.3,100,FALSE,40,"point",188,0.0098994910663354,0.0131310052184087,71.7326953727421,0,0.546780781949037
0.3,100,FALSE,40,"safeguard",188,1.00973254637514,1.01301924825383,71.7326953727421,0.462765957446808,0.983002696456086
0.3,100,FALSE,40,"original_size",188,-0.699556547822478,0.0133206915633112,71.7326953727421,0.632978723404255,1.57879237693928
0.3,100,FALSE,40,"capped_safeguard",188,0.0528545106219877,-0.242460762053656,71.7326953727421,0.388297872340426,0.953463203463203
0.3,100,FALSE,41,"point",181,0.00757382939626333,0.00919021356893631,69.1348907198116,0,0.540540540540541
0.3,100,FALSE,41,"safeguard",181,1.00720127212694,1.00974218484927,69.1348907198116,0.552486187845304,1.018
0.3,100,FALSE,41,"original_size",181,-0.588275159354082,0.0114754234686267,69.1348907198116,0.591160220994475,1.54807692307692
0.3,100,FALSE,41,"capped_safeguard",181,0.128026940367709,-0.0712090544998273,69.1348907198116,0.475138121546961,0.98
0.3,100,FALSE,42,"point",191,0.0448826830161137,0.1103757430051,57.5409125419738,0.00523560209424084,0.545454545454545
0.3,100,FALSE,42,"safeguard",191,1.04399175113248,1.10952537365254,57.5409125419738,0.570680628272251,1.01438848920863
0.3,100,FALSE,42,"original_size",191,-1.08578097015313,0.109337981358513,57.5409125419738,0.659685863874346,1.52173913043478
0.3,100,FALSE,42,"capped_safeguard",191,0.116810036463308,-0.505569444159301,57.5409125419738,0.518324607329843,1
0.3,100,FALSE,43,"point",190,-0.0362115982775749,-0.0358105908646977,63.1452149661439,0.0105263157894737,0.547619047619048
0.3,100,FALSE,43,"safeguard",190,0.962714784827631,0.963680731405122,63.1452149661439,0.489473684210526,0.98899396058487
0.3,100,FALSE,43,"original_size",190,-1.25204341757931,-0.0346166053965494,63.1452149661439,0.642105263157895,1.5938995215311
0.3,100,FALSE,43,"capped_safeguard",190,0.191663606663344,-0.265256998478444,63.1452149661439,0.452631578947368,0.973328591749644
0.3,100,FALSE,44,"point",190,-0.00322253857640893,0.00626937159740836,63.9348604036165,0.00526315789473684,0.521747281589801
0.3,100,FALSE,44,"safeguard",190,0.996691113947123,1.0052216432686,63.9348604036165,0.521052631578947,1
0.3,100,FALSE,44,"original_size",190,-0.95604049623751,0.00598968865010931,63.9348604036165,0.610526315789474,1.30186697437718
0.3,100,FALSE,44,"capped_safeguard",190,0.0391229038880076,-0.40606118718262,63.9348604036165,0.457894736842105,0.987099717935955
0.3,100,FALSE,45,"point",195,0.00270523393560432,-0.000750652319489297,65.9460244231484,0.0102564102564103,0.528571428571429
0.3,100,FALSE,45,"safeguard",195,1.00317817403295,0.999527317533581,65.9460244231484,0.482051282051282,0.984615384615385
0.3,100,FALSE,45,"original_size",195,-0.526693543665269,-0.00103563393353436,65.9460244231484,0.615384615384615,1.46666666666667
0.3,100,FALSE,45,"capped_safeguard",195,-0.0277075099051263,-0.244368218553627,65.9460244231484,0.405128205128205,0.954248366013072
0.3,100,FALSE,46,"point",196,0.0181755996029547,0.0206258367945415,62.1862329975988,0.00510204081632653,0.545214045214045
0.3,100,FALSE,46,"safeguard",196,1.01832035717951,1.02124359960815,62.1862329975988,0.535714285714286,1.00292397660819
0.3,100,FALSE,46,"original_size",196,-1.19173585329461,0.0197513856127585,62.1862329975988,0.663265306122449,1.40627763041556
0.3,100,FALSE,46,"capped_safeguard",196,0.240908162004637,-0.262866181673067,62.1862329975988,0.443877551020408,0.973386383731211
0.3,100,FALSE,47,"point",190,-0.00996061607393719,-0.0116250787646471,66.9498149706378,0.0105263157894737,0.541746864007433
0.3,100,FALSE,47,"safeguard",190,0.990676693352088,0.988579531246263,66.9498149706378,0.447368421052632,0.972539901973105
0.3,100,FALSE,47,"original_size",190,-0.607309628949883,-0.0118411205103923,66.9498149706378,0.652631578947368,1.53326403326403
0.3,100,FALSE,47,"capped_safeguard",190,-0.0563219179177289,-0.308782600040534,66.9498149706378,0.368421052631579,0.940749756572541
0.3,100,FALSE,48,"point",193,-0.0230592836203695,-0.00368304969600742,60.8027160064183,0,0.490566037735849
0.3,100,FALSE,48,"safeguard",193,0.977573314628463,0.99671322609128,60.8027160064183,0.455958549222798,0.978021978021978
0.3,100,FALSE,48,"original_size",193,-0.748965049726442,-0.00328670874882561,60.8027160064183,0.55440414507772,1.25
0.3,100,FALSE,48,"capped_safeguard",193,-0.0757458456722438,-0.391536010083658,60.8027160064183,0.367875647668394,0.928571428571429
0.3,100,FALSE,49,"point",189,-0.00274725945093194,0.0154073684570629,74.2118527920783,0.00529100529100529,0.52906976744186
0.3,100,FALSE,49,"safeguard",189,0.99697561837699,1.01462090447411,74.2118527920783,0.523809523809524,1.00707547169811
0.3,100,FALSE,49,"original_size",189,-0.816763600259754,0.0150835638650374,74.2118527920783,0.592592592592593,1.40609137055838
0.3,100,FALSE,49,"capped_safeguard",189,0.0602055942360777,-0.316647141403834,74.2118527920783,0.455026455026455,0.970149253731343
0.3,100,FALSE,50,"point",188,-0.0121017441409279,0.0216720968345311,60.9230772961538,0.00531914893617021,0.543400286944046
0.3,100,FALSE,50,"safeguard",188,0.987344682646847,1.02248515187341,60.9230772961538,0.574468085106383,1.01833487407905
0.3,100,FALSE,50,"original_size",188,-1.19254539116958,0.0235246235727967,60.9230772961538,0.622340425531915,1.45916238767651
0.3,100,FALSE,50,"capped_safeguard",188,0.22283947292899,-0.286101080914131,60.9230772961538,0.48936170212766,0.992796434494196
0.3,100,FALSE,51,"point",192,-0.0233668469956466,-0.0293824919846797,64.2073349683538,0.00520833333333333,0.541597452934662
0.3,100,FALSE,51,"safeguard",192,0.976872385227878,0.973263388055986,64.2073349683538,0.541666666666667,1.01488007380074
0.3,100,FALSE,51,"original_size",192,-1.0189721432462,-0.0278491744649034,64.2073349683538,0.651041666666667,1.37609585037989
0.3,100,FALSE,51,"capped_safeguard",192,0.111648029165243,-0.337208514913542,64.2073349683538,0.479166666666667,0.97909429280397
0.3,100,FALSE,52,"point",192,-0.0133622247551532,-0.020703513588308,69.0329058998319,0,0.528271773825809
0.3,100,FALSE,52,"safeguard",192,0.986902836629417,0.979166326919485,69.0329058998319,0.557291666666667,1.00950044603033
0.3,100,FALSE,52,"original_size",192,-0.446297094901532,-0.021000871175433,69.0329058998319,0.572916666666667,1.353663003663
0.3,100,FALSE,52,"capped_safeguard",192,-0.0680741364365783,-0.26643747427053,69.0329058998319,0.484375,0.988088512241055
0.3,100,FALSE,53,"point",195,0.0123308389403534,-0.012616712693247,62.9893172856949,0.00512820512820513,0.527472527472527
0.3,100,FALSE,53,"safeguard",195,1.01252695090769,0.986709440406178,62.9893172856949,0.456410256410256,0.984126984126984
0.3,100,FALSE,53,"original_size",195,-1.04090689098784,-0.014066768209077,62.9893172856949,0.594871794871795,1.45079365079365
0.3,100,FALSE,53,"capped_safeguard",195,0.090823756395282,-0.472333022611349,62.9893172856949,0.41025641025641,0.96551724137931
0.3,100,FALSE,54,"point",189,-0.0322708490661834,-0.0493040083493046,65.3110008372836,0,0.540816326530612
0.3,100,FALSE,54,"safeguard",189,0.967620203321685,0.950848686460306,65.3110008372836,0.481481481481481,0.987341772151899
0.3,100,FALSE,54,"original_size",189,-0.856166932201227,-0.0480706971971385,65.3110008372836,0.603174603174603,1.40140845070423
0.3,100,FALSE,54,"capped_safeguard",189,0.097369852266484,-0.26210665959185,65.3110008372836,0.407407407407407,0.96078431372549
0.3,100,FALSE,55,"point",190,-0.0143277038605861,-0.0235115029307881,65.5535428943613,0.00526315789473684,0.553769092820481
0.3,100,FALSE,55,"safeguard",190,0.986217633826755,0.976750813529331,65.5535428943613,0.542105263157895,1.01187859009021
0.3,100,FALSE,55,"original_size",190,-0.546848593580697,-0.0237974145571003,65.5535428943613,0.678947368421053,1.6484458164786
0.3,100,FALSE,55,"capped_safeguard",190,0.00642713601422198,-0.220669427223206,65.5535428943613,0.48421052631579,0.990501387925052
0.3,100,FALSE,56,"point",193,-0.0286759470642232,-0.0467278921720827,61.6544971882458,0.00518134715025907,0.548872180451128
0.3,100,FALSE,56,"safeguard",193,0.972569962617388,0.953928846046623,61.6544971882458,0.538860103626943,1
0.3,100,FALSE,56,"original_size",193,-0.759064110579391,-0.0465905243746273,61.6544971882458,0.621761658031088,1.42771084337349
0.3,100,FALSE,56,"capped_safeguard",193,-0.0533755910237223,-0.429965969430103,61.6544971882458,0.481865284974093,0.986842105263158
0.3,100,FALSE,57,"point",188,0.00954289327070654,0.00674002571250564,65.3087981749422,0.0106382978723404,0.549420559269074
0.3,100,FALSE,57,"safeguard",188,1.00942647952259,1.00664223634433,65.3087981749422,0.531914893617021,1
0.3,100,FALSE,57,"original_size",188,-0.562858149049774,0.007251452930013,65.3087981749422,0.632978723404255,1.76244212962963
0.3,100,FALSE,57,"capped_safeguard",188,0.00311455266808661,-0.223282775851883,65.3087981749422,0.462765957446808,0.977680053103219
0.3,100,FALSE,58,"point",187,0.00671610536325701,0.0256759014923953,62.7904399518471,0.0106951871657754,0.528089887640449
0.3,100,FALSE,58,"safeguard",187,1.00694967243306,1.02587625075252,62.7904399518471,0.486631016042781,0.991666666666667
0.3,100,FALSE,58,"original_size",187,-0.502466104839753,0.0257772239644013,62.7904399518471,0.598930481283422,1.4
0.3,100,FALSE,58,"capped_safeguard",187,0.00479043522745732,-0.1908578206477,62.7904399518471,0.417112299465241,0.962765957446808
0.3,100,FALSE,59,"point",194,-0.0342501502185125,-0.064803961098926,66.0936167153644,0.00515463917525773,0.556233062330623
0.3,100,FALSE,59,"safeguard",194,0.965473717220526,0.934002796119169,66.0936167153644,0.520618556701031,1
0.3,100,FALSE,59,"original_size",194,-1.14154140278562,-0.0647985260960428,66.0936167153644,0.639175257731959,1.64677723840345
0.3,100,FALSE,59,"capped_safeguard",194,0.200694838687178,-0.267859292028955,66.0936167153644,0.469072164948454,0.981862745098039
0.3,100,FALSE,60,"point",192,0.00531693575330616,0.00721253025684991,63.6500537735936,0,0.554717686650879
0.3,100,FALSE,60,"safeguard",192,1.00448916577083,1.00767918874916,63.6500537735936,0.552083333333333,1.021176078257
0.3,100,FALSE,60,"original_size",192,-0.86387521552308,0.00772157185615743,63.6500537735936,0.630208333333333,1.51704448246364
0.3,100,FALSE,60,"capped_safeguard",192,-0.02311052722028,-0.415457262886338,63.6500537735936,0.479166666666667,0.97539941902687
0.3,100,FALSE,61,"point",191,-0.0394022873416657,-0.0435825822322497,64.7515991773603,0.0104712041884817,0.547619047619048
0.3,100,FALSE,61,"safeguard",191,0.961677927767353,0.956095353388305,64.7515991773603,0.534031413612565,1.00680272108844
0.3,100,FALSE,61,"original_size",191,-0.77563989424927,-0.0441799019923292,64.7515991773603,0.62303664921466,1.52356020942408
0.3,100,FALSE,61,"capped_safeguard",191,0.0966286032855864,-0.177848032339644,64.7515991773603,0.424083769633508,0.956521739130435
0.3,100,FALSE,62,"point",189,-0.0278483064421523,-0.0439043647589174,63.9555680819758,0,0.521739130434783
0.3,100,FALSE,62,"safeguard",189,0.971938219165792,0.956043055243799,63.9555680819758,0.497354497354497,0.989429175475687
0.3,100,FALSE,62,"original_size",189,-0.557948104065118,-0.0442925292201442,63.9555680819758,0.582010582010582,1.27868852459016
0.3,100,FALSE,62,"capped_safeguard",189,0.083114702308683,-0.124687714041601,63.9555680819758,0.433862433862434,0.967117988394584
0.3,100,FALSE,63,"point",191,-0.0287648796731219,-0.0358150587285026,61.0330942215339,0,0.54140127388535
0.3,100,FALSE,63,"safeguard",191,0.971129903089293,0.964120893859893,61.0330942215339,0.481675392670157,0.976608187134503
0.3,100,FALSE,63,"original_size",191,-0.445803336576212,-0.0358204666466062,61.0330942215339,0.643979057591623,1.484375
0.3,100,FALSE,63,"capped_safeguard",191,-0.0236172441485961,-0.178758066175818,61.0330942215339,0.403141361256544,0.953125
0.3,100,FALSE,64,"point",188,0.0291661262016221,-0.00451900452087153,63.9577595378891,0,0.530142764438676
0.3,100,FALSE,64,"safeguard",188,1.02928528687024,0.997732986240511,63.9577595378891,0.521276595744681,1.00535714285714
0.3,100,FALSE,64,"original_size",188,-1.49728377012589,-0.001819814866349,63.9577595378891,0.632978723404255,1.5241066364152
0.3,100,FALSE,64,"capped_safeguard",188,0.29707626683745,-0.457342692020884,63.9577595378891,0.430851063829787,0.970356308411215
0.3,100,FALSE,65,"point",189,0.00284386971349862,-0.0127696581441685,66.0757876739554,0.0105820105820106,0.529411764705882
0.3,100,FALSE,65,"safeguard",189,1.00247982375097,0.987507949514753,66.0757876739554,0.481481481481481,0.994818652849741
0.3,100,FALSE,65,"original_size",189,-0.513611500283342,-0.0124005028959324,66.0757876739554,0.608465608465608,1.4949494949495
0.3,100,FALSE,65,"capped_safeguard",189,-0.103172426297036,-0.342448058597721,66.0757876739554,0.423280423280423,0.966346153846154
0.3,100,FALSE,66,"point",186,0.0111598609178406,0.0263108618640798,61.1003968117224,0.010752688172043,0.527056277056277
0.3,100,FALSE,66,"safeguard",186,1.01127606628505,1.02618376167989,61.1003968117224,0.548387096774194,1.00632416012176
0.3,100,FALSE,66,"original_size",186,-0.652960331627217,0.0267192572861502,61.1003968117224,0.612903225806452,1.39046082949309
0.3,100,FALSE,66,"capped_safeguard",186,-0.00607679912284689,-0.257142005589483,61.1003968117224,0.446236559139785,0.97546157148991
0.3,100,FALSE,67,"point",192,0.048040057579688,0.00765504297827383,67.4678346096014,0,0.518175853018373
0.3,100,FALSE,67,"safeguard",192,1.04769283533915,1.00688188872108,67.4678346096014,0.46875,0.985604805302403
0.3,100,FALSE,67,"original_size",192,-1.14035011813334,0.00682836290348901,67.4678346096014,0.630208333333333,1.39805904687091
0.3,100,FALSE,67,"capped_safeguard",192,0.24253949042589,-0.327376447892024,67.4678346096014,0.401041666666667,0.966543041622914
0.3,100,FALSE,68,"point",187,-0.0458344400721596,-0.0793452901254083,61.2599870333133,0,0.528169014084507
0.3,100,FALSE,68,"safeguard",187,0.954248457459383,0.920861714781683,61.2599870333133,0.491978609625668,0.991228070175439
0.3,100,FALSE,68,"original_size",187,-0.94627100237958,-0.0784555112581216,61.2599870333133,0.588235294117647,1.38181818181818
0.3,100,FALSE,68,"capped_safeguard",187,-0.000336058315198876,-0.490665156750545,61.2599870333133,0.459893048128342,0.972972972972973
0.3,100,FALSE,69,"point",187,-0.0043744001040198,-0.0049318168995429,66.3098027736957,0.0053475935828877,0.546762589928058
0.3,100,FALSE,69,"safeguard",187,0.995206104355919,0.994248194437826,66.3098027736957,0.529411764705882,1.00858369098712
0.3,100,FALSE,69,"original_size",187,-0.986824366846671,-0.00450770612396548,66.3098027736957,0.625668449197861,1.45985401459854
0.3,100,FALSE,69,"capped_safeguard",187,0.0305044111234552,-0.456912907421024,66.3098027736957,0.433155080213904,0.977777777777778
0.3,100,FALSE,70,"point",192,-0.0207398890192329,-0.0153647126114115,58.7997492156588,0.0104166666666667,0.534839656085734
0.3,100,FALSE,70,"safeguard",192,0.979108127377066,0.984080249353135,58.7997492156588,0.489583333333333,0.99106051750704
0.3,100,FALSE,70,"original_size",192,-0.753936439874274,-0.0161790110824554,58.7997492156588,0.609375,1.37474012474012
0.3,100,FALSE,70,"capped_safeguard",192,0.0273996402772892,-0.272502465077864,58.7997492156588,0.427083333333333,0.973285778157135
0.3,100,FALSE,71,"point",186,-0.00960295814294952,-0.00554597587889325,63.3762181820532,0.00537634408602151,0.545330459770115
0.3,100,FALSE,71,"safeguard",186,0.99043321069973,0.99444190506113,63.3762181820532,0.564516129032258,1.01574726134585
0.3,100,FALSE,71,"original_size",186,-0.383830378867503,-0.00612645231290204,63.3762181820532,0.639784946236559,1.40109717868339
0.3,100,FALSE,71,"capped_safeguard",186,0.0132257919985582,-0.106584314992995,63.3762181820532,0.5,0.998214285714286
0.3,100,FALSE,72,"point",190,-0.0222851769775739,-0.0329595991412775,66.139968728226,0.00526315789473684,0.538138332255979
0.3,100,FALSE,72,"safeguard",190,0.978171145742264,0.966631140688295,66.139968728226,0.494736842105263,0.994587418300654
0.3,100,FALSE,72,"original_size",190,-0.821375153537231,-0.0338776086991057,66.139968728226,0.61578947368421,1.39166666666667
0.3,100,FALSE,72,"capped_safeguard",190,0.0322534513541289,-0.334109493267915,66.139968728226,0.410526315789474,0.958208582834331
0.3,100,FALSE,73,"point",189,-0.00960457830513351,-0.00201014393684786,70.4742754568232,0.00529100529100529,0.561855670103093
0.3,100,FALSE,73,"safeguard",189,0.990402175609958,0.997560035356243,70.4742754568232,0.555555555555556,1.01418439716312
0.3,100,FALSE,73,"original_size",189,-0.481768378276544,-0.00272447494489623,70.4742754568232,0.62962962962963,1.52380952380952
0.3,100,FALSE,73,"capped_safeguard",189,-0.0417220732213034,-0.255337297455528,70.4742754568232,0.481481481481481,0.984251968503937
0.3,100,FALSE,74,"point",189,0.0174180361757823,-0.0158391779688971,63.1991065245521,0,0.521276595744681
0.3,100,FALSE,74,"safeguard",189,1.01783776684817,0.983483904073947,63.1991065245521,0.497354497354497,0.997542997542998
0.3,100,FALSE,74,"original_size",189,-1.11065827388858,-0.015671000241723,63.1991065245521,0.619047619047619,1.39080459770115
0.3,100,FALSE,74,"capped_safeguard",189,0.134507090296373,-0.428916885718351,63.1991065245521,0.428571428571429,0.971061093247588
0.3,100,FALSE,75,"point",189,-0.00267913783293269,0.00148097830316814,59.6869865063776,0.00529100529100529,0.530612244897959
0.3,100,FALSE,75,"safeguard",189,0.996622463321934,1.00175533989988,59.6869865063776,0.507936507936508,1
0.3,100,FALSE,75,"original_size",189,-0.649282160956368,0.00253320180692156,59.6869865063776,0.666666666666667,1.48148148148148
0.3,100,FALSE,75,"capped_safeguard",189,0.00584234615307854,-0.232137196634562,59.6869865063776,0.407407407407407,0.964705882352941
0.3,100,FALSE,76,"point",196,-0.0194452937215251,0.00153933420423969,57.5885551237489,0.00510204081632653,0.529128959276018
0.3,100,FALSE,76,"safeguard",196,0.980267183399047,1.00191770833962,57.5885551237489,0.464285714285714,0.991241998084581
0.3,100,FALSE,76,"original_size",196,-0.970307092088123,0.00185555242415909,57.5885551237489,0.612244897959184,1.60638832997988
0.3,100,FALSE,76,"capped_safeguard",196,0.140598817495774,-0.265782924785236,57.5885551237489,0.433673469387755,0.980936293436293
0.3,100,FALSE,77,"point",187,0.017403479877411,0.0191695832650752,59.9535771963614,0,0.523206751054852
0.3,100,FALSE,77,"safeguard",187,1.01717912961323,1.01880606775771,59.9535771963614,0.545454545454545,1.01428571428571
0.3,100,FALSE,77,"original_size",187,-0.56873487794243,0.0181986396067065,59.9535771963614,0.556149732620321,1.17509727626459
0.3,100,FALSE,77,"capped_safeguard",187,0.00737097207110289,-0.24893596624555,59.9535771963614,0.433155080213904,0.96551724137931
0.3,100,FALSE,78,"point",191,0.0403424496491126,0.0579018055546257,65.3995316877098,0.00523560209424084,0.531791907514451
0.3,100,FALSE,78,"safeguard",191,1.04132282413508,1.05886688391669,65.3995316877098,0.518324607329843,1.000730440717
0.3,100,FALSE,78,"original_size",191,-0.654704157664083,0.0581338944703178,65.3995316877098,0.649214659685864,1.512
0.3,100,FALSE,78,"capped_safeguard",191,-0.0607060743072833,-0.358189691289664,65.3995316877098,0.413612565445026,0.971830985915493
0.3,100,FALSE,79,"point",192,0.0153659769731989,-0.00751411048143853,61.3967385973852,0,0.559710422400383
0.3,100,FALSE,79,"safeguard",192,1.01570085003152,0.991852319918441,61.3967385973852,0.541666666666667,1.01043510917968
0.3,100,FALSE,79,"original_size",192,-0.806113177765623,-0.00684716565168223,61.3967385973852,0.65625,1.63001695873375
0.3,100,FALSE,79,"capped_safeguard",192,0.0375276483309044,-0.341732596576488,61.3967385973852,0.484375,0.987907241428368
0.3,100,FALSE,80,"point",196,0.00606654599918453,0.0203309608446482,63.5280375153117,0.00510204081632653,0.566105633004647
0.3,100,FALSE,80,"safeguard",196,1.00552477002817,1.02053250375207,63.5280375153117,0.556122448979592,1.00586567852325
0.3,100,FALSE,80,"original_size",196,-0.658615747406765,0.0199727647126432,63.5280375153117,0.637755102040816,1.70374542382427
0.3,100,FALSE,80,"capped_safeguard",196,0.121127611010528,-0.158451151794674,63.5280375153117,0.5,0.998837209302326
0.3,100,FALSE,81,"point",193,-0.0320011699777338,-0.032130945575165,61.7639461686771,0,0.528925619834711
0.3,100,FALSE,81,"safeguard",193,0.967549001686683,0.968129106327935,61.7639461686771,0.50259067357513,1
0.3,100,FALSE,81,"original_size",193,-1.24685346133666,-0.0338259898862496,61.7639461686771,0.652849740932642,1.43396226415094
0.3,100,FALSE,81,"capped_safeguard",193,0.191481155319821,-0.39646667881697,61.7639461686771,0.419689119170984,0.968992248062015
0.3,100,FALSE,82,"point",194,-0.000378572322145512,-0.00358962626581298,60.2523069060167,0.00515463917525773,0.5619742787626
0.3,100,FALSE,82,"safeguard",194,0.999592556467613,0.996781750018569,60.2523069060167,0.561855670103093,1.01681741096665
0.3,100,FALSE,82,"original_size",194,-0.579009853754413,-0.00249664323287425,60.2523069060167,0.649484536082474,1.56858317410688
0.3,100,FALSE,82,"capped_safeguard",194,0.00876831690111468,-0.212976642585521,60.2523069060167,0.489690721649485,0.993522012578616
0.3,100,FALSE,83,"point",194,0.0308163698628837,-0.0109971440931937,60.786323437016,0,0.547475657117127
0.3,100,FALSE,83,"safeguard",194,1.03135883153825,0.988560703608449,60.786323437016,0.56701030927835,1.01052233973667
0.3,100,FALSE,83,"original_size",194,-1.22134551319584,-0.0113319127066498,60.786323437016,0.628865979381443,1.64012096774194
0.3,100,FALSE,83,"capped_safeguard",194,0.249237851880914,-0.399589908748115,60.786323437016,0.515463917525773,1
0.3,100,FALSE,84,"point",184,0.00928240998120459,-0.039619193757092,67.4606734066626,0.00543478260869565,0.549166401189338
0.3,100,FALSE,84,"safeguard",184,1.00899301070745,0.96092749144969,67.4606734066626,0.543478260869565,1.0105658709107
0.3,100,FALSE,84,"original_size",184,-0.814175659705703,-0.0392144402346606,67.4606734066626,0.619565217391304,1.492304890265
0.3,100,FALSE,84,"capped_safeguard",184,0.0338334116897801,-0.393367128584788,67.4606734066626,0.456521739130435,0.975552798657228
0.3,100,FALSE,85,"point",187,-0.0103026801352149,-0.00973231017139516,60.8605719476702,0.0106951871657754,0.530434782608696
0.3,100,FALSE,85,"safeguard",187,0.990265839736015,0.990773493668284,60.8605719476702,0.518716577540107,1
0.3,100,FALSE,85,"original_size",187,-0.749630038120043,-0.00954792203572396,60.8605719476702,0.593582887700535,1.39736842105263
0.3,100,FALSE,85,"capped_safeguard",187,0.0178565035148915,-0.33779233480024,60.8605719476702,0.459893048128342,0.976470588235294
0.3,100,FALSE,86,"point",189,0.0103635185807974,-0.0233401208672739,64.5804897792662,0,0.529032258064516
0.3,100,FALSE,86,"safeguard",189,1.01155644777906,0.976440898930739,64.5804897792662,0.518518518518518,1
0.3,100,FALSE,86,"original_size",189,-0.941626716659488,-0.023984901400616,64.5804897792662,0.587301587301587,1.32635983263598
0.3,100,FALSE,86,"capped_safeguard",189,0.0907151036365267,-0.376213489589171,64.5804897792662,0.423280423280423,0.956043956043956
0.3,100,FALSE,87,"point",195,-0.0338261476459958,-0.0437053257810002,63.3263081027445,0.00512820512820513,0.519607843137255
0.3,100,FALSE,87,"safeguard",195,0.965173919105745,0.955970635357715,63.3263081027445,0.523076923076923,1
0.3,100,FALSE,87,"original_size",195,-0.992448470636373,-0.0431134911654472,63.3263081027445,0.58974358974359,1.30252100840336
0.3,100,FALSE,87,"capped_safeguard",195,0.167687978786875,-0.295645292387016,63.3263081027445,0.451282051282051,0.972972972972973
0.3,100,FALSE,88,"point",191,0.00375214565885624,0.00853599619373506,62.1721338992519,0,0.524886877828054
0.3,100,FALSE,88,"safeguard",191,1.00385916434011,1.00827361712911,62.1721338992519,0.549738219895288,1.01818181818182
0.3,100,FALSE,88,"original_size",191,-0.43652281250003,0.00844170908451653,62.1721338992519,0.591623036649215,1.29310344827586
0.3,100,FALSE,88,"capped_safeguard",191,0.0426914898720288,-0.131963853577849,62.1721338992519,0.445026178010471,0.964556962025316
0.3,100,FALSE,89,"point",191,-0.00667648945206512,-0.0299022055326779,69.8747154244031,0.00523560209424084,0.535353535353535
0.3,100,FALSE,89,"safeguard",191,0.992195475294258,0.969158225307651,69.8747154244031,0.471204188481675,0.983739837398374
0.3,100,FALSE,89,"original_size",191,-1.12315691887768,-0.0322669419495722,69.8747154244031,0.633507853403141,1.39016393442623
0.3,100,FALSE,89,"capped_safeguard",191,0.11524938202804,-0.39987218916018,69.8747154244031,0.429319371727749,0.966037735849057
0.3,100,FALSE,90,"point",194,-0.0124106703747064,-0.0241284872750975,62.9342802702656,0,0.520408163265306
0.3,100,FALSE,90,"safeguard",194,0.987069282117932,0.975663929433007,62.9342802702656,0.5,0.999378495960224
0.3,100,FALSE,90,"original_size",194,-0.753979846391545,-0.0252325737681087,62.9342802702656,0.572164948453608,1.17789867296446
0.3,100,FALSE,90,"capped_safeguard",194,0.0417179514154687,-0.258708632004294,62.9342802702656,0.417525773195876,0.964365284974093
0.3,100,FALSE,91,"point",189,0.0353326993148493,0.0680504752004737,63.0539601549111,0.0105820105820106,0.53030303030303
0.3,100,FALSE,91,"safeguard",189,1.03334434087736,1.06680830858485,63.0539601549111,0.470899470899471,0.990147783251232
0.3,100,FALSE,91,"original_size",189,-1.41783279285014,0.0662898750278121,63.0539601549111,0.597883597883598,1.45849802371542
0.3,100,FALSE,91,"capped_safeguard",189,0.284567928558748,-0.517147212901482,63.0539601549111,0.391534391534392,0.953020134228188
0.3,100,FALSE,92,"point",195,-0.0138134438620807,0.0285530744082888,63.3001018870451,0.0153846153846154,0.516666666666667
0.3,100,FALSE,92,"safeguard",195,0.985847359917861,1.02942631612113,63.3001018870451,0.487179487179487,0.983673469387755
0.3,100,FALSE,92,"original_size",195,-1.24280084109649,0.0276870384325891,63.3001018870451,0.564102564102564,1.34254143646409
0.3,100,FALSE,92,"capped_safeguard",195,0.195394423130223,-0.280979670658947,63.3001018870451,0.4,0.951612903225806
0.3,100,FALSE,93,"point",186,0.041982492568222,0.0407069451677545,59.2502759395621,0,0.547535800632323
0.3,100,FALSE,93,"safeguard",186,1.04152790643959,1.04053965637164,59.2502759395621,0.516129032258065,1
0.3,100,FALSE,93,"original_size",186,-0.58553427743108,0.0407931997430634,59.2502759395621,0.60752688172043,1.564132641552
0.3,100,FALSE,93,"capped_safeguard",186,0.0252633163225219,-0.320216083824816,59.2502759395621,0.440860215053763,0.974512987012987
0.3,100,FALSE,94,"point",195,-0.000583965045029093,0.00681544073408848,64.6321328254062,0,0.513227513227513
0.3,100,FALSE,94,"safeguard",195,0.999784939206092,1.00662376359082,64.6321328254062,0.466666666666667,0.980392156862745
0.3,100,FALSE,94,"original_size",195,-0.430318383631457,0.00696171995443648,64.6321328254062,0.558974358974359,1.15573770491803
0.3,100,FALSE,94,"capped_safeguard",195,0.0493953773067761,-0.0832114997193364,64.6321328254062,0.364102564102564,0.930232558139535
0.3,100,FALSE,95,"point",190,0.0187591290235745,0.0106566994320506,66.2411981651965,0,0.506779813218391
0.3,100,FALSE,95,"safeguard",190,1.01914018013056,1.01100831967095,66.2411981651965,0.521052631578947,1
0.3,100,FALSE,95,"original_size",190,-0.751918263298785,0.012120421374835,66.2411981651965,0.573684210526316,1.24865296160706
0.3,100,FALSE,95,"capped_safeguard",190,-0.0119071781857462,-0.371606706571819,66.2411981651965,0.421052631578947,0.957188644688645
0.3,100,FALSE,96,"point",188,0.0293196580388996,0.0579032760226666,62.8504308779377,0.00531914893617021,0.522522522522523
0.3,100,FALSE,96,"safeguard",188,1.02899038449583,1.05807403160703,62.8504308779377,0.484042553191489,0.990654205607477
0.3,100,FALSE,96,"original_size",188,-0.523646308266933,0.0581111558031054,62.8504308779377,0.579787234042553,1.17743271221532
0.3,100,FALSE,96,"capped_safeguard",188,0.0555747576103931,-0.124257014628598,62.8504308779377,0.404255319148936,0.966889023650697
0.3,100,FALSE,97,"point",187,0.0207696687490503,-0.0375691062010998,64.8705824885747,0,0.537190082644628
0.3,100,FALSE,97,"safeguard",187,1.02005953687109,0.962089550856379,64.8705824885747,0.529411764705882,1.0014450867052
0.3,100,FALSE,97,"original_size",187,-1.15632816261305,-0.0396323965380295,64.8705824885747,0.6524064171123,1.5748031496063
0.3,100,FALSE,97,"capped_safeguard",187,0.296239787809352,-0.202040302361554,64.8705824885747,0.46524064171123,0.976190476190476
0.3,100,FALSE,98,"point",183,-0.0120351000216918,0.00644290042732963,62.4759890954264,0,0.523809523809524
0.3,100,FALSE,98,"safeguard",183,0.9885970436534,1.00786926433831,62.4759890954264,0.491803278688525,0.993589743589744
0.3,100,FALSE,98,"original_size",183,-0.706912307735562,0.00697456364039365,62.4759890954264,0.584699453551913,1.46206896551724
0.3,100,FALSE,98,"capped_safeguard",183,0.0178036819103803,-0.274910528002318,62.4759890954264,0.426229508196721,0.962732919254658
0.3,100,FALSE,99,"point",191,0.0208613754293915,0.00286924668501071,62.4554015755923,0,0.555555555555556
0.3,100,FALSE,99,"safeguard",191,1.02047239586533,1.00315925544929,62.4554015755923,0.518324607329843,1
0.3,100,FALSE,99,"original_size",191,-0.817019163988073,0.00333192942097193,62.4554015755923,0.659685863874346,1.79232505643341
0.3,100,FALSE,99,"capped_safeguard",191,0.0569092853785866,-0.309358226882103,62.4554015755923,0.408376963350785,0.957894736842105
0.3,100,FALSE,100,"point",191,-0.00159505032815714,-0.00188625242908242,64.9531568099572,0.00523560209424084,0.5
0.3,100,FALSE,100,"safeguard",191,0.99796800013231,0.998202263336563,64.9531568099572,0.460732984293194,0.984375
0.3,100,FALSE,100,"original_size",191,-0.644947851978786,-0.0020307912052591,64.9531568099572,0.549738219895288,1.2280701754386
0.3,100,FALSE,100,"capped_safeguard",191,0.0366468747945529,-0.239661184095863,64.9531568099572,0.3717277486911,0.931034482758621
0.1,500,FALSE,1,"point",177,-0.00411585423132752,0.00336919622050045,104.281780270372,0,0.434885556432518
0.1,500,FALSE,1,"safeguard",177,0.99595795183818,1.00343864518192,104.281780270372,0.553672316384181,1.01216545012165
0.1,500,FALSE,1,"original_size",177,-0.564724341466385,0.00339162137449758,104.281780270372,0.418079096045198,0.665351223362273
0.1,500,FALSE,1,"capped_safeguard",177,-0.0215521630040944,-0.0416280457339249,104.281780270372,0.0677966101694915,0.336473755047106
0.1,500,FALSE,2,"point",174,0.0212034669632234,0.0424516038141665,117.958393695788,0,0.432600516026204
0.1,500,FALSE,2,"safeguard",174,1.02121503003891,1.04239799827188,117.958393695788,0.505747126436782,1.00418448707118
0.1,500,FALSE,2,"original_size",174,-0.850701213692121,0.0423754490043569,117.958393695788,0.408045977011494,0.689138450535794
0.1,500,FALSE,2,"capped_safeguard",174,-0.0217294675044066,-0.0434036872803752,117.958393695788,0.028735632183908,0.307600019680346
0.1,500,FALSE,3,"point",179,-0.00520111108757484,-0.0349126289890841,117.39682830398,0,0.44903777619387
0.1,500,FALSE,3,"safeguard",179,0.994782422669144,0.965096243596361,117.39682830398,0.458100558659218,0.982417582417582
0.1,500,FALSE,3,"original_size",179,-0.626552094676244,-0.034808146268228,117.39682830398,0.41340782122905,0.723151645979493
0.1,500,FALSE,3,"capped_safeguard",179,-0.0297884008575096,-0.0269211157624179,117.39682830398,0.0279329608938547,0.314663310258024
0.1,500,FALSE,4,"point",176,0.00616361730006322,-0.0232169584651385,111.403711940563,0,0.437283552009213
0.1,500,FALSE,4,"safeguard",176,1.00612659027165,0.976801192798163,111.403711940563,0.505681818181818,1.002620072638
0.1,500,FALSE,4,"original_size",176,-0.486061575192875,-0.0231782909788177,111.403711940563,0.357954545454545,0.676761365448171
0.1,500,FALSE,4,"capped_safeguard",176,-0.0155766137846351,-0.032416359252364,111.403711940563,0.0340909090909091,0.294553902236215
0.1,500,FALSE,5,"point",188,-0.00866097321222637,-0.0284312251575843,110.387163724091,0,0.491749170380594
0.1,500,FALSE,5,"safeguard",188,0.991258702264882,0.971717275941167,110.387163724091,0.553191489361702,1.02034510332885
0.1,500,FALSE,5,"original_size",188,-0.978552396556958,-0.0284382994479792,110.387163724091,0.48936170212766,0.952237026071223
0.1,500,FALSE,5,"capped_safeguard",188,-0.0155860122027844,-0.04308390811684,110.387163724091,0.0585106382978723,0.35002268960522
0.1,500,FALSE,6,"point",177,-0.00842421494652803,-0.00819248878053277,110.037837419578,0,0.41553748870822
0.1,500,FALSE,6,"safeguard",177,0.991532476859196,0.991791999669997,110.037837419578,0.525423728813559,1.00811642877134
0.1,500,FALSE,6,"original_size",177,-0.550920205767709,-0.00818446111252643,110.037837419578,0.367231638418079,0.586328815556865
0.1,500,FALSE,6,"capped_safeguard",177,-0.0299012049902784,-0.0395286425266086,110.037837419578,0.0508474576271186,0.294637595757219
0.1,500,FALSE,7,"point",180,-0.00941522465448959,-0.014674805347929,94.9583688284985,0,0.427843260446126
0.1,500,FALSE,7,"safeguard",180,0.990593292173875,0.985519846161971,94.9583688284985,0.55,1.01042180868465
0.1,500,FALSE,7,"original_size",180,-0.567759911674362,-0.0145667624682058,94.9583688284985,0.366666666666667,0.596089642585498
0.1,500,FALSE,7,"capped_safeguard",180,-0.0309291094563685,-0.0349446642323005,94.9583688284985,0.0555555555555556,0.325945379713618
0.1,500,FALSE,8,"point",173,-0.0113184618707457,-0.0104990242089119,100.495572669158,0,0.441370869033048
0.1,500,FALSE,8,"safeguard",173,0.988644318301994,0.989614986337677,100.495572669158,0.485549132947977,0.99390243902439
0.1,500,FALSE,8,"original_size",173,-0.548570702713384,-0.0104499277903059,100.495572669158,0.398843930635838,0.726726726726727
0.1,500,FALSE,8,"capped_safeguard",173,-0.0207207997636855,-0.018657581279323,100.495572669158,0.069364161849711,0.347222222222222
0.1,500,FALSE,9,"point",172,-0.0128659183542985,-0.00992812043448688,137.459009171633,0,0.419612470921755
0.1,500,FALSE,9,"safeguard",172,0.987146089053251,0.990031242758981,137.459009171633,0.488372093023256,0.991911763676831
0.1,500,FALSE,9,"original_size",172,-0.410647909497555,-0.00986547567211658,137.459009171633,0.38953488372093,0.657434160030115
0.1,500,FALSE,9,"capped_safeguard",172,-0.0125057522637983,-0.0114490102189184,137.459009171633,0.0290697674418605,0.313634947410825
0.1,500,FALSE,10,"point",178,0.0227893182986129,0.0226884025797506,109.425942696029,0,0.460821236942852
0.1,500,FALSE,10,"safeguard",178,1.0227332643293,1.02273362179273,109.425942696029,0.449438202247191,0.978243962824111
0.1,500,FALSE,10,"original_size",178,-0.546177492081269,0.0227204301533559,109.425942696029,0.421348314606742,0.83712997513112
0.1,500,FALSE,10,"capped_safeguard",178,-0.061925464615811,-0.0533562387188983,109.425942696029,0.050561797752809,0.323731024687818
0.1,500,FALSE,11,"point",177,-0.00513342619373902,-0.00880120402795326,114.101599796599,0,0.432
0.1,500,FALSE,11,"safeguard",177,0.9948493628231,0.991170115754262,114.101599796599,0.497175141242938,0.997150997150997
0.1,500,FALSE,11,"original_size",177,-0.51878058488143,-0.00899872096270022,114.101599796599,0.384180790960452,0.718002081165453
0.1,500,FALSE,11,"capped_safeguard",177,-0.00672854574157093,-0.00971535758789705,114.101599796599,0.0451977401129944,0.283929585462805
0.1,500,FALSE,12,"point",176,-0.0119728251369424,0.0104966918672128,104.796554342996,0.00568181818181818,0.43143908858552
0.1,500,FALSE,12,"safeguard",176,0.987908987812218,1.01034720882001,104.796554342996,0.551136363636364,1.0145586426979
0.1,500,FALSE,12,"original_size",176,-0.562947156237795,0.0104404561466592,104.796554342996,0.409090909090909,0.76384372604796
0.1,500,FALSE,12,"capped_safeguard",176,-0.0561500565196362,-0.0478273711050054,104.796554342996,0.0625,0.355794321264425
0.1,500,FALSE,13,"point",172,0.00828535293357896,0.00361542250780486,102.499916536142,0,0.451095527196134
0.1,500,FALSE,13,"safeguard",172,1.00826340015132,1.0035722617379,102.499916536142,0.453488372093023,0.982234113779847
0.1,500,FALSE,13,"original_size",172,-0.317692324831934,0.00362424940914371,102.499916536142,0.453488372093023,0.805331931300386
0.1,500,FALSE,13,"capped_safeguard",172,-0.0148579414504747,-0.0192428605183422,102.499916536142,0.0755813953488372,0.358595754966853
0.1,500,FALSE,14,"point",182,-0.00352053805839787,0.0103246312888677,101.085407435698,0,0.464040025911934
0.1,500,FALSE,14,"safeguard",182,0.996443317891206,1.0102746455711,101.085407435698,0.472527472527473,0.991008007232339
0.1,500,FALSE,14,"original_size",182,-0.545894374749404,0.0101042392532759,101.085407435698,0.472527472527473,0.849801045309795
0.1,500,FALSE,14,"capped_safeguard",182,-0.0354335993695429,-0.0311194134817645,101.085407435698,0.0714285714285714,0.356976931368733
0.1,500,FALSE,15,"point",177,-0.00556438762537049,0.00111690387360314,120.749298674325,0,0.428139183055976
0.1,500,FALSE,15,"safeguard",177,0.99438933783658,1.00109939665938,120.749298674325,0.480225988700565,0.991853360488798
0.1,500,FALSE,15,"original_size",177,-0.357658022229582,0.00110280910443217,120.749298674325,0.361581920903955,0.686363636363636
0.1,500,FALSE,15,"capped_safeguard",177,-0.0138175870488961,-0.0171344270564207,120.749298674325,0.0338983050847458,0.298329355608592
0.1,500,FALSE,16,"point",172,0.00418429851197293,0.0212425872525296,110.913840273017,0,0.429345174950286
0.1,500,FALSE,16,"safeguard",172,1.00416208519471,1.02129499981753,110.913840273017,0.465116279069767,0.983195815004161
0.1,500,FALSE,16,"original_size",172,-0.677450951935467,0.021201622413805,110.913840273017,0.395348837209302,0.76239345866808
0.1,500,FALSE,16,"capped_safeguard",172,-0.0274788847887253,-0.0437800735700462,110.913840273017,0.0465116279069767,0.364169150602643
0.1,500,FALSE,17,"point",169,-0.0157960546199436,0.0378949833752169,108.596068147335,0,0.45021645021645
0.1,500,FALSE,17,"safeguard",169,0.984216510227316,1.03779340580329,108.596068147335,0.538461538461538,1.00778642936596
0.1,500,FALSE,17,"original_size",169,-0.927130185267805,0.0379337204232094,108.596068147335,0.42603550295858,0.817102137767221
0.1,500,FALSE,17,"capped_safeguard",169,-0.0469095875773368,-0.079383038077221,108.596068147335,0.0650887573964497,0.375657400450789
0.1,500,FALSE,18,"point",176,0.00161970983003541,-0.0129826021036968,105.15789458906,0,0.435877166311949
0.1,500,FALSE,18,"safeguard",176,1.00162983239182,0.987033510423202,105.15789458906,0.539772727272727,1.01115938464092
0.1,500,FALSE,18,"original_size",176,-0.433763384566335,-0.01290017270155,105.15789458906,0.357954545454545,0.686225832990539
0.1,500,FALSE,18,"capped_safeguard",176,-0.0414741232464696,-0.039069657299124,105.15789458906,0.0738636363636364,0.333118504078205
0.1,500,FALSE,19,"point",179,-0.0103380481802916,-0.0145924719698666,112.937688742006,0,0.431614939505523
0.1,500,FALSE,19,"safeguard",179,0.989644561880769,0.985407460268544,112.937688742006,0.486033519553073,0.995192720405185
0.1,500,FALSE,19,"original_size",179,-0.66908484395738,-0.0145597369672663,112.937688742006,0.391061452513966,0.697019867549669
0.1,500,FALSE,19,"capped_safeguard",179,-0.0318286870024706,-0.0462978117747371,112.937688742006,0.0446927374301676,0.332667997338656
0.1,500,FALSE,20,"point",174,0.00929010436674026,0.000828996035022696,105.205424914367,0.00574712643678161,0.448600248819785
0.1,500,FALSE,20,"safeguard",174,1.00930794769948,1.00084364225133,105.205424914367,0.580459770114943,1.01974672185188
0.1,500,FALSE,20,"original_size",174,-0.465112573163456,0.0010034342859366,105.205424914367,0.396551724137931,0.71014670800461
0.1,500,FALSE,20,"capped_safeguard",174,-0.015181535602211,-0.0285616238459781,105.205424914367,0.0747126436781609,0.327867936385668
0.1,500,FALSE,21,"point",178,-0.00530151826906806,-0.0092352213926829,122.264827644694,0,0.40031468087382
0.1,500,FALSE,21,"safeguard",178,0.99458683979131,0.990750902657436,122.264827644694,0.50561797752809,1.00267429213913
0.1,500,FALSE,21,"original_size",178,-0.792292307416337,-0.00912580730483444,122.264827644694,0.314606741573034,0.537565203188959
0.1,500,FALSE,21,"capped_safeguard",178,-0.00895840608098367,-0.0231372365121575,122.264827644694,0.0168539325842697,0.275564052050549
0.1,500,FALSE,22,"point",170,-0.014016698672608,-0.0172380456512254,103.015807646458,0,0.430546660755045
0.1,500,FALSE,22,"safeguard",170,0.986038547698786,0.982769522104377,103.015807646458,0.552941176470588,1.01681302801245
0.1,500,FALSE,22,"original_size",170,-0.435122820981351,-0.01727578135171,103.015807646458,0.411764705882353,0.695066255928805
0.1,500,FALSE,22,"capped_safeguard",170,-0.0272850460915544,-0.0335886726328537,103.015807646458,0.0764705882352941,0.332172072409763
0.1,500,FALSE,23,"point",177,0.0123563403484268,0.0106471143600913,109.964781377265,0,0.404861693210394
0.1,500,FALSE,23,"safeguard",177,1.01236599314342,1.01057944413279,109.964781377265,0.474576271186441,0.985912292660759
0.1,500,FALSE,23,"original_size",177,-0.615719151992589,0.0107866837097535,109.964781377265,0.372881355932203,0.577396657871592
0.1,500,FALSE,23,"capped_safeguard",177,-0.0130919395530941,-0.0272124129402573,109.964781377265,0.0338983050847458,0.317863954227591
0.1,500,FALSE,24,"point",171,-0.00785897752993402,0.00322970950120936,125.405612541559,0,0.408871745419479
0.1,500,FALSE,24,"safeguard",171,0.992144128755927,1.00320651758155,125.405612541559,0.555555555555556,1.02266646848989
0.1,500,FALSE,24,"original_size",171,-0.62868342197637,0.00335575524885861,125.405612541559,0.35672514619883,0.616666666666667
0.1,500,FALSE,24,"capped_safeguard",171,-0.0157527538927551,-0.0216026701887557,125.405612541559,0.0467836257309941,0.252652854977261
0.1,500,FALSE,25,"point",185,0.0136336249958054,-0.00409171378327201,110.180920189488,0,0.408351810790835
0.1,500,FALSE,25,"safeguard",185,1.01367440716997,0.99576639477621,110.180920189488,0.45945945945946,0.992063492063492
0.1,500,FALSE,25,"original_size",185,-0.606456947447374,-0.00401335284081783,110.180920189488,0.345945945945946,0.636511375947996
0.1,500,FALSE,25,"capped_safeguard",185,-0.0329333872654528,-0.0176581420034336,110.180920189488,0.027027027027027,0.300661455201443
0.1,500,FALSE,26,"point",175,0.00608269146921313,0.00413183094368761,105.707369437291,0,0.386806596701649
0.1,500,FALSE,26,"safeguard",175,1.00607905022631,1.00413426975686,105.707369437291,0.502857142857143,1.00035890533872
0.1,500,FALSE,26,"original_size",175,-0.310857627831677,0.00420617387309633,105.707369437291,0.325714285714286,0.514965464313124
0.1,500,FALSE,26,"capped_safeguard",175,-0.00422677987613942,-0.00657173082039575,105.707369437291,0.0342857142857143,0.264690312334569
0.1,500,FALSE,27,"point",181,0.00352856999508219,0.00336253603493284,116.142874249003,0.00552486187845304,0.426486683692083
0.1,500,FALSE,27,"safeguard",181,1.00349471519487,1.00335699178673,116.142874249003,0.480662983425414,0.991704464072571
0.1,500,FALSE,27,"original_size",181,-0.418691101091482,0.00345600298004012,116.142874249003,0.425414364640884,0.801315789473684
0.1,500,FALSE,27,"capped_safeguard",181,-0.022530159018637,-0.0289830759743745,116.142874249003,0.0552486187845304,0.340599455040872
0.1,500,FALSE,28,"point",184,0.00278284805876502,0.00489469336673214,118.183214680885,0,0.460173679538027
0.1,500,FALSE,28,"safeguard",184,1.00285041205763,1.00492680604095,118.183214680885,0.451086956521739,0.987479250570492
0.1,500,FALSE,28,"original_size",184,-0.512627201147962,0.00483523328974697,118.183214680885,0.451086956521739,0.846788965060276
0.1,500,FALSE,28,"capped_safeguard",184,-0.0286763160964055,-0.0312760078561974,118.183214680885,0.0489130434782609,0.335009315166887
0.1,500,FALSE,29,"point",179,0.0166951559721189,0.0309698168689945,109.269521285276,0,0.454787234042553
0.1,500,FALSE,29,"safeguard",179,1.0167052561162,1.03103055489324,109.269521285276,0.536312849162011,1.00792393026941
0.1,500,FALSE,29,"original_size",179,-0.760362626920022,0.0310478190283045,109.269521285276,0.424581005586592,0.824902723735409
0.1,500,FALSE,29,"capped_safeguard",179,-0.0276283357850436,-0.0649067572044271,109.269521285276,0.0670391061452514,0.370644922164566
0.1,500,FALSE,30,"point",175,-0.00232209331886875,0.00895807362515698,105.982249606357,0,0.432388924661945
0.1,500,FALSE,30,"safeguard",175,0.997690987945478,1.00902040036298,105.982249606357,0.468571428571429,0.989154013015184
0.1,500,FALSE,30,"original_size",175,-0.60921469712162,0.00910486909172146,105.982249606357,0.4,0.745119305856833
0.1,500,FALSE,30,"capped_safeguard",175,-0.014535016513533,-0.0441036157806097,105.982249606357,0.0457142857142857,0.340367597004765
0.1,500,FALSE,31,"point",179,-0.0181434092014446,-0.0329092760736733,110.70338690931,0,0.41588785046729
0.1,500,FALSE,31,"safeguard",179,0.981949824236639,0.96711161333767,110.70338690931,0.502793296089385,1
0.1,500,FALSE,31,"original_size",179,-0.741553879693327,-0.0328646021985509,110.70338690931,0.357541899441341,0.627450980392157
0.1,500,FALSE,31,"capped_safeguard",179,-0.0481033340930524,-0.0820268780163591,110.70338690931,0.0223463687150838,0.322164948453608
0.1,500,FALSE,32,"point",173,-0.000103644942227657,0.0167544837610634,116.187036184297,0,0.44331700489853
0.1,500,FALSE,32,"safeguard",173,0.999852946578746,1.01672916616684,116.187036184297,0.485549132947977,0.995575221238938
0.1,500,FALSE,32,"original_size",173,-0.646833665393107,0.0167856210694433,116.187036184297,0.410404624277457,0.792089249492901
0.1,500,FALSE,32,"capped_safeguard",173,-0.0230632201652925,-0.0279116951043026,116.187036184297,0.0635838150289017,0.313087038196619
0.1,500,FALSE,33,"point",185,0.00926372186034456,-0.00790966877701805,113.801680518964,0,0.396729776247849
0.1,500,FALSE,33,"safeguard",185,1.00923102081746,0.992002468692821,113.801680518964,0.513513513513513,1.0109450685355
0.1,500,FALSE,33,"original_size",185,-0.399083051138329,-0.00804147446662013,113.801680518964,0.362162162162162,0.570900123304562
0.1,500,FALSE,33,"capped_safeguard",185,-0.0130474015140842,-0.0226425580537771,113.801680518964,0.0162162162162162,0.30229746070133
0.1,500,FALSE,34,"point",176,-0.0304317824617057,-0.0550628521873611,106.544016365137,0,0.447798155712244
0.1,500,FALSE,34,"safeguard",176,0.969547941446455,0.944928344347189,106.544016365137,0.505681818181818,1.0015187077178
0.1,500,FALSE,34,"original_size",176,-0.631375628236178,-0.0551719027430281,106.544016365137,0.409090909090909,0.741335372883142
0.1,500,FALSE,34,"capped_safeguard",176,-0.0561482588214973,-0.0795219194181528,106.544016365137,0.0511363636363636,0.300789125925797
0.1,500,FALSE,35,"point",177,-0.00597786303835934,0.00736897427896565,104.112758996718,0,0.403899131171858
0.1,500,FALSE,35,"safeguard",177,0.994008018322213,1.00736216442234,104.112758996718,0.468926553672316,0.990363232023721
0.1,500,FALSE,35,"original_size",177,-0.364857062024085,0.00745153038965816,104.112758996718,0.406779661016949,0.569902461681375
0.1,500,FALSE,35,"capped_safeguard",177,-0.00717225296601974,-0.0163075915040042,104.112758996718,0.0395480225988701,0.328731097961867
0.1,500,FALSE,36,"point",175,-0.0055188281447715,0.0125390599189957,108.891921989949,0,0.427718832891247
0.1,500,FALSE,36,"safeguard",175,0.99443153889305,1.01253771417198,108.891921989949,0.548571428571429,1.01138450238707
0.1,500,FALSE,36,"original_size",175,-0.451958143632846,0.0126539468614575,108.891921989949,0.388571428571429,0.638025594149909
0.1,500,FALSE,36,"capped_safeguard",175,-0.0332094671121895,-0.0431100596542007,108.891921989949,0.0457142857142857,0.287852619458837
0.1,500,FALSE,37,"point",179,-0.0109281276608643,-0.000919158215322175,114.285842950471,0,0.382022471910112
0.1,500,FALSE,37,"safeguard",179,0.989108562449536,0.999138500057584,114.285842950471,0.452513966480447,0.982708933717579
0.1,500,FALSE,37,"original_size",179,-0.33471599567181,-0.000857752655602706,114.285842950471,0.312849162011173,0.493683851143735
0.1,500,FALSE,37,"capped_safeguard",179,-0.0408280925130296,-0.0407354227849524,114.285842950471,0.0502793296089385,0.270709258256632
0.1,500,FALSE,38,"point",174,-0.00364906915081656,-0.0206061081256287,101.028754508592,0,0.407706733296244
0.1,500,FALSE,38,"safeguard",174,0.996296830310853,0.979307258051428,101.028754508592,0.482758620689655,0.996789581398354
0.1,500,FALSE,38,"original_size",174,-0.49350196239972,-0.0206790941346425,101.028754508592,0.310344827586207,0.578980625491739
0.1,500,FALSE,38,"capped_safeguard",174,-0.0316079124049533,-0.0511066032213786,101.028754508592,0.0459770114942529,0.257533672378436
0.1,500,FALSE,39,"point",178,-0.0309413786315164,-0.0363855085564062,117.358874625018,0,0.455119462624536
0.1,500,FALSE,39,"safeguard",178,0.969139335833636,0.963690513433824,117.358874625018,0.49438202247191,0.995973423464169
0.1,500,FALSE,39,"original_size",178,-0.548026743254063,-0.036111406652558,117.358874625018,0.432584269662921,0.777622811431744
0.1,500,FALSE,39,"capped_safeguard",178,-0.0264279828238533,-0.0344875571578624,117.358874625018,0.0617977528089888,0.333282264098994
0.1,500,FALSE,40,"point",183,-0.0103120002082378,-0.00151405742256733,114.785160999874,0,0.443919716646989
0.1,500,FALSE,40,"safeguard",183,0.989683754299606,0.998462791851591,114.785160999874,0.524590163934426,1.00398009950249
0.1,500,FALSE,40,"original_size",183,-0.464641184772364,-0.00141303945047935,114.785160999874,0.40983606557377,0.6998556998557
0.1,500,FALSE,40,"capped_safeguard",183,-0.0171287091646134,-0.024907677708168,114.785160999874,0.0327868852459016,0.315855969677827
0.1,500,FALSE,41,"point",176,0.0154371942152443,0.0117842428368524,108.199811889092,0,0.426283881439277
0.1,500,FALSE,41,"safeguard",176,1.01541926175721,1.01168216061141,108.199811889092,0.505681818181818,1.00234794275492
0.1,500,FALSE,41,"original_size",176,-0.494430497439466,0.0116984426887206,108.199811889092,0.409090909090909,0.580846079827231
0.1,500,FALSE,41,"capped_safeguard",176,-0.015483142491252,-0.0145800439911867,108.199811889092,0.0454545454545455,0.277085086388512
0.1,500,FALSE,42,"point",175,0.00752947728353921,0.0118620243247749,105.317129335469,0,0.3769669327252
0.1,500,FALSE,42,"safeguard",175,1.00750683703161,1.01187397250957,105.317129335469,0.485714285714286,0.988069414316703
0.1,500,FALSE,42,"original_size",175,-0.404231224814539,0.0118462247627229,105.317129335469,0.314285714285714,0.475213675213675
0.1,500,FALSE,42,"capped_safeguard",175,-0.0261462022041436,-0.027094596704082,105.317129335469,0.0342857142857143,0.257864878803507
0.1,500,FALSE,43,"point",182,0.023643331748476,0.0116262762331346,102.146268455339,0,0.471302531951705
0.1,500,FALSE,43,"safeguard",182,1.02362381552243,1.01156196342718,102.146268455339,0.43956043956044,0.971874527588813
0.1,500,FALSE,43,"original_size",182,-0.447125663280374,0.011625510617865,102.146268455339,0.510989010989011,1.01592519043932
0.1,500,FALSE,43,"capped_safeguard",182,-0.0193706364335366,-0.0333150158652914,102.146268455339,0.0604395604395604,0.352883458805775
0.1,500,FALSE,44,"point",174,-0.018006927986496,-0.00399086709110337,115.756445896718,0,0.401969212199057
0.1,500,FALSE,44,"safeguard",174,0.98194960202292,0.996067545646389,115.756445896718,0.431034482758621,0.979947167339731
0.1,500,FALSE,44,"original_size",174,-0.624276698060403,-0.0039613331231282,115.756445896718,0.350574712643678,0.555540660286427
0.1,500,FALSE,44,"capped_safeguard",174,-0.0231196800116456,-0.029918660380623,115.756445896718,0.028735632183908,0.270639344617712
0.1,500,FALSE,45,"point",174,0.00684693175849648,0.00903543411069677,117.420084708342,0.00574712643678161,0.393417907703622
0.1,500,FALSE,45,"safeguard",174,1.00682803514904,1.00900521915214,117.420084708342,0.540229885057471,1.01733210585653
0.1,500,FALSE,45,"original_size",174,-0.637621631783837,0.00894515448589146,117.420084708342,0.35632183908046,0.469261750292641
0.1,500,FALSE,45,"capped_safeguard",174,-0.0113435813093545,-0.0175928749659461,117.420084708342,0.028735632183908,0.257600269677356
0.1,500,FALSE,46,"point",176,-0.0117073455720994,-0.0343743993953848,109.578000931792,0,0.431197464828128
0.1,500,FALSE,46,"safeguard",176,0.98827935897548,0.965744375816304,109.578000931792,0.522727272727273,1.01436398702551
0.1,500,FALSE,46,"original_size",176,-0.694513053793337,-0.0341524239460217,109.578000931792,0.420454545454545,0.732289963604301
0.1,500,FALSE,46,"capped_safeguard",176,-0.015069311089045,-0.037902315677124,109.578000931792,0.0340909090909091,0.327446304810266
0.1,500,FALSE,47,"point",179,-0.00991901321225911,0.00627098877463782,121.038723405784,0.00558659217877095,0.442321822189567
0.1,500,FALSE,47,"safeguard",179,0.99018021021166,1.00630719406096,121.038723405784,0.491620111731844,0.993830167234941
0.1,500,FALSE,47,"original_size",179,-0.724493680689981,0.00631000836662252,121.038723405784,0.424581005586592,0.800739957716702
0.1,500,FALSE,47,"capped_safeguard",179,-0.0283415577468582,-0.032973813879002,121.038723405784,0.0446927374301676,0.316255534471853
0.1,500,FALSE,48,"point",178,0.000954291783793934,0.0180874951660855,104.292655791844,0.00561797752808989,0.463814078547186
0.1,500,FALSE,48,"safeguard",178,1.00088432682596,1.01800089899625,104.292655791844,0.533707865168539,1.00780009920635
0.1,500,FALSE,48,"original_size",178,-0.835364716008586,0.0180456876037109,104.292655791844,0.460674157303371,0.830954246666115
0.1,500,FALSE,48,"capped_safeguard",178,-0.0532278427276501,-0.0568764257006552,104.292655791844,0.0674157303370786,0.354126469656188
0.1,500,FALSE,49,"point",173,-0.00386235662560941,7.36544021903624e-05,116.113817283285,0,0.440331491712707
0.1,500,FALSE,49,"safeguard",173,0.996028491352064,1.0000227961052,116.113817283285,0.468208092485549,0.987121699935608
0.1,500,FALSE,49,"original_size",173,-0.427743041589124,2.45476075595729e-05,116.113817283285,0.404624277456647,0.747284576393917
0.1,500,FALSE,49,"capped_safeguard",173,-0.0230869651939866,-0.0303019135780358,116.113817283285,0.0346820809248555,0.336927223719677
0.1,500,FALSE,50,"point",182,-0.0148207823398399,-0.0146444086237508,114.915314597455,0,0.423275399000337
0.1,500,FALSE,50,"safeguard",182,0.985175894050131,0.985418589497213,114.915314597455,0.489010989010989,0.992106438648373
0.1,500,FALSE,50,"original_size",182,-0.945909391111937,-0.0144925452066226,114.915314597455,0.401098901098901,0.64111953192492
0.1,500,FALSE,50,"capped_safeguard",182,-0.0203245464554493,-0.042358656978198,114.915314597455,0.0549450549450549,0.325369782652138
0.1,500,FALSE,51,"point",176,0.0243059995597835,0.0298610863834813,104.73987718897,0,0.454611213540222
0.1,500,FALSE,51,"safeguard",176,1.02427959437566,1.02980113689626,104.73987718897,0.522727272727273,1.01550059485678
0.1,500,FALSE,51,"original_size",176,-0.606723192164493,0.0299398676673625,104.73987718897,0.403409090909091,0.721878771198103
0.1,500,FALSE,51,"capped_safeguard",176,-0.0111665263933035,-0.0104108485922445,104.73987718897,0.0340909090909091,0.34436584744593
0.1,500,FALSE,52,"point",188,0.00715672125662011,0.00207747728848672,111.908276320599,0,0.42154565808412
0.1,500,FALSE,52,"safeguard",188,1.00713085211887,1.00206937911446,111.908276320599,0.473404255319149,0.987935246379792
0.1,500,FALSE,52,"original_size",188,-0.493886419623602,0.00203161553773336,111.908276320599,0.398936170212766,0.672879715660789
0.1,500,FALSE,52,"capped_safeguard",188,-0.0288053881688098,-0.0353556250073924,111.908276320599,0.0585106382978723,0.359475266861625
0.1,500,FALSE,53,"point",177,-0.00626813391596594,0.00105749403122437,112.09889730165,0,0.444241316270567
0.1,500,FALSE,53,"safeguard",177,0.993724257614677,1.00107513416966,112.09889730165,0.548022598870056,1.01046598554697
0.1,500,FALSE,53,"original_size",177,-0.363174800321833,0.00108859868792496,112.09889730165,0.395480225988701,0.751730959446093
0.1,500,FALSE,53,"capped_safeguard",177,-0.0268273393915413,-0.0281511667412579,112.09889730165,0.0734463276836158,0.310945273631841
0.1,500,FALSE,54,"point",175,-0.0172274395290874,-0.0346295051779909,115.736296386813,0,0.432266009852217
0.1,500,FALSE,54,"safeguard",175,0.982800780258872,0.965413330539043,115.736296386813,0.468571428571429,0.989532019704433
0.1,500,FALSE,54,"original_size",175,-0.613506519373667,-0.0346979681407617,115.736296386813,0.405714285714286,0.740806854694752
0.1,500,FALSE,54,"capped_safeguard",175,-0.0394075676017393,-0.0520133488176237,115.736296386813,0.0171428571428571,0.282965478211658
0.1,500,FALSE,55,"point",179,-0.0134448768343201,-0.0382490298745049,110.628049119952,0,0.447313619325281
0.1,500,FALSE,55,"safeguard",179,0.986578785415159,0.961702897583031,110.628049119952,0.491620111731844,0.998679867986799
0.1,500,FALSE,55,"original_size",179,-0.75301384188755,-0.038337216475565,110.628049119952,0.407821229050279,0.694568690095847
0.1,500,FALSE,55,"capped_safeguard",179,-0.0530568521404665,-0.0837184000955651,110.628049119952,0.0446927374301676,0.33178500331785
0.1,500,FALSE,56,"point",184,-0.00263602621079683,0.00949187294909515,101.85786367561,0,0.458164830955543
0.1,500,FALSE,56,"safeguard",184,0.997322514661378,1.00943414583536,101.85786367561,0.570652173913043,1.02606534981188
0.1,500,FALSE,56,"original_size",184,-0.542831523816301,0.00941997304264431,101.85786367561,0.402173913043478,0.681150419795097
0.1,500,FALSE,56,"capped_safeguard",184,-0.022818706952427,-0.017904381166492,101.85786367561,0.0652173913043478,0.312604559824637
0.1,500,FALSE,57,"point",170,-0.00449714808655135,-0.00113487226333439,111.769442619092,0,0.409434831353259
0.1,500,FALSE,57,"safeguard",170,0.995523807993421,0.998745580745625,111.769442619092,0.464705882352941,0.982216016642615
0.1,500,FALSE,57,"original_size",170,-0.55149268758044,-0.00103274099275236,111.769442619092,0.370588235294118,0.611681499803976
0.1,500,FALSE,57,"capped_safeguard",170,-0.0163986705430989,-0.042019036735417,111.769442619092,0.0352941176470588,0.30732347883378
0.1,500,FALSE,58,"point",168,-0.00922153285716041,0.00581661383877401,115.846316850781,0,0.398748495632295
0.1,500,FALSE,58,"safeguard",168,0.990721980659069,1.00576154440108,115.846316850781,0.44047619047619,0.978014828995281
0.1,500,FALSE,58,"original_size",168,-0.582020040743993,0.00569436978328182,115.846316850781,0.351190476190476,0.594106939431261
0.1,500,FALSE,58,"capped_safeguard",168,-0.016640250623779,-0.025365382197331,115.846316850781,0.0297619047619048,0.291295977756629
0.1,500,FALSE,59,"point",178,0.02135907562038,0.0248413228546758,99.9970055765823,0,0.444098046565871
0.1,500,FALSE,59,"safeguard",178,1.02135731483746,1.02488974392077,99.9970055765823,0.52247191011236,1.0129465779397
0.1,500,FALSE,59,"original_size",178,-0.708162371891008,0.0251444107231326,99.9970055765823,0.449438202247191,0.700869370267039
0.1,500,FALSE,59,"capped_safeguard",178,-0.0342922063488543,-0.0498898650647391,99.9970055765823,0.0449438202247191,0.354107826334688
0.1,500,FALSE,60,"point",174,-0.00529883897358781,0.0357493780936644,110.596931921872,0,0.437931953038701
0.1,500,FALSE,60,"safeguard",174,0.994630415426097,1.03571990124394,110.596931921872,0.517241379310345,1.00360846281591
0.1,500,FALSE,60,"original_size",174,-1.02631049865598,0.0357885088247597,110.596931921872,0.390804597701149,0.773716373148127
0.1,500,FALSE,60,"capped_safeguard",174,-0.0139636982694442,-0.0700674548173129,110.596931921872,0.0344827586206897,0.329710898005081
0.1,500,FALSE,61,"point",171,-0.00168385204007807,-0.00420782918447522,119.226747773784,0,0.420026007802341
0.1,500,FALSE,61,"safeguard",171,0.998352998661717,0.995772489770142,119.226747773784,0.47953216374269,0.992663128317203
0.1,500,FALSE,61,"original_size",171,-0.474814511347777,-0.00421525524660043,119.226747773784,0.368421052631579,0.703588143525741
0.1,500,FALSE,61,"capped_safeguard",171,-0.0170842369851333,-0.0284724545686841,119.226747773784,0.0409356725146199,0.310945273631841
0.1,500,FALSE,62,"point",184,-0.011497676937491,-0.0222356184208348,108.703535632525,0,0.432355098110488
0.1,500,FALSE,62,"safeguard",184,0.98852682335365,0.977739111420225,108.703535632525,0.53804347826087,1.00784624681706
0.1,500,FALSE,62,"original_size",184,-0.60359273154589,-0.0222709838709688,108.703535632525,0.391304347826087,0.707182354526474
0.1,500,FALSE,62,"capped_safeguard",184,-0.040973348392186,-0.0525661018545217,108.703535632525,0.0434782608695652,0.312987206305184
0.1,500,FALSE,63,"point",186,-0.000160404959653445,-0.0207077080563424,114.480651889193,0,0.397635794146934
0.1,500,FALSE,63,"safeguard",186,0.999783035702643,0.97914838679406,114.480651889193,0.467741935483871,0.980262813569918
0.1,500,FALSE,63,"original_size",186,-0.772044961536252,-0.020841562687051,114.480651889193,0.344086021505376,0.614739961996034
0.1,500,FALSE,63,"capped_safeguard",186,-0.0409014813903507,-0.101775157858567,114.480651889193,0.0537634408602151,0.312795722574752
0.1,500,FALSE,64,"point",169,-0.0263121984244237,-0.00675248349815962,95.286755199268,0,0.452651515151515
0.1,500,FALSE,64,"safeguard",169,0.973687015486208,0.993313496928515,95.286755199268,0.526627218934911,1.01331987891019
0.1,500,FALSE,64,"original_size",169,-0.591054671121411,-0.00662778400287233,95.286755199268,0.414201183431953,0.724953902888752
0.1,500,FALSE,64,"capped_safeguard",169,-0.0348377293237292,-0.0429484542119576,95.286755199268,0.0414201183431953,0.34435261707989
0.1,500,FALSE,65,"point",176,0.00509113805853053,0.0114980384392922,103.508940446499,0.00568181818181818,0.438959317750793
0.1,500,FALSE,65,"safeguard",176,1.00509820024765,1.01155153846524,103.508940446499,0.511363636363636,1.006244688147
0.1,500,FALSE,65,"original_size",176,-0.512212667507573,0.0114940307294219,103.508940446499,0.397727272727273,0.821148125730303
0.1,500,FALSE,65,"capped_safeguard",176,-0.0136706133889906,-0.0222703779944637,103.508940446499,0.0397727272727273,0.331677914013243
0.1,500,FALSE,66,"point",173,0.00180420548894572,0.0217766393151298,107.156188199852,0,0.423107569721116
0.1,500,FALSE,66,"safeguard",173,1.00179593995737,1.02166950913663,107.156188199852,0.468208092485549,0.991560252033133
0.1,500,FALSE,66,"original_size",173,-0.54586549595401,0.0217663159617706,107.156188199852,0.375722543352601,0.60498687664042
0.1,500,FALSE,66,"capped_safeguard",173,-0.0175730029991321,-0.0265609607272621,107.156188199852,0.023121387283237,0.268096514745308
0.1,500,FALSE,67,"point",181,0.0175405382827632,-0.00159273591599319,112.588900981116,0,0.450704225352113
0.1,500,FALSE,67,"safeguard",181,1.01762975950311,0.998496640434493,112.588900981116,0.580110497237569,1.02480949189565
0.1,500,FALSE,67,"original_size",181,-0.689414147061853,-0.00162264420582417,112.588900981116,0.430939226519337,0.809859154929577
0.1,500,FALSE,67,"capped_safeguard",181,-0.0177151161458662,-0.0276635226922684,112.588900981116,0.0607734806629834,0.344589937973811
0.1,500,FALSE,68,"point",177,1.38515169102003e-06,-0.02045822166919,118.849522683432,0,0.44122965641953
0.1,500,FALSE,68,"safeguard",177,1.00003840766948,0.979494569193106,118.849522683432,0.525423728813559,1.00910746812386
0.1,500,FALSE,68,"original_size",177,-0.39473698992278,-0.0204305983781865,118.849522683432,0.406779661016949,0.771798704534131
0.1,500,FALSE,68,"capped_safeguard",177,-0.0110749474599261,-0.018067629119931,118.849522683432,0.0395480225988701,0.319488817891374
0.1,500,FALSE,69,"point",177,-0.0189283161914401,-0.0373920016110179,106.712664406768,0.00564971751412429,0.420253164556962
0.1,500,FALSE,69,"safeguard",177,0.981117192172548,0.962590118025651,106.712664406768,0.514124293785311,1.00420315236427
0.1,500,FALSE,69,"original_size",177,-0.724593714015372,-0.0374341252471873,106.712664406768,0.378531073446328,0.670839469808542
0.1,500,FALSE,69,"capped_safeguard",177,-0.0301982213474573,-0.0524790570436416,106.712664406768,0.0282485875706215,0.308451573103023
0.1,500,FALSE,70,"point",179,0.00111081292038097,-0.00675620515757499,118.969744209812,0.00558659217877095,0.453797774552492
0.1,500,FALSE,70,"safeguard",179,1.00125050056269,0.993380494719208,118.969744209812,0.519553072625698,1.00509857239973
0.1,500,FALSE,70,"original_size",179,-0.971083325558548,-0.00662426304825501,118.969744209812,0.418994413407821,0.73344280240832
0.1,500,FALSE,70,"capped_safeguard",179,-0.0421023082037354,-0.0892120222711872,118.969744209812,0.0167597765363128,0.385208012326656
0.1,500,FALSE,71,"point",170,0.00434181313370877,0.00591625932234156,115.815260560782,0,0.466940662407895
0.1,500,FALSE,71,"safeguard",170,1.00433402162309,1.00594022321393,115.815260560782,0.488235294117647,0.997392618508074
0.1,500,FALSE,71,"original_size",170,-0.398157507225701,0.00599555269344155,115.815260560782,0.470588235294118,0.882912519499165
0.1,500,FALSE,71,"capped_safeguard",170,-0.012256775540805,-0.0203339172284844,115.815260560782,0.0529411764705882,0.368867626729365
0.1,500,FALSE,72,"point",179,0.0157383159821277,-0.00919508957035137,104.319680810769,0,0.452360515021459
0.1,500,FALSE,72,"safeguard",179,1.01583604564466,0.990791417015115,104.319680810769,0.474860335195531,0.984532095901005
0.1,500,FALSE,72,"original_size",179,-0.941991641535833,-0.00902994998520632,104.319680810769,0.402234636871508,0.790078644888082
0.1,500,FALSE,72,"capped_safeguard",179,-0.0240197029840941,-0.108646690477886,104.319680810769,0.0670391061452514,0.371747211895911
0.1,500,FALSE,73,"point",170,-0.0288475100598253,-0.0192312472253668,114.13419689642,0.0117647058823529,0.416871672205898
0.1,500,FALSE,73,"safeguard",170,0.971237485311954,0.980923558117294,114.13419689642,0.517647058823529,1.01068491741815
0.1,500,FALSE,73,"original_size",170,-0.804343586330981,-0.0188139831589872,114.13419689642,0.358823529411765,0.627414173308874
0.1,500,FALSE,73,"capped_safeguard",170,-0.0226744323406833,-0.0564789082854805,114.13419689642,0.0411764705882353,0.309987239210983
0.1,500,FALSE,74,"point",169,0.00739653292707889,-0.000389382585886359,107.541505644568,0,0.422010398613518
0.1,500,FALSE,74,"safeguard",169,1.00746845411221,0.999644883762757,107.541505644568,0.520710059171598,1.01503267973856
0.1,500,FALSE,74,"original_size",169,-0.538943094682294,-0.000360215952952109,107.541505644568,0.408284023668639,0.629375
0.1,500,FALSE,74,"capped_safeguard",169,-0.0495436520511581,-0.047531431669798,107.541505644568,0.0591715976331361,0.308832612723904
0.1,500,FALSE,75,"point",182,0.0294193945348037,0.0171734630339069,105.29035262787,0,0.452691713986438
0.1,500,FALSE,75,"safeguard",182,1.02939840529312,1.0173070590635,105.29035262787,0.478021978021978,0.996075116922436
0.1,500,FALSE,75,"original_size",182,-0.672719192111731,0.0172824987627802,105.29035262787,0.412087912087912,0.818843794203068
0.1,500,FALSE,75,"capped_safeguard",182,-0.0282545266780811,-0.0317345725113165,105.29035262787,0.0549450549450549,0.364166832438167
0.1,500,FALSE,76,"point",181,-0.0199495814439886,-0.0436522380940373,105.571161778432,0,0.431396410100395
0.1,500,FALSE,76,"safeguard",181,0.980001042998679,0.956404477297987,105.571161778432,0.519337016574586,1.00780031201248
0.1,500,FALSE,76,"original_size",181,-0.778589696780462,-0.0434996795084294,105.571161778432,0.403314917127072,0.741687276724375
0.1,500,FALSE,76,"capped_safeguard",181,-0.0272082018950749,-0.0369412199710055,105.571161778432,0.0497237569060773,0.341530054644809
0.1,500,FALSE,77,"point",180,-0.00300047296734473,-0.00142708451458816,101.064834021369,0,0.428106418307808
0.1,500,FALSE,77,"safeguard",180,0.996947346762788,0.998567558628502,101.064834021369,0.472222222222222,0.982918512049571
0.1,500,FALSE,77,"original_size",180,-0.493489844153966,-0.00141373164260527,101.064834021369,0.344444444444444,0.663522012578616
0.1,500,FALSE,77,"capped_safeguard",180,-0.0140840775766593,-0.0247185125583544,101.064834021369,0.0666666666666667,0.309215659277617
0.1,500,FALSE,78,"point",177,-0.0246826834371889,-0.0320388385847533,103.377792340086,0,0.449456975772765
0.1,500,FALSE,78,"safeguard",177,0.975317693827421,0.968046493544935,103.377792340086,0.514124293785311,1.0028901734104
0.1,500,FALSE,78,"original_size",177,-0.590753019856459,-0.0320027610133669,103.377792340086,0.418079096045198,0.65021613832853
0.1,500,FALSE,78,"capped_safeguard",177,-0.0271674893663754,-0.0331318468938212,103.377792340086,0.0734463276836158,0.288683602771363
0.1,500,FALSE,79,"point",180,-0.00845644088404186,-0.00647805784187536,101.726471456178,0.00555555555555556,0.450105299225063
0.1,500,FALSE,79,"safeguard",180,0.991552366393367,0.993466145817105,101.726471456178,0.538888888888889,1.0090620919595
0.1,500,FALSE,79,"original_size",180,-0.679957471231942,-0.00644242614662822,101.726471456178,0.433333333333333,0.769430920264985
0.1,500,FALSE,79,"capped_safeguard",180,-0.0185406871637298,-0.041243540519688,101.726471456178,0.0611111111111111,0.317755507526606
0.1,500,FALSE,80,"point",180,-0.0133260861465774,-0.0206186993331763,108.279042644622,0,0.417177312372952
0.1,500,FALSE,80,"safeguard",180,0.986614106372749,0.97925247902924,108.279042644622,0.522222222222222,1.00489526997212
0.1,500,FALSE,80,"original_size",180,-0.612947500397938,-0.020878031176492,108.279042644622,0.355555555555556,0.646061633088558
0.1,500,FALSE,80,"capped_safeguard",180,-0.0490846187523512,-0.0661051954931852,108.279042644622,0.0555555555555556,0.285879980751729
0.1,500,FALSE,81,"point",177,0.0100357415746377,-0.0025993142133486,110.554034329881,0,0.446236559139785
0.1,500,FALSE,81,"safeguard",177,1.0100516532992,0.997467915339274,110.554034329881,0.440677966101695,0.989146164978292
0.1,500,FALSE,81,"original_size",177,-0.749879298927471,-0.0025479125399985,110.554034329881,0.429378531073446,0.783018867924528
0.1,500,FALSE,81,"capped_safeguard",177,-0.012001924566445,-0.0383641916355478,110.554034329881,0.0395480225988701,0.316055625790139
0.1,500,FALSE,82,"point",179,-0.0203409174527809,-0.0380904933652542,113.228713267106,0,0.425638686131387
0.1,500,FALSE,82,"safeguard",179,0.979585645318488,0.961939638864247,113.228713267106,0.474860335195531,0.991701244813278
0.1,500,FALSE,82,"original_size",179,-0.763195063488166,-0.0379324349568443,113.228713267106,0.368715083798883,0.688555347091932
0.1,500,FALSE,82,"capped_safeguard",179,-0.0338391534543495,-0.0388909959726038,113.228713267106,0.0391061452513966,0.312695434646654
0.1,500,FALSE,83,"point",185,-0.0132562037808138,-0.0108670760205165,112.844652196992,0,0.45422943221321
0.1,500,FALSE,83,"safeguard",185,0.986736719605248,0.989140450908303,112.844652196992,0.464864864864865,0.991913746630728
0.1,500,FALSE,83,"original_size",185,-0.417443685161853,-0.0111417657596301,112.844652196992,0.454054054054054,0.857312018946122
0.1,500,FALSE,83,"capped_safeguard",185,-0.0156810620136074,-0.0124437454894409,112.844652196992,0.0594594594594595,0.303398058252427
0.1,500,FALSE,84,"point",169,-0.0324653914120094,-0.0381029976755752,116.251507035121,0,0.421500386697602
0.1,500,FALSE,84,"safeguard",169,0.967449154765273,0.961638975443172,116.251507035121,0.49112426035503,0.99375
0.1,500,FALSE,84,"original_size",169,-0.883847390601244,-0.0380735328889575,116.251507035121,0.372781065088757,0.706535668517727
0.1,500,FALSE,84,"capped_safeguard",169,-0.0365904008585245,-0.0988424484601393,116.251507035121,0.029585798816568,0.303030303030303
0.1,500,FALSE,85,"point",177,0.0182579914354124,0.0319475169477551,111.165382565095,0.00564971751412429,0.416666666666667
0.1,500,FALSE,85,"safeguard",177,1.01827697193707,1.0321078581451,111.165382565095,0.508474576271186,1.00061289531748
0.1,500,FALSE,85,"original_size",177,-0.554932795869076,0.0320998840294301,111.165382565095,0.372881355932203,0.626724477729602
0.1,500,FALSE,85,"capped_safeguard",177,-0.0297882398303258,-0.0489227899938072,111.165382565095,0.0338983050847458,0.366837857666911
0.1,500,FALSE,86,"point",187,0.00525088089396179,0.0132009395860317,117.808799439099,0.0053475935828877,0.424205870526739
0.1,500,FALSE,86,"safeguard",187,1.00527251272749,1.01319220369001,117.808799439099,0.481283422459893,0.98922624877571
0.1,500,FALSE,86,"original_size",187,-0.358377659920219,0.013162732357854,117.808799439099,0.358288770053476,0.626777832270721
0.1,500,FALSE,86,"capped_safeguard",187,-0.00984828176009855,-0.0182970447405574,117.808799439099,0.0267379679144385,0.290528762347472
0.1,500,FALSE,87,"point",178,0.00360690425808272,-0.0185052464791216,108.391338702456,0,0.440570957310859
0.1,500,FALSE,87,"safeguard",178,1.00359642424661,0.981385604133141,108.391338702456,0.556179775280899,1.0158202057576
0.1,500,FALSE,87,"original_size",178,-0.866053085310404,-0.0185578444241026,108.391338702456,0.398876404494382,0.716971452089085
0.1,500,FALSE,87,"capped_safeguard",178,-0.0228444898631275,-0.0651457944628148,108.391338702456,0.0337078651685393,0.320514927777303
0.1,500,FALSE,88,"point",183,-0.0188881798679101,-0.0208231362841915,119.664515073935,0.00546448087431694,0.467924528301887
0.1,500,FALSE,88,"safeguard",183,0.981099106082494,0.979224079598189,119.664515073935,0.491803278688525,0.996062992125984
0.1,500,FALSE,88,"original_size",183,-0.49838277250506,-0.0207387719924301,119.664515073935,0.459016393442623,0.87374749498998
0.1,500,FALSE,88,"capped_safeguard",183,-0.023755325106839,-0.0214095626078254,119.664515073935,0.0491803278688525,0.344827586206897
0.1,500,FALSE,89,"point",171,0.0144344943844085,0.000160226790887451,100.559024790637,0,0.453757225433526
0.1,500,FALSE,89,"safeguard",171,1.01459511382432,1.00029090591379,100.559024790637,0.52046783625731,1.00797607178465
0.1,500,FALSE,89,"original_size",171,-0.830434601098224,0.000501285928106928,100.559024790637,0.432748538011696,0.773851590106007
0.1,500,FALSE,89,"capped_safeguard",171,-0.0450284658004414,-0.0800237258514167,100.559024790637,0.0701754385964912,0.362581580855693
0.1,500,FALSE,90,"point",179,-0.0103317618522688,-0.00180907106958464,114.533289903234,0.00558659217877095,0.446760982874162
0.1,500,FALSE,90,"safeguard",179,0.989633232543298,0.998207521750402,114.533289903234,0.497206703910615,0.997492257199649
0.1,500,FALSE,90,"original_size",179,-0.366297554863342,-0.00180324416283814,114.533289903234,0.424581005586592,0.890179514255544
0.1,500,FALSE,90,"capped_safeguard",179,-0.0218942511735221,-0.0255068249831802,114.533289903234,0.0614525139664804,0.345303867403315
0.1,500,FALSE,91,"point",182,0.0145590584822534,-0.0095106578997522,103.093841557844,0,0.454187496640327
0.1,500,FALSE,91,"safeguard",182,1.01443012507368,0.990447611102626,103.093841557844,0.489010989010989,0.996847028823563
0.1,500,FALSE,91,"original_size",182,-0.589469924665645,-0.00950164624400664,103.093841557844,0.450549450549451,0.802450670876085
0.1,500,FALSE,91,"capped_safeguard",182,-0.0279008470515999,-0.0222662915040429,103.093841557844,0.043956043956044,0.343767607897414
0.1,500,FALSE,92,"point",180,-0.0045466584106242,-0.0055248308215227,109.934440112845,0,0.442830817830818
0.1,500,FALSE,92,"safeguard",180,0.995320459788656,0.994159570231039,109.934440112845,0.438888888888889,0.977650930301471
0.1,500,FALSE,92,"original_size",180,-1.00988203716142,-0.0059540410421551,109.934440112845,0.472222222222222,0.821002020796154
0.1,500,FALSE,92,"capped_safeguard",180,-0.0848854404295906,-0.131910998088139,109.934440112845,0.0722222222222222,0.388349573132182
0.1,500,FALSE,93,"point",172,-0.00645981934741775,-0.0233932575022157,106.044245160482,0,0.463192294461644
0.1,500,FALSE,93,"safeguard",172,0.99349661491584,0.976644505250774,106.044245160482,0.412790697674419,0.970474428597289
0.1,500,FALSE,93,"original_size",172,-0.838277344479264,-0.0235465157617429,106.044245160482,0.459302325581395,0.852028301886792
0.1,500,FALSE,93,"capped_safeguard",172,-0.035235787820351,-0.0635063673923708,106.044245160482,0.0465116279069767,0.364357960126364
0.1,500,FALSE,94,"point",179,0.0114838063659519,0.0360296022021459,116.62266158917,0,0.396933560477002
0.1,500,FALSE,94,"safeguard",179,1.01146064991398,1.03609749164501,116.62266158917,0.558659217877095,1.02094763092269
0.1,500,FALSE,94,"original_size",179,-0.430671932464433,0.0361817067493316,116.62266158917,0.318435754189944,0.574105621805792
0.1,500,FALSE,94,"capped_safeguard",179,-0.017722762005043,-0.0242694506262505,116.62266158917,0.0279329608938547,0.255623721881391
0.1,500,FALSE,95,"point",179,0.00578856104110993,0.0122008375511333,106.859832057957,0,0.409977324263039
0.1,500,FALSE,95,"safeguard",179,1.00573528202955,1.01222495931504,106.859832057957,0.480446927374302,0.991978609625668
0.1,500,FALSE,95,"original_size",179,-0.442234494512454,0.0120813777452809,106.859832057957,0.363128491620112,0.58074222668004
0.1,500,FALSE,95,"capped_safeguard",179,-0.0328093841442082,-0.0336811218921659,106.859832057957,0.0167597765363128,0.304692260816575
0.1,500,FALSE,96,"point",174,0.0244666873688433,0.0339048369631898,107.998522357832,0,0.46841616476898
0.1,500,FALSE,96,"safeguard",174,1.02450831752891,1.03401447981276,107.998522357832,0.522988505747126,1.00577294186767
0.1,500,FALSE,96,"original_size",174,-0.509547591300293,0.0340041538088137,107.998522357832,0.454022988505747,0.847129090344011
0.1,500,FALSE,96,"capped_safeguard",174,-0.0320926256641862,-0.0412264483637916,107.998522357832,0.0574712643678161,0.343190460577144
0.1,500,FALSE,97,"point",177,-0.00274443539829133,-0.0205632195970426,105.051065837974,0,0.430011198208287
0.1,500,FALSE,97,"safeguard",177,0.997239816905658,0.97941780254267,105.051065837974,0.468926553672316,0.981721249047982
0.1,500,FALSE,97,"original_size",177,-0.621701864497689,-0.0205409696215373,105.051065837974,0.423728813559322,0.681096681096681
0.1,500,FALSE,97,"capped_safeguard",177,-0.036729096090119,-0.0673045932103948,105.051065837974,0.0338983050847458,0.353606789250354
0.1,500,FALSE,98,"point",184,0.0226021797854649,0.027686706622121,120.231244654547,0,0.401792374923079
0.1,500,FALSE,98,"safeguard",184,1.02255889301803,1.02779637480742,120.231244654547,0.472826086956522,0.986194274655743
0.1,500,FALSE,98,"original_size",184,-0.785641346866365,0.0277498095803125,120.231244654547,0.342391304347826,0.525185382154223
0.1,500,FALSE,98,"capped_safeguard",184,-0.0181464799158282,-0.0541407307658747,120.231244654547,0.0380434782608696,0.270013118671932
0.1,500,FALSE,99,"point",171,-0.026042901657551,-0.0531006970495952,102.6278162299,0,0.466918714555766
0.1,500,FALSE,99,"safeguard",171,0.97393458581678,0.946750086615024,102.6278162299,0.508771929824561,1.00178890876565
0.1,500,FALSE,99,"original_size",171,-0.850542911205205,-0.0533397728341684,102.6278162299,0.391812865497076,0.762626262626263
0.1,500,FALSE,99,"capped_safeguard",171,-0.0499204517729642,-0.0388950392837422,102.6278162299,0.064327485380117,0.317662007623888
0.1,500,FALSE,100,"point",171,0.00225992038123721,0.0060581618632743,111.534064604595,0,0.446776611694153
0.1,500,FALSE,100,"safeguard",171,1.00241822749503,1.0061187112239,111.534064604595,0.526315789473684,1.01063918907598
0.1,500,FALSE,100,"original_size",171,-0.55416548816187,0.00609258508076274,111.534064604595,0.403508771929825,0.749098774333093
0.1,500,FALSE,100,"capped_safeguard",171,-0.0177627260307573,-0.0286524163429902,111.534064604595,0.0409356725146199,0.332446808510638
0.3,500,FALSE,1,"point",200,-0.0796646613269704,-0.13343076379022,132.700762343182,0.05,0.760780707132638
0.3,500,FALSE,1,"safeguard",200,0.9221174328408,0.868630385327113,132.700762343182,0.48,0.987416904083571
0.3,500,FALSE,1,"original_size",200,-4.210758469267,-0.132359113780715,132.700762343182,0.975,9.47801268498943
0.3,500,FALSE,1,"capped_safeguard",200,0.482879024493676,-0.233684870498727,132.700762343182,0.475,0.987179487179487
0.3,500,FALSE,2,"point",200,-0.174381214835429,-0.215911929449556,138.994863936721,0.06,0.744789405123752
0.3,500,FALSE,2,"safeguard",200,0.828711890063089,0.787220896117732,138.994863936721,0.525,1.00484400656814
0.3,500,FALSE,2,"original_size",200,-4.55155097663973,-0.21412113273284,138.994863936721,0.965,9.15127441244621
0.3,500,FALSE,2,"capped_safeguard",200,0.378479875943677,-0.687175743642182,138.994863936721,0.515,1.00238095238095
0.3,500,FALSE,3,"point",200,0.0196883171582296,0.0426785945961066,119.496475412792,0.08,0.767210857592447
0.3,500,FALSE,3,"safeguard",200,1.01893603350484,1.04213160769303,119.496475412792,0.545,1.0089991928975
0.3,500,FALSE,3,"original_size",200,-0.540381962329938,0.0423808491118177,119.496475412792,0.99,9.76775733581742
0.3,500,FALSE,3,"capped_safeguard",200,-0.181123534814904,-0.260654807746719,119.496475412792,0.535,1
0.3,500,FALSE,4,"point",200,-0.0213838907104302,0.0477305396560221,137.30587273231,0.05,0.760281690140845
0.3,500,FALSE,4,"safeguard",200,0.976569244541048,1.04376184147047,137.30587273231,0.515,1
0.3,500,FALSE,4,"original_size",200,-3.96743822632174,0.0427499759347649,137.30587273231,0.985,9.13688546473931
0.3,500,FALSE,4,"capped_safeguard",200,0.427591554295328,-0.403617692427334,137.30587273231,0.51,1
0.3,500,FALSE,5,"point",200,-0.00949785665228937,0.0171008145060485,212.499944356742,0.055,0.735445895823254
0.3,500,FALSE,5,"safeguard",200,0.989565555300863,1.02053618726142,212.499944356742,0.5,0.997448979591837
0.3,500,FALSE,5,"original_size",200,-5.30469697649016,0.0220456038705452,212.499944356742,0.985,8.4127358490566
0.3,500,FALSE,5,"capped_safeguard",200,0.952500008368316,0.862765198753422,212.499944356742,0.495,0.994472789115646
0.3,500,FALSE,6,"point",200,0.0594941581312914,-0.0117253396745819,124.915926263792,0.045,0.745731884760889
0.3,500,FALSE,6,"safeguard",200,1.05577864713218,0.98413756828629,124.915926263792,0.495,0.990108518198406
0.3,500,FALSE,6,"original_size",200,-3.37362710737521,-0.0164554297084573,124.915926263792,0.955,7.7816141035808
0.3,500,FALSE,6,"capped_safeguard",200,0.236917896587792,-0.829387368661579,124.915926263792,0.48,0.98780487804878
0.3,500,FALSE,7,"point",200,-0.0393021497562726,-0.116830855649292,201.680648061697,0.08,0.738536699236336
0.3,500,FALSE,7,"safeguard",200,0.959705025293382,0.880897314970322,201.680648061697,0.505,1
0.3,500,FALSE,7,"original_size",200,-5.29477438567462,-0.115653871900602,201.680648061697,0.985,10.2648619957537
0.3,500,FALSE,7,"capped_safeguard",200,0.896818363838883,0.581242046053307,201.680648061697,0.505,1
0.3,500,FALSE,8,"point",200,-0.0123678439299628,0.130674473560502,115.294999686844,0.045,0.743630314832846
0.3,500,FALSE,8,"safeguard",200,0.98844597317121,1.12691702782608,115.294999686844,0.525,1
0.3,500,FALSE,8,"original_size",200,-4.17806494507905,0.129626475070297,115.294999686844,0.96,9.13772727272727
0.3,500,FALSE,8,"capped_safeguard",200,0.527983452366421,-0.052647251190568,115.294999686844,0.51,1
0.3,500,FALSE,9,"point",199,0.0244170952660815,-0.0827588814859339,184.039501319358,0.0452261306532663,0.738738738738739
0.3,500,FALSE,9,"safeguard",199,1.02262652672503,0.919950555003199,184.039501319358,0.402010050251256,0.962962962962963
0.3,500,FALSE,9,"original_size",199,-5.03900645772514,-0.0840674446099423,184.039501319358,0.984924623115578,10.1272727272727
0.3,500,FALSE,9,"capped_safeguard",199,0.987306507727013,0.782432136881101,184.039501319358,0.402010050251256,0.962962962962963
0.3,500,FALSE,10,"point",200,-0.0253003477689799,-0.0186612963972589,142.983951515204,0.07,0.754248366013072
0.3,500,FALSE,10,"safeguard",200,0.974891244620056,0.981324715089597,142.983951515204,0.465,0.984301896084708
0.3,500,FALSE,10,"original_size",200,-0.268408706019876,-0.0185769044471439,142.983951515204,0.95,9.79009146341463
0.3,500,FALSE,10,"capped_safeguard",200,-0.130717897071001,-0.168502539448135,142.983951515204,0.465,0.983006912442396
0.3,500,FALSE,11,"point",200,0.0459243547835801,-0.284005404773888,209.08458119649,0.03,0.766145833333333
0.3,500,FALSE,11,"safeguard",200,1.04523093559605,0.718060754987387,209.08458119649,0.49,0.991470673635308
0.3,500,FALSE,11,"original_size",200,-5.19630883681949,-0.280535071912001,209.08458119649,0.98,9.51160714285714
0.3,500,FALSE,11,"capped_safeguard",200,0.994541890999618,0.475657713248657,209.08458119649,0.49,0.991470673635308
0.3,500,FALSE,12,"point",200,-0.0726831521671168,-0.0473930345673747,127.059273828799,0.065,0.754173278324341
0.3,500,FALSE,12,"safeguard",200,0.926119088563272,0.952034671752681,127.059273828799,0.55,1.01143193101646
0.3,500,FALSE,12,"original_size",200,-3.84039758907116,-0.0489263099650318,127.059273828799,0.975,8.75064935064935
0.3,500,FALSE,12,"capped_safeguard",200,0.212592462877338,-0.688489686007698,127.059273828799,0.55,1.01143193101646
0.3,500,FALSE,13,"point",200,0.00291933908394047,0.530374353230906,341.850483150793,0.075,0.762399105319459
0.3,500,FALSE,13,"safeguard",200,1.00004253381614,1.53969648453502,341.850483150793,0.535,1
0.3,500,FALSE,13,"original_size",200,-6.35935121987076,0.54140862344964,341.850483150793,1,9.7826941986234
0.3,500,FALSE,13,"capped_safeguard",200,1.00004253381614,1.53969648453502,341.850483150793,0.535,1
0.3,500,FALSE,14,"point",199,0.0210486284899601,0.0193194294678223,129.860733571446,0.0603015075376884,0.753846153846154
0.3,500,FALSE,14,"safeguard",199,1.01776601108363,1.01728771667356,129.860733571446,0.507537688442211,1
0.3,500,FALSE,14,"original_size",199,-3.02735252579027,0.0174774047147821,129.860733571446,0.964824120603015,8.64285714285714
0.3,500,FALSE,14,"capped_safeguard",199,0.176079064860352,-0.487310345174169,129.860733571446,0.50251256281407,1
0.3,500,FALSE,15,"point",200,0.12962159922002,-0.00995690440096023,223.541388970098,0.03,0.75079556205384
0.3,500,FALSE,15,"safeguard",200,1.13213687555788,0.989992572457985,223.541388970098,0.445,0.980762116167222
0.3,500,FALSE,15,"original_size",200,-5.1590885155697,-0.00492669595535751,223.541388970098,0.985,9.33309005165057
0.3,500,FALSE,15,"capped_safeguard",200,1.07310326868867,0.74580583930221,223.541388970098,0.44,0.979231166150671
0.3,500,FALSE,16,"point",199,-0.107394005585425,-0.162900946396503,218.130478427345,0.0904522613065327,0.787878787878788
0.3,500,FALSE,16,"safeguard",199,0.897111485938909,0.839164870000939,218.130478427345,0.628140703517588,1.03296703296703
0.3,500,FALSE,16,"original_size",199,-5.71136525900812,-0.161552736119107,218.130478427345,0.979899497487437,9.21590909090909
0.3,500,FALSE,16,"capped_safeguard",199,0.826998740408366,0.514717353060624,218.130478427345,0.623115577889447,1.03296703296703
0.3,500,FALSE,17,"point",200,-0.035162538479756,-0.0619218866393021,129.102777203003,0.05,0.757536930961712
0.3,500,FALSE,17,"safeguard",200,0.964587515334275,0.941042533361036,129.102777203003,0.525,1.00299401197605
0.3,500,FALSE,17,"original_size",200,-3.47048405507269,-0.058784207733494,129.102777203003,0.975,8.96334851442203
0.3,500,FALSE,17,"capped_safeguard",200,0.155387575311199,-0.675605570651666,129.102777203003,0.515,1
0.3,500,FALSE,18,"point",200,-0.0179391722209793,-0.0672623938642964,174.785712469784,0.04,0.729350649350649
0.3,500,FALSE,18,"safeguard",200,0.981921858071812,0.932833874124136,174.785712469784,0.415,0.970142602495544
0.3,500,FALSE,18,"original_size",200,-5.09780358724166,-0.0662441489019285,174.785712469784,0.975,9.02689393939394
0.3,500,FALSE,18,"capped_safeguard",200,0.802697659411897,0.281834165842828,174.785712469784,0.415,0.968181818181818
0.3,500,FALSE,19,"point",200,-0.00794827502887192,-0.00984754680008734,124.523182201933,0.085,0.763027852650494
0.3,500,FALSE,19,"safeguard",200,0.990916745068825,0.990580182383497,124.523182201933,0.545,1.01362120088955
0.3,500,FALSE,19,"original_size",200,-2.87652283697959,-0.00911175809693625,124.523182201933,0.975,9.83801169590643
0.3,500,FALSE,19,"capped_safeguard",200,0.00167423359791132,-0.757041001273267,124.523182201933,0.535,1.0126582278481
0.3,500,FALSE,20,"point",200,-0.00657145865922874,0.0674798057546547,144.390790456093,0.07,0.777765583845478
0.3,500,FALSE,20,"safeguard",200,0.991748993107915,1.06833219206174,144.390790456093,0.53,1
0.3,500,FALSE,20,"original_size",200,-4.51572429590627,0.0651700197665746,144.390790456093,0.98,9.70112671934445
0.3,500,FALSE,20,"capped_safeguard",200,0.654794800943472,0.127143079039939,144.390790456093,0.52,1
0.3,500,FALSE,21,"point",200,-0.113408459981826,-0.348208980669537,194.530904767886,0.08,0.782393456736978
0.3,500,FALSE,21,"safeguard",200,0.884838740344178,0.65015990493407,194.530904767886,0.605,1.02010101010101
0.3,500,FALSE,21,"original_size",200,-5.29375176802436,-0.347602611444721,194.530904767886,0.965,8.69365601503759
0.3,500,FALSE,21,"capped_safeguard",200,0.884838740344178,0.65015990493407,194.530904767886,0.605,1.02010101010101
0.3,500,FALSE,22,"point",199,-0.0380397950736936,0.0802840841531576,192.856636487577,0.0753768844221105,0.752136752136752
0.3,500,FALSE,22,"safeguard",199,0.962256389608724,1.0892612774098,192.856636487577,0.532663316582915,1.00442477876106
0.3,500,FALSE,22,"original_size",199,-5.4768636975254,0.0862368131300543,192.856636487577,0.969849246231156,9.62365591397849
0.3,500,FALSE,22,"capped_safeguard",199,0.825545183456471,0.462029208315556,192.856636487577,0.517587939698492,1
0.3,500,FALSE,23,"point",200,0.0545939397635101,-0.060292206661503,130.862344910847,0.05,0.75
0.3,500,FALSE,23,"safeguard",200,1.05665643406619,0.942033618208405,130.862344910847,0.51,1
0.3,500,FALSE,23,"original_size",200,-4.31433339318121,-0.0599019723924598,130.862344910847,0.975,8.85440340909091
0.3,500,FALSE,23,"capped_safeguard",200,0.776959647948979,0.0614674552790113,130.862344910847,0.505,1
0.3,500,FALSE,24,"point",200,0.11891647958016,0.130787450779425,139.239474704125,0.08,0.760262725779967
0.3,500,FALSE,24,"safeguard",200,1.1167154953101,1.13203617430597,139.239474704125,0.505,1
0.3,500,FALSE,24,"original_size",200,-4.41117100643978,0.134486910675623,139.239474704125,0.97,10.2142255892256
0.3,500,FALSE,24,"capped_safeguard",200,0.914394797659161,0.562146746408506,139.239474704125,0.495,0.99077851436342
0.3,500,FALSE,25,"point",200,-0.035299064323147,-0.110830899469591,133.206673482903,0.035,0.74097882454624
0.3,500,FALSE,25,"safeguard",200,0.967132032767298,0.888212521693577,133.206673482903,0.44,0.975656677765446
0.3,500,FALSE,25,"original_size",200,-3.00033018779935,-0.111766626310523,133.206673482903,0.96,8.74027484143763
0.3,500,FALSE,25,"capped_safeguard",200,0.164740742759898,-0.593487763419858,133.206673482903,0.425,0.969172664715653
0.3,500,FALSE,26,"point",200,-0.0224390867203246,0.143745788950859,160.980345710996,0.075,0.7445
0.3,500,FALSE,26,"safeguard",200,0.979579915413052,1.14756814879758,160.980345710996,0.47,0.9723630831643
0.3,500,FALSE,26,"original_size",200,-5.19269247641735,0.152699739617306,160.980345710996,0.98,8.82325261419923
0.3,500,FALSE,26,"capped_safeguard",200,0.918381037528838,0.933084907229986,160.980345710996,0.465,0.970233876683203
0.3,500,FALSE,27,"point",200,0.0204631994140721,0.128649600474993,152.834937510924,0.1,0.743977591036415
0.3,500,FALSE,27,"safeguard",200,1.02051037540423,1.12486406263409,152.834937510924,0.56,1.02208867955173
0.3,500,FALSE,27,"original_size",200,-4.79998568858762,0.124282489694596,152.834937510924,0.96,8.62493372216331
0.3,500,FALSE,27,"capped_safeguard",200,0.807908829095368,0.27910846217659,152.834937510924,0.54,1.01162945241893
0.3,500,FALSE,28,"point",200,0.141365470294104,0.119507460117292,134.700019018796,0.055,0.747024893746205
0.3,500,FALSE,28,"safeguard",200,1.14249990952203,1.11801550215535,134.700019018796,0.53,1
0.3,500,FALSE,28,"original_size",200,-3.28035135653429,0.118945802453783,134.700019018796,0.975,8.03010012515644
0.3,500,FALSE,28,"capped_safeguard",200,0.56746048671501,-0.139563772748217,134.700019018796,0.52,1
0.3,500,FALSE,29,"point",200,0.0427214862142062,0.123077622213693,183.680691952959,0.075,0.75
0.3,500,FALSE,29,"safeguard",200,1.04284419470582,1.1229118871186,183.680691952959,0.545,1.01087533156499
0.3,500,FALSE,29,"original_size",200,-5.0406810293456,0.122861539822887,183.680691952959,0.965,9.61589982527665
0.3,500,FALSE,29,"capped_safeguard",200,0.979202501917415,0.866789800096064,183.680691952959,0.535,1.00737970580903
0.3,500,FALSE,30,"point",200,0.0421507157603587,0.0770071982009729,190.849098705597,0.065,0.765530511269928
0.3,500,FALSE,30,"safeguard",200,1.04148840582725,1.07369638846831,190.849098705597,0.51,1.00390625
0.3,500,FALSE,30,"original_size",200,-5.22633739998199,0.0701821404962078,190.849098705597,0.99,8.9775559470216
0.3,500,FALSE,30,"capped_safeguard",200,0.959429001277946,0.777668787491446,190.849098705597,0.505,1
0.3,500,FALSE,31,"point",200,-0.07952558496632,0.0439372493219088,138.406844038968,0.11,0.763893653516295
0.3,500,FALSE,31,"safeguard",200,0.92192597286513,1.043014745612,138.406844038968,0.47,0.985667485667486
0.3,500,FALSE,31,"original_size",200,-3.4315023194699,0.0435969912056385,138.406844038968,0.975,11.7637088733799
0.3,500,FALSE,31,"capped_safeguard",200,0.355706574393438,-0.0337752877981564,138.406844038968,0.46,0.98435972629521
0.3,500,FALSE,32,"point",200,0.0380926738375459,-0.0186166604444261,134.697385367643,0.04,0.736556869369369
0.3,500,FALSE,32,"safeguard",200,1.04184587255707,0.982331237532953,134.697385367643,0.445,0.980587091513517
0.3,500,FALSE,32,"original_size",200,-4.44007168261201,-0.0154657687488166,134.697385367643,0.975,8.44994212962963
0.3,500,FALSE,32,"capped_safeguard",200,0.772757718361621,0.111925533776835,134.697385367643,0.44,0.978943874917029
0.3,500,FALSE,33,"point",199,-0.0123157179258196,0.0701383109306412,155.837252734087,0.0552763819095477,0.759036144578313
0.3,500,FALSE,33,"safeguard",199,0.984914463895162,1.0643550648901,155.837252734087,0.522613065326633,1
0.3,500,FALSE,33,"original_size",199,-4.51885877439557,0.0681077060317225,155.837252734087,0.974874371859296,8.45454545454546
0.3,500,FALSE,33,"capped_safeguard",199,0.66650433361458,-0.127700955929004,155.837252734087,0.507537688442211,1
0.3,500,FALSE,34,"point",200,-0.0933704792226348,-0.135762637294254,161.878131898391,0.05,0.749583522641224
0.3,500,FALSE,34,"safeguard",200,0.909200306028334,0.85610186302139,161.878131898391,0.455,0.985275057603687
0.3,500,FALSE,34,"original_size",200,-4.49238771233088,-0.142252505005523,161.878131898391,0.97,9.56040212695248
0.3,500,FALSE,34,"capped_safeguard",200,0.780808368797073,0.477409218660411,161.878131898391,0.45,0.983013188073395
0.3,500,FALSE,35,"point",200,-0.0141275058557476,0.0946142838608772,149.731007166592,0.04,0.767054263565891
0.3,500,FALSE,35,"safeguard",200,0.986329639409269,1.09223771463498,149.731007166592,0.49,0.990246212121212
0.3,500,FALSE,35,"original_size",200,-4.9693675652275,0.0993002476334105,149.731007166592,0.97,9.76689189189189
0.3,500,FALSE,35,"capped_safeguard",200,0.739666441413619,0.266709318232145,149.731007166592,0.48,0.986871270247229
0.3,500,FALSE,36,"point",200,-0.0990641603556814,0.0963514962914271,198.168274907035,0.06,0.743887895050686
0.3,500,FALSE,36,"safeguard",200,0.898752344835035,1.09100331599182,198.168274907035,0.485,0.991185150667909
0.3,500,FALSE,36,"original_size",200,-5.22847426309511,0.0971454528038344,198.168274907035,0.98,9.12545511613308
0.3,500,FALSE,36,"capped_safeguard",200,0.867527985289255,0.939274419176813,198.168274907035,0.485,0.991185150667909
0.3,500,FALSE,37,"point",200,0.117435169537229,0.184726437656077,243.265915089673,0.055,0.769078947368421
0.3,500,FALSE,37,"safeguard",200,1.11578302350835,1.17963015981361,243.265915089673,0.57,1.01542879778174
0.3,500,FALSE,37,"original_size",200,-5.70528887305493,0.183021777781891,243.265915089673,0.985,8.90279162512463
0.3,500,FALSE,37,"capped_safeguard",200,1.11578302350835,1.17963015981361,243.265915089673,0.57,1.01542879778174
0.3,500,FALSE,38,"point",200,-0.0473440204354968,-0.0268783192941749,118.201246307228,0.1,0.743119266055046
0.3,500,FALSE,38,"safeguard",200,0.95378021536576,0.97234879357586,118.201246307228,0.51,1
0.3,500,FALSE,38,"original_size",200,-1.49165690388702,-0.0269711883224262,118.201246307228,0.975,8.85996282198814
0.3,500,FALSE,38,"capped_safeguard",200,-0.00316865281999673,-0.244317464831976,118.201246307228,0.505,1
0.3,500,FALSE,39,"point",199,0.0331547102285832,0.047804679106556,132.690545587379,0.0351758793969849,0.756756756756757
0.3,500,FALSE,39,"safeguard",199,1.03380590371004,1.04834452981325,132.690545587379,0.527638190954774,1
0.3,500,FALSE,39,"original_size",199,-1.50312867122691,0.0484728237411502,132.690545587379,0.969849246231156,9.02666666666667
0.3,500,FALSE,39,"capped_safeguard",199,-0.00902989406964085,-0.293577133324418,132.690545587379,0.512562814070352,1
0.3,500,FALSE,40,"point",200,-0.05516810163206,0.10466299525073,186.736335312146,0.065,0.746267883060336
0.3,500,FALSE,40,"safeguard",200,0.942655547897434,1.10008334121652,186.736335312146,0.51,1
0.3,500,FALSE,40,"original_size",200,-5.2105770304367,0.11078020546525,186.736335312146,0.97,9.37035423925668
0.3,500,FALSE,40,"capped_safeguard",200,0.788083448003379,0.263522150958601,186.736335312146,0.505,1
0.3,500,FALSE,41,"point",200,0.0528872589901786,0.281999405079213,174.369947543487,0.055,0.757908757908758
0.3,500,FALSE,41,"safeguard",200,1.0495805861471,1.27648594272546,174.369947543487,0.55,1.01123737373737
0.3,500,FALSE,41,"original_size",200,-5.35826001566076,0.280922207334668,174.369947543487,0.97,8.76759376316899
0.3,500,FALSE,41,"capped_safeguard",200,0.874000768924273,0.424552952433281,174.369947543487,0.54,1.01022110972048
0.3,500,FALSE,42,"point",199,0.0935117403228888,-0.167110319014148,202.552846392158,0.0301507537688442,0.752293577981651
0.3,500,FALSE,42,"safeguard",199,1.09878839196644,0.81953875834633,202.552846392158,0.492462311557789,0.990825688073395
0.3,500,FALSE,42,"original_size",199,-5.65874503306271,-0.173586124901025,202.552846392158,0.984924623115578,9.48148148148148
0.3,500,FALSE,42,"capped_safeguard",199,1.05786271081296,0.64487778472043,202.552846392158,0.492462311557789,0.990825688073395
0.3,500,FALSE,43,"point",200,0.00569186868617799,0.190244568436133,215.39113990138,0.07,0.780695921985816
0.3,500,FALSE,43,"safeguard",200,1.00567786686707,1.18696858187014,215.39113990138,0.565,1.01177122282232
0.3,500,FALSE,43,"original_size",200,-5.80138809024879,0.189971495440027,215.39113990138,0.985,11.2941729323308
0.3,500,FALSE,43,"capped_safeguard",200,0.842455083501242,0.268610972488451,215.39113990138,0.56,1.0114289446186
0.3,500,FALSE,44,"point",200,-0.0144281119513484,-0.300856658370867,294.711415520715,0.055,0.770032051282051
0.3,500,FALSE,44,"safeguard",200,0.984065157170938,0.688691254916489,294.711415520715,0.485,0.990643680152473
0.3,500,FALSE,44,"original_size",200,-6.53788535408612,-0.313531052612934,294.711415520715,1,10.1624873353597
0.3,500,FALSE,44,"capped_safeguard",200,0.927630550288179,0.33680049814532,294.711415520715,0.48,0.989469016738721
0.3,500,FALSE,45,"point",200,-0.148681458484764,-0.242584294859813,203.948474244971,0.085,0.757428655486908
0.3,500,FALSE,45,"safeguard",200,0.853941167185721,0.758996471455092,203.948474244971,0.5,0.996124031007752
0.3,500,FALSE,45,"original_size",200,-5.44198322922325,-0.245302446965942,203.948474244971,0.97,9.87507951653944
0.3,500,FALSE,45,"capped_safeguard",200,0.747143040198433,0.304620082622441,203.948474244971,0.485,0.990902324042676
0.3,500,FALSE,46,"point",200,0.0459005613063112,0.0966267576963904,129.43662307811,0.045,0.757756132756133
0.3,500,FALSE,46,"safeguard",200,1.04521283956147,1.094677364496,129.43662307811,0.505,1
0.3,500,FALSE,46,"original_size",200,-4.26013748847356,0.0964096623714346,129.43662307811,0.975,8.35972707077118
0.3,500,FALSE,46,"capped_safeguard",200,0.634013214469737,-0.183650936008729,129.43662307811,0.495,0.989356884057971
0.3,500,FALSE,47,"point",200,-0.0944815112462094,-0.0959160659980402,143.164239642757,0.085,0.767423717059639
0.3,500,FALSE,47,"safeguard",200,0.904916772419663,0.904413493418999,143.164239642757,0.55,1.01576493681757
0.3,500,FALSE,47,"original_size",200,-3.57945321591072,-0.0973921738974533,143.164239642757,0.96,9.36041696415822
0.3,500,FALSE,47,"capped_safeguard",200,0.312772530542899,-0.515234073403672,143.164239642757,0.54,1.0138423220615
0.3,500,FALSE,48,"point",200,0.154421265045557,0.0344410842571542,209.534765868917,0.06,0.761931818181818
0.3,500,FALSE,48,"safeguard",200,1.15619833223899,1.03408252107242,209.534765868917,0.55,1.01102409638554
0.3,500,FALSE,48,"original_size",200,-5.54107886657386,0.0332831041736307,209.534765868917,0.975,9.05205415499533
0.3,500,FALSE,48,"capped_safeguard",200,1.13315366566553,0.937611204834923,209.534765868917,0.55,1.01102409638554
0.3,500,FALSE,49,"point",200,0.0249942146768835,-0.0757252606122644,165.260207536169,0.06,0.762929389312977
0.3,500,FALSE,49,"safeguard",200,1.02241644896376,0.924086576332953,165.260207536169,0.475,0.984301896084708
0.3,500,FALSE,49,"original_size",200,-5.14513264325529,-0.0747018300886537,165.260207536169,0.975,9.79823296069239
0.3,500,FALSE,49,"capped_safeguard",200,0.880571285640869,0.432354246141858,165.260207536169,0.465,0.980860805860806
0.3,500,FALSE,50,"point",200,-0.0262591721581089,-0.19746500440236,279.688329174218,0.03,0.755982905982906
0.3,500,FALSE,50,"safeguard",200,0.975439358786286,0.810892206593516,279.688329174218,0.49,0.990600176522507
0.3,500,FALSE,50,"original_size",200,-6.01518113914567,-0.194947815585723,279.688329174218,0.99,9.04478021978022
0.3,500,FALSE,50,"capped_safeguard",200,0.975439358786286,0.810892206593516,279.688329174218,0.49,0.990600176522507
0.3,500,FALSE,51,"point",200,-0.0936706100728865,-0.13281939796735,203.628282816886,0.06,0.752861000385753
0.3,500,FALSE,51,"safeguard",200,0.906654786087879,0.854034091401637,203.628282816886,0.51,1
0.3,500,FALSE,51,"original_size",200,-5.96234345766005,-0.141317848869728,203.628282816886,0.985,9.12009803921569
0.3,500,FALSE,51,"capped_safeguard",200,0.782131441627714,0.283425561407607,203.628282816886,0.505,1
0.3,500,FALSE,52,"point",200,0.182427982993697,0.32570343067629,186.145968435812,0.04,0.745067698259188
0.3,500,FALSE,52,"safeguard",200,1.17739104591646,1.32517942536685,186.145968435812,0.525,1
0.3,500,FALSE,52,"original_size",200,-5.29795720320735,0.324775994600265,186.145968435812,0.99,8.9607535321821
0.3,500,FALSE,52,"capped_safeguard",200,0.896698335629209,0.184741005999876,186.145968435812,0.52,1
0.3,500,FALSE,53,"point",200,-0.0133181574075995,0.00797788853092154,141.119366237686,0.055,0.746595204805551
0.3,500,FALSE,53,"safeguard",200,0.987775271084512,1.00845271412634,141.119366237686,0.51,1
0.3,500,FALSE,53,"original_size",200,-2.12079907060704,0.00696311272535788,141.119366237686,0.97,9.08608597285068
0.3,500,FALSE,53,"capped_safeguard",200,-0.0398400386027992,-0.535442737222343,141.119366237686,0.5,0.997282608695652
0.3,500,FALSE,54,"point",200,-0.0933707728433685,-0.18370393137688,141.438299505956,0.06,0.755657962109575
0.3,500,FALSE,54,"safeguard",200,0.909089551152784,0.815914995240513,141.438299505956,0.495,0.992770402387568
0.3,500,FALSE,54,"original_size",200,-3.50896530614558,-0.183181995124912,141.438299505956,0.975,9.50213675213675
0.3,500,FALSE,54,"capped_safeguard",200,0.305709545208319,-0.428994326532022,141.438299505956,0.485,0.988516246900692
0.3,500,FALSE,55,"point",200,0.0986613416556045,0.252241957299399,128.450122225706,0.08,0.743794871794872
0.3,500,FALSE,55,"safeguard",200,1.09955280488938,1.25563405977282,128.450122225706,0.54,1.01181149097816
0.3,500,FALSE,55,"original_size",200,-3.2153945029698,0.254253785526663,128.450122225706,0.985,9.46625428711416
0.3,500,FALSE,55,"capped_safeguard",200,0.162762487622535,-0.593106074203647,128.450122225706,0.525,1.00640250812118
0.3,500,FALSE,56,"point",200,-0.0340149143123935,0.0298664008605972,135.863304241031,0.06,0.754195371842431
0.3,500,FALSE,56,"safeguard",200,0.965222197439572,1.0299227281209,135.863304241031,0.53,1.00648951402341
0.3,500,FALSE,56,"original_size",200,-3.25423678051222,0.0321705124979493,135.863304241031,0.97,8.57066052227342
0.3,500,FALSE,56,"capped_safeguard",200,0.284484998317737,-0.481483758493716,135.863304241031,0.52,1
0.3,500,FALSE,57,"point",200,-0.0402186252459814,-0.050946161012385,160.010098222785,0.045,0.734444137168142
0.3,500,FALSE,57,"safeguard",200,0.960504646750412,0.947330734009265,160.010098222785,0.52,1
0.3,500,FALSE,57,"original_size",200,-5.00526439166977,-0.0537699404779154,160.010098222785,0.97,8.14398960363873
0.3,500,FALSE,57,"capped_safeguard",200,0.83127879892995,0.48340668660652,160.010098222785,0.52,1
0.3,500,FALSE,58,"point",200,0.0780618626856256,0.0518712587729998,147.08142862566,0.06,0.755660473144482
0.3,500,FALSE,58,"safeguard",200,1.0778535986164,1.05082560768943,147.08142862566,0.52,1
0.3,500,FALSE,58,"original_size",200,-4.42731328983049,0.0497878335603285,147.08142862566,0.985,8.00273639404074
0.3,500,FALSE,58,"capped_safeguard",200,0.625115349580771,-0.341795759450981,147.08142862566,0.52,1
0.3,500,FALSE,59,"point",199,-0.0961176334467688,-0.00212120903070981,122.724957075484,0.0603015075376884,0.757009345794392
0.3,500,FALSE,59,"safeguard",199,0.906259796857728,1.00106588487059,122.724957075484,0.477386934673367,0.99
0.3,500,FALSE,59,"original_size",199,-3.8569013636165,-0.0017755373345669,122.724957075484,0.964824120603015,8.43137254901961
0.3,500,FALSE,59,"capped_safeguard",199,0.438927087710053,-0.124750690687675,122.724957075484,0.467336683417085,0.987179487179487
0.3,500,FALSE,60,"point",200,0.0502509854225296,0.0112825910220367,144.682747487898,0.055,0.736842105263158
0.3,500,FALSE,60,"safeguard",200,1.05169252371995,1.00597244383846,144.682747487898,0.48,0.982843137254902
0.3,500,FALSE,60,"original_size",200,-4.61982715172331,0.0104399612820525,144.682747487898,0.965,7.71735209235209
0.3,500,FALSE,60,"capped_safeguard",200,0.861833572496589,0.412082137481326,144.682747487898,0.475,0.982843137254902
0.3,500,FALSE,61,"point",200,0.151165379140807,0.164017648083001,213.367209490449,0.07,0.750862068965517
0.3,500,FALSE,61,"safeguard",200,1.14790230666309,1.15968093696029,213.367209490449,0.525,1.00403225806452
0.3,500,FALSE,61,"original_size",200,-5.39785224963811,0.159148229168136,213.367209490449,0.99,8.83434782608696
0.3,500,FALSE,61,"capped_safeguard",200,1.01867496049541,0.538630987451615,213.367209490449,0.52,1
0.3,500,FALSE,62,"point",200,0.000406095825244936,-0.00482450354866667,123.312389213826,0.045,0.76500600240096
0.3,500,FALSE,62,"safeguard",200,0.999761607939345,0.995319484644528,123.312389213826,0.515,1
0.3,500,FALSE,62,"original_size",200,-2.24422449650494,-0.00578603050811184,123.312389213826,0.955,8.67616456662848
0.3,500,FALSE,62,"capped_safeguard",200,0.0855287112990044,-0.468703401308038,123.312389213826,0.51,1
0.3,500,FALSE,63,"point",200,-0.0282800221263096,-0.00597154024766403,132.416172566988,0.06,0.77421875
0.3,500,FALSE,63,"safeguard",200,0.97022970742245,0.99430779913322,132.416172566988,0.54,1.00982753637152
0.3,500,FALSE,63,"original_size",200,-1.64363361861651,-0.0055850209836753,132.416172566988,0.98,9.17954545454545
0.3,500,FALSE,63,"capped_safeguard",200,-0.0916999361064966,-0.407182749897678,132.416172566988,0.535,1.00816940069277
0.3,500,FALSE,64,"point",200,-0.0743334282695398,0.0169373409854711,278.15188483411,0.075,0.775510204081633
0.3,500,FALSE,64,"safeguard",200,0.92810996269918,1.00298745922893,278.15188483411,0.535,1.01440713101161
0.3,500,FALSE,64,"original_size",200,-5.86648056205541,-0.00291386977876846,278.15188483411,0.99,10.1410208643815
0.3,500,FALSE,64,"capped_safeguard",200,0.92810996269918,1.00298745922893,278.15188483411,0.535,1.01440713101161
0.3,500,FALSE,65,"point",200,0.020943831552187,-0.126615828173381,135.536246811052,0.095,0.763232702257092
0.3,500,FALSE,65,"safeguard",200,1.02229487319558,0.878178034917127,135.536246811052,0.54,1.00623785464438
0.3,500,FALSE,65,"original_size",200,-3.42873162806633,-0.120933310484365,135.536246811052,0.985,10.1544642857143
0.3,500,FALSE,65,"capped_safeguard",200,0.378270675407178,-0.413056621087232,135.536246811052,0.53,1
0.3,500,FALSE,66,"point",200,0.0113040130814069,0.0214146403174649,130.367153555642,0.1,0.76617033948779
0.3,500,FALSE,66,"safeguard",200,1.01068936806312,1.02088236743276,130.367153555642,0.53,1.00869467028004
0.3,500,FALSE,66,"original_size",200,-0.79274444409026,0.0208226915586183,130.367153555642,0.965,10.5350490196078
0.3,500,FALSE,66,"capped_safeguard",200,-0.113834440409208,-0.261958614688744,130.367153555642,0.515,1
0.3,500,FALSE,67,"point",199,0.0487695920610032,0.077195810364135,138.043310614701,0.050251256281407,0.747899159663866
0.3,500,FALSE,67,"safeguard",199,1.05123595997952,1.07794953978112,138.043310614701,0.4321608040201,0.974683544303797
0.3,500,FALSE,67,"original_size",199,-2.45304294069397,0.0761243307970244,138.043310614701,0.959798994974874,9.52941176470588
0.3,500,FALSE,67,"capped_safeguard",199,0.301469132511053,-0.190432790139616,138.043310614701,0.4321608040201,0.974683544303797
0.3,500,FALSE,68,"point",200,0.0388874340999869,0.265549768375673,200.85284379465,0.055,0.733367677362379
0.3,500,FALSE,68,"safeguard",200,1.03987817448141,1.26762561042208,200.85284379465,0.515,1.00744739756368
0.3,500,FALSE,68,"original_size",200,-4.91323990188002,0.26792952194901,200.85284379465,0.98,8.35029211295034
0.3,500,FALSE,68,"capped_safeguard",200,0.978334739321856,0.997765841656415,200.85284379465,0.51,1.00686090225564
0.3,500,FALSE,69,"point",199,-0.0773174951234355,0.0215941270144716,199.736463415163,0.0703517587939698,0.747967479674797
0.3,500,FALSE,69,"safeguard",199,0.92240037448462,1.02492663757003,199.736463415163,0.50251256281407,1
0.3,500,FALSE,69,"original_size",199,-5.39758427805086,0.0259475019422927,199.736463415163,0.979899497487437,10.0322580645161
0.3,500,FALSE,69,"capped_safeguard",199,0.92240037448462,1.02492663757003,199.736463415163,0.50251256281407,1
0.3,500,FALSE,70,"point",200,-0.0213035597955927,-0.134766047304687,195.133076283363,0.075,0.769230769230769
0.3,500,FALSE,70,"safeguard",200,0.97713564871155,0.872719321679096,195.133076283363,0.555,1.02193151212005
0.3,500,FALSE,70,"original_size",200,-5.33674578832786,-0.128213675747601,195.133076283363,0.98,9.98161357766572
0.3,500,FALSE,70,"capped_safeguard",200,0.894941457340864,0.463913315502086,195.133076283363,0.545,1.01845079787234
0.3,500,FALSE,71,"point",200,0.0326719450890608,0.0973649952800649,122.124572977737,0.055,0.770958835341365
0.3,500,FALSE,71,"safeguard",200,1.0306443852468,1.09764279432591,122.124572977737,0.51,1
0.3,500,FALSE,71,"original_size",200,-2.35355394764977,0.0990447356105068,122.124572977737,0.98,10.1279848573093
0.3,500,FALSE,71,"capped_safeguard",200,-0.0897256935804921,-0.680150987143295,122.124572977737,0.505,1
0.3,500,FALSE,72,"point",200,-0.0445557207976588,-0.178424948985364,157.75996574844,0.085,0.767056272477258
0.3,500,FALSE,72,"safeguard",200,0.953306981950926,0.818270793002647,157.75996574844,0.505,1
0.3,500,FALSE,72,"original_size",200,-5.32908171263174,-0.179381221742672,157.75996574844,0.97,9.3198421975453
0.3,500,FALSE,72,"capped_safeguard",200,0.577525890060198,-0.590452326035659,157.75996574844,0.495,0.993803549571603
0.3,500,FALSE,73,"point",200,0.0497430942371429,-0.10838863262606,186.604138506122,0.05,0.754700287547003
0.3,500,FALSE,73,"safeguard",200,1.05374073398789,0.88468998168442,186.604138506122,0.51,1
0.3,500,FALSE,73,"original_size",200,-4.99200631058402,-0.114431655423665,186.604138506122,0.97,7.82631200575126
0.3,500,FALSE,73,"capped_safeguard",200,1.0184267858486,0.746360082268222,186.604138506122,0.505,1
0.3,500,FALSE,74,"point",200,-0.069969927903307,0.00609572126023977,130.106833956073,0.075,0.764340518816222
0.3,500,FALSE,74,"safeguard",200,0.930645689077638,1.00737482979567,130.106833956073,0.53,1.00953159041394
0.3,500,FALSE,74,"original_size",200,-3.28097946714562,0.00770366459330752,130.106833956073,0.98,8.9546818727491
0.3,500,FALSE,74,"capped_safeguard",200,0.422028264473622,0.0297916115952452,130.106833956073,0.525,1.00462962962963
0.3,500,FALSE,75,"point",200,-0.0323304954310416,0.197348192989706,129.343667511344,0.06,0.741657397107898
0.3,500,FALSE,75,"safeguard",200,0.968680925265176,1.19747631848735,129.343667511344,0.555,1.01404163393559
0.3,500,FALSE,75,"original_size",200,-4.11169723080043,0.198483962049023,129.343667511344,0.955,8.79967718794835
0.3,500,FALSE,75,"capped_safeguard",200,0.584812716738795,0.102238040191879,129.343667511344,0.545,1.01227409638554
0.3,500,FALSE,76,"point",199,-0.0389893125031993,0.035152528648416,137.669571886138,0.0703517587939698,0.77027027027027
0.3,500,FALSE,76,"safeguard",199,0.961850656912085,1.03506410443758,137.669571886138,0.512562814070352,1
0.3,500,FALSE,76,"original_size",199,-3.66887428665218,0.0335411502239681,137.669571886138,0.954773869346734,10.3521126760563
0.3,500,FALSE,76,"capped_safeguard",199,0.339544106649018,-0.334060245116291,137.669571886138,0.507537688442211,1
0.3,500,FALSE,77,"point",200,0.0236142821408755,0.021653620526899,129.750514794029,0.06,0.767054263565891
0.3,500,FALSE,77,"safeguard",200,1.02407823822181,1.02163701110963,129.750514794029,0.495,0.992577134404057
0.3,500,FALSE,77,"original_size",200,-1.14261922343208,0.0211542469331412,129.750514794029,0.945,9.76825529542921
0.3,500,FALSE,77,"capped_safeguard",200,0.0085213778957501,-0.214077885392048,129.750514794029,0.485,0.99099025974026
0.3,500,FALSE,78,"point",199,0.0753837292392598,0.252159904195398,198.589337915601,0.0653266331658292,0.772727272727273
0.3,500,FALSE,78,"safeguard",199,1.07395884964026,1.25012804557896,198.589337915601,0.517587939698492,1
0.3,500,FALSE,78,"original_size",199,-5.13273643086709,0.251473260770638,198.589337915601,0.979899497487437,9.288
0.3,500,FALSE,78,"capped_safeguard",199,1.07395884964026,1.25012804557896,198.589337915601,0.517587939698492,1
0.3,500,FALSE,79,"point",200,-0.0438670361336536,-0.119388749438523,123.21729951798,0.06,0.760643115942029
0.3,500,FALSE,79,"safeguard",200,0.95550619716075,0.880629220134633,123.21729951798,0.585,1.02217281576734
0.3,500,FALSE,79,"original_size",200,-2.91551370468953,-0.118426282647644,123.21729951798,0.98,8.82307005800982
0.3,500,FALSE,79,"capped_safeguard",200,0.209660129602918,-0.511999664933054,123.21729951798,0.58,1.01844297127316
0.3,500,FALSE,80,"point",200,-0.0226474978705682,0.148646122672821,141.062611013203,0.105,0.772671568627451
0.3,500,FALSE,80,"safeguard",200,0.978149516969307,1.14739877811418,141.062611013203,0.525,1.00739709575281
0.3,500,FALSE,80,"original_size",200,-3.86402269695488,0.149186898382021,141.062611013203,0.975,9.78389780154486
0.3,500,FALSE,80,"capped_safeguard",200,0.431999086252893,-0.107904745522914,141.062611013203,0.515,1
0.3,500,FALSE,81,"point",200,-0.00763051713452949,0.103742010640835,137.047050039233,0.065,0.741657397107898
0.3,500,FALSE,81,"safeguard",200,0.98960552654259,1.10473376184067,137.047050039233,0.5,0.99537037037037
0.3,500,FALSE,81,"original_size",200,-4.83011023597757,0.103727932923542,137.047050039233,0.99,9.23947990543735
0.3,500,FALSE,81,"capped_safeguard",200,0.537357119589306,-0.243501506552816,137.047050039233,0.495,0.990468409586057
0.3,500,FALSE,82,"point",200,0.00315388032315178,0.204066536054698,141.660457663912,0.075,0.768758569113798
0.3,500,FALSE,82,"safeguard",200,1.00231570495849,1.20580758460849,141.660457663912,0.63,1.03154856687898
0.3,500,FALSE,82,"original_size",200,-3.9184976183444,0.202466967432429,141.660457663912,0.975,9.02835595776772
0.3,500,FALSE,82,"capped_safeguard",200,0.599067222048638,0.166847713645507,141.660457663912,0.62,1.03055037313433
0.3,500,FALSE,83,"point",199,0.078383504598272,-0.0565224126290529,150.863960577038,0.0653266331658292,0.760869565217391
0.3,500,FALSE,83,"safeguard",199,1.08086931715398,0.942728105530811,150.863960577038,0.547738693467337,1.01449275362319
0.3,500,FALSE,83,"original_size",199,-4.43516362779475,-0.0583509227477803,150.863960577038,0.979899497487437,9.5
0.3,500,FALSE,83,"capped_safeguard",199,0.800031807954761,0.0978262871236449,150.863960577038,0.537688442211055,1.01123595505618
0.3,500,FALSE,84,"point",199,-0.123070082968152,-0.101128005192023,140.752659455482,0.085427135678392,0.767241379310345
0.3,500,FALSE,84,"safeguard",199,0.875235059879337,0.895936285767726,140.752659455482,0.492462311557789,0.991071428571429
0.3,500,FALSE,84,"original_size",199,-4.36419092863559,-0.104109178104682,140.752659455482,0.974874371859296,11.2013888888889
0.3,500,FALSE,84,"capped_safeguard",199,0.396339490404916,-0.387060037086599,140.752659455482,0.492462311557789,0.991071428571429
0.3,500,FALSE,85,"point",200,-0.0782761810243576,0.0128235529928771,240.618039689156,0.05,0.740153452685422
0.3,500,FALSE,85,"safeguard",200,0.921199353386576,1.00915827518677,240.618039689156,0.48,0.98612611500355
0.3,500,FALSE,85,"original_size",200,-5.62089669609991,0.0111269428765957,240.618039689156,0.975,9.28911342894394
0.3,500,FALSE,85,"capped_safeguard",200,0.907364750083382,0.93853956473619,240.618039689156,0.475,0.981296040515654
0.3,500,FALSE,86,"point",200,-0.0290801587318621,0.132877119263006,162.588944833131,0.04,0.762066592101867
0.3,500,FALSE,86,"safeguard",200,0.968787470716173,1.14090045969416,162.588944833131,0.545,1.01041779706999
0.3,500,FALSE,86,"original_size",200,-4.88915738631859,0.137445541016387,162.588944833131,0.97,9.11392802343423
0.3,500,FALSE,86,"capped_safeguard",200,0.869415977657288,0.744305203069857,162.588944833131,0.535,1.0082237950792
0.3,500,FALSE,87,"point",200,0.0235570821454447,-0.0738901278261155,120.636947085169,0.04,0.729168539325843
0.3,500,FALSE,87,"safeguard",200,1.02203513500961,0.921853331119125,120.636947085169,0.47,0.977930437604803
0.3,500,FALSE,87,"original_size",200,-3.53771097533552,-0.0778542403171315,120.636947085169,0.965,8.55205150589262
0.3,500,FALSE,87,"capped_safeguard",200,0.38971434542219,-0.59336035331389,120.636947085169,0.465,0.976526682560059
0.3,500,FALSE,88,"point",200,0.0653979157409062,-0.398830497045114,210.003800735848,0.095,0.761747082939136
0.3,500,FALSE,88,"safeguard",200,1.06608366022086,0.595979833093448,210.003800735848,0.51,1
0.3,500,FALSE,88,"original_size",200,-5.69840803440048,-0.397311735106554,210.003800735848,0.985,8.32903846153846
0.3,500,FALSE,88,"capped_safeguard",200,1.04307854708505,0.477309782499448,210.003800735848,0.505,1
0.3,500,FALSE,89,"point",200,0.00101967784638105,-0.098474335411268,233.645337430106,0.08,0.76501272264631
0.3,500,FALSE,89,"safeguard",200,1.00327125277773,0.897711125316671,233.645337430106,0.555,1.01325026325026
0.3,500,FALSE,89,"original_size",200,-5.50388679429703,-0.107250750897222,233.645337430106,0.985,9.18773540489642
0.3,500,FALSE,89,"capped_safeguard",200,0.980438625728555,0.784769047437658,233.645337430106,0.555,1.01325026325026
0.3,500,FALSE,90,"point",200,0.173469085627745,0.440494386846996,223.767448973474,0.05,0.759217320409457
0.3,500,FALSE,90,"safeguard",200,1.17154626881393,1.44305006512838,223.767448973474,0.51,1
0.3,500,FALSE,90,"original_size",200,-5.54930910826812,0.439081914665192,223.767448973474,0.99,8.98186274509804
0.3,500,FALSE,90,"capped_safeguard",200,0.952016079583693,0.385688380360288,223.767448973474,0.505,1
0.3,500,FALSE,91,"point",200,-0.00226440824267257,0.0306917609054223,158.553480907349,0.08,0.755599800895968
0.3,500,FALSE,91,"safeguard",200,1.00080703725111,1.03828189068761,158.553480907349,0.545,1.0124613003096
0.3,500,FALSE,91,"original_size",200,-4.85427370591509,0.0431549696429582,158.553480907349,0.975,9.05081111318292
0.3,500,FALSE,91,"capped_safeguard",200,0.721788535529024,-0.0117215766509119,158.553480907349,0.53,1.01075393154487
0.3,500,FALSE,92,"point",200,-0.00506828108973526,-0.134625565037072,142.369385676682,0.06,0.779761904761905
0.3,500,FALSE,92,"safeguard",200,0.99566697823624,0.862958164797969,142.369385676682,0.545,1
0.3,500,FALSE,92,"original_size",200,-3.87525211340939,-0.139545875695809,142.369385676682,0.955,9.53484654731458
0.3,500,FALSE,92,"capped_safeguard",200,0.709140339155814,0.117470532062978,142.369385676682,0.545,1
0.3,500,FALSE,93,"point",200,0.0228787095572016,0.140047553671043,219.257898236578,0.045,0.753597476838163
0.3,500,FALSE,93,"safeguard",200,1.02447772614967,1.13941013711194,219.257898236578,0.465,0.986364473926663
0.3,500,FALSE,93,"original_size",200,-5.55474481059554,0.137222599476514,219.257898236578,0.98,8.95664151395377
0.3,500,FALSE,93,"capped_safeguard",200,1.02447772614967,1.13941013711194,219.257898236578,0.465,0.986364473926663
0.3,500,FALSE,94,"point",200,0.0683753943007251,0.124733152257335,131.164202288385,0.07,0.757591861524446
0.3,500,FALSE,94,"safeguard",200,1.06735046840901,1.12517276705676,131.164202288385,0.485,0.989637027491409
0.3,500,FALSE,94,"original_size",200,-2.09559313209508,0.124456607549982,131.164202288385,0.98,9.68313222724987
0.3,500,FALSE,94,"capped_safeguard",200,-0.0504942759631579,-0.51851410887915,131.164202288385,0.48,0.989297161172161
0.3,500,FALSE,95,"point",200,-0.0471800021658429,-0.0453654451049328,134.946452953492,0.06,0.770631318341242
0.3,500,FALSE,95,"safeguard",200,0.952729428348763,0.95464453787269,134.946452953492,0.54,1.00618056345505
0.3,500,FALSE,95,"original_size",200,-0.581210762701555,-0.0459524056605373,134.946452953492,0.985,11.4077595628415
0.3,500,FALSE,95,"capped_safeguard",200,-0.117660673787627,-0.21075159701247,134.946452953492,0.535,1.00282485875706
0.3,500,FALSE,96,"point",200,-0.118587606955759,0.121073550775721,147.110973113039,0.055,0.755167424555601
0.3,500,FALSE,96,"safeguard",200,0.88495643577068,1.11351900999687,147.110973113039,0.5,0.994318181818182
0.3,500,FALSE,96,"original_size",200,-4.52301505868969,0.116356677935906,147.110973113039,0.955,8.33815696914883
0.3,500,FALSE,96,"capped_safeguard",200,0.654700074186945,0.383948045591512,147.110973113039,0.49,0.986742424242424
0.3,500,FALSE,97,"point",200,0.11847625595966,0.169717244331298,189.672398746254,0.04,0.741674324281504
0.3,500,FALSE,97,"safeguard",200,1.11633412736617,1.17249570351556,189.672398746254,0.435,0.974183877415057
0.3,500,FALSE,97,"original_size",200,-5.38709503627683,0.171059350628937,189.672398746254,0.98,8.60688405797102
0.3,500,FALSE,97,"capped_safeguard",200,0.890636784690872,0.0442991548810142,189.672398746254,0.43,0.972691161866931
0.3,500,FALSE,98,"point",200,0.0104737672542086,0.0257182133181839,135.780241533154,0.075,0.766603813115441
0.3,500,FALSE,98,"safeguard",200,1.00745805660372,1.02680960758535,135.780241533154,0.52,1
0.3,500,FALSE,98,"original_size",200,-3.66214228334223,0.0256974790552511,135.780241533154,0.965,10.3346575612319
0.3,500,FALSE,98,"capped_safeguard",200,0.263313057694646,-0.634719367681166,135.780241533154,0.505,1
0.3,500,FALSE,99,"point",200,-0.00211862749116479,0.39547320541941,158.278795797162,0.065,0.747852950262589
0.3,500,FALSE,99,"safeguard",200,0.997136397972877,1.39012956154687,158.278795797162,0.52,1
0.3,500,FALSE,99,"original_size",200,-5.07049971336147,0.387560782454026,158.278795797162,0.955,9.09974443227455
0.3,500,FALSE,99,"capped_safeguard",200,0.834485787396289,0.641547139958432,158.278795797162,0.515,1
0.3,500,FALSE,100,"point",200,-0.0827131843778826,0.0333774511340982,212.890043798525,0.075,0.752392548919081
0.3,500,FALSE,100,"safeguard",200,0.920727403634553,1.04051412796069,212.890043798525,0.55,1.01235321030959
0.3,500,FALSE,100,"original_size",200,-5.47429609157957,0.0345803237055115,212.890043798525,0.975,8.24988874054295
0.3,500,FALSE,100,"capped_safeguard",200,0.886938837820169,0.909162389230963,212.890043798525,0.545,1.01197647733792
0.1,100,TRUE,1,"point",48,0.0584811563435696,0.312827757942451,336.291925438118,0,0.434138534467482
0.1,100,TRUE,1,"safeguard",48,1.05365693598708,1.30360331676881,336.291925438118,0.583333333333333,1.05117724867725
0.1,100,TRUE,1,"original_size",48,-1.99318355114537,0.303783161927529,336.291925438118,0.270833333333333,0.597771165882621
0.1,100,TRUE,1,"capped_safeguard",48,0.542567614392364,-1.5996634281027,336.291925438118,0.395833333333333,0.902951294586276
0.1,100,TRUE,2,"point",38,0.119967774100278,-0.0328366786610707,593.717395545925,0,0.425992449486681
0.1,100,TRUE,2,"safeguard",38,1.1221446389091,1.02946953035136,593.717395545925,0.447368421052632,0.965888792855085
0.1,100,TRUE,2,"original_size",38,-1.76149277007494,0.0600225907660416,593.717395545925,0.289473684210526,0.667839691265478
0.1,100,TRUE,2,"capped_safeguard",38,1.18751443647288,1.36989356971297,593.717395545925,0.289473684210526,0.904511453950444
0.1,100,TRUE,3,"point",51,-0.0422565760763594,-0.625560297743865,473.16429011265,0,0.441696113074205
0.1,100,TRUE,3,"safeguard",51,0.952369077633113,0.351878737953591,473.16429011265,0.509803921568627,1.00816326530612
0.1,100,TRUE,3,"original_size",51,-2.06743995705614,-0.655432961906607,473.16429011265,0.352941176470588,0.707423580786026
0.1,100,TRUE,3,"capped_safeguard",51,0.429196555648357,1.63296396560322,473.16429011265,0.294117647058824,0.862619808306709
0.1,100,TRUE,4,"point",34,-0.0144846157731029,1.3445378204862,433.35493456422,0,0.429829755736492
0.1,100,TRUE,4,"safeguard",34,0.986234116632198,2.35493691445645,433.35493456422,0.441176470588235,0.98219294190168
0.1,100,TRUE,4,"original_size",34,-2.0369357323798,1.32086222059463,433.35493456422,0.294117647058824,0.654461237335825
0.1,100,TRUE,4,"capped_safeguard",34,0.77517493679445,0.180586901769653,433.35493456422,0.176470588235294,0.794749272257923
0.1,100,TRUE,5,"point",39,-0.140984220813507,-1.31725228235772,341.610077963962,0,0.38860103626943
0.1,100,TRUE,5,"safeguard",39,0.863516530983284,-0.327865335723707,341.610077963962,0.435897435897436,0.965616045845272
0.1,100,TRUE,5,"original_size",39,-2.21913562725258,-1.33571037580566,341.610077963962,0.230769230769231,0.512635379061372
0.1,100,TRUE,5,"capped_safeguard",39,0.89372002205888,-1.96482997775579,341.610077963962,0.256410256410256,0.849809885931559
0.1,100,TRUE,6,"point",40,0.00284054089209666,-0.9759529388236,514.006912691537,0,0.471213592926422
0.1,100,TRUE,6,"safeguard",40,0.997562657277641,0.0147044088109755,514.006912691537,0.55,1.00935454513634
0.1,100,TRUE,6,"original_size",40,-2.05705009312926,-0.965689536018614,514.006912691537,0.425,0.752500656315275
0.1,100,TRUE,6,"capped_safeguard",40,0.679674192944866,2.22945451622036,514.006912691537,0.35,0.927131359357035
0.1,100,TRUE,7,"point",39,0.0264286796258288,0.330956809828511,435.676456387482,0,0.406779661016949
0.1,100,TRUE,7,"safeguard",39,1.02377801049841,1.399842195867,435.676456387482,0.512820512820513,1.01709401709402
0.1,100,TRUE,7,"original_size",39,-2.00832022044956,0.380716506046326,435.676456387482,0.230769230769231,0.51890482398957
0.1,100,TRUE,7,"capped_safeguard",39,0.927733976457945,-1.0132442199413,435.676456387482,0.358974358974359,0.84
0.1,100,TRUE,8,"point",33,-0.16436776458892,-2.19055918873711,532.986360834721,0,0.429378531073446
0.1,100,TRUE,8,"safeguard",33,0.835583862835267,-1.18413003771287,532.986360834721,0.454545454545455,0.986754966887417
0.1,100,TRUE,8,"original_size",33,-2.18261242693247,-2.17747685438059,532.986360834721,0.363636363636364,0.668276972624799
0.1,100,TRUE,8,"capped_safeguard",33,0.701762085528752,-2.88580083454681,532.986360834721,0.212121212121212,0.833333333333333
0.1,100,TRUE,9,"point",35,-0.0421890114120856,-0.679233567054092,329.484659360613,0,0.477196885428254
0.1,100,TRUE,9,"safeguard",35,0.960183326982836,0.3396362367063,329.484659360613,0.657142857142857,1.05194805194805
0.1,100,TRUE,9,"original_size",35,-2.1498782142083,-0.690216210614091,329.484659360613,0.4,0.834146341463415
0.1,100,TRUE,9,"capped_safeguard",35,0.171672675985338,-1.26303159641138,329.484659360613,0.428571428571429,0.950920245398773
0.1,100,TRUE,10,"point",34,0.0469367272471851,-0.0692552935863958,548.741480276965,0,0.446679838393049
0.1,100,TRUE,10,"safeguard",34,1.05369250329927,0.947655011751379,548.741480276965,0.529411764705882,1.02045166265986
0.1,100,TRUE,10,"original_size",34,-2.04444561286833,-0.030015063845819,548.741480276965,0.323529411764706,0.610289156148289
0.1,100,TRUE,10,"capped_safeguard",34,0.380251500680583,-1.03565666856763,548.741480276965,0.382352941176471,0.964066223504327
0.1,100,TRUE,11,"point",43,-0.141151945111846,-1.12638476963718,303.684968772998,0,0.424657534246575
0.1,100,TRUE,11,"safeguard",43,0.855595353187733,-0.132412654149431,303.684968772998,0.534883720930233,1.00806451612903
0.1,100,TRUE,11,"original_size",43,-2.33819752421171,-1.14608893000019,303.684968772998,0.209302325581395,0.629057187017002
0.1,100,TRUE,11,"capped_safeguard",43,0.469165010073421,0.0560500547625597,303.684968772998,0.325581395348837,0.847457627118644
0.1,100,TRUE,12,"point",34,0.0594046209527276,-1.48682567574589,339.793057121524,0,0.4596973182862
0.1,100,TRUE,12,"safeguard",34,1.05230976521358,-0.453854609978071,339.793057121524,0.382352941176471,0.955107805407539
0.1,100,TRUE,12,"original_size",34,-2.14235135660729,-1.46439265398591,339.793057121524,0.323529411764706,0.800140252454418
0.1,100,TRUE,12,"capped_safeguard",34,0.676252488200476,-1.88690310119267,339.793057121524,0.294117647058824,0.823691460055096
0.1,100,TRUE,13,"point",36,-0.0229699652211661,-0.108362833320047,449.380987155355,0,0.445763952250608
0.1,100,TRUE,13,"safeguard",36,0.98403694087254,0.917143424215095,449.380987155355,0.555555555555556,1.02442744006849
0.1,100,TRUE,13,"original_size",36,-1.99236408230136,-0.0911174602130428,449.380987155355,0.333333333333333,0.770379212460878
0.1,100,TRUE,13,"capped_safeguard",36,0.900025457450059,0.333619560990454,449.380987155355,0.472222222222222,0.987594539752813
0.1,100,TRUE,14,"point",43,0.200852119246892,-1.42350954228928,444.006462925586,0,0.390998593530239
0.1,100,TRUE,14,"safeguard",43,1.20100065505354,-0.422266965478878,444.006462925586,0.558139534883721,1.02625298329356
0.1,100,TRUE,14,"original_size",43,-1.80011507937129,-1.42050002278661,444.006462925586,0.13953488372093,0.493589743589744
0.1,100,TRUE,14,"capped_safeguard",43,0.825830104898069,-1.72216393090767,444.006462925586,0.27906976744186,0.887272727272727
0.1,100,TRUE,15,"point",49,-0.066729034198672,0.39365965182838,501.753288849282,0,0.45583038869258
0.1,100,TRUE,15,"safeguard",49,0.931439772676662,1.35046559173334,501.753288849282,0.469387755102041,0.985655737704918
0.1,100,TRUE,15,"original_size",49,-2.11118929718181,0.359308681633648,501.753288849282,0.346938775510204,0.84020618556701
0.1,100,TRUE,15,"capped_safeguard",49,0.846224604676273,-2.1538250585765,501.753288849282,0.244897959183673,0.89126559714795
0.1,100,TRUE,16,"point",30,-0.01712763725293,-0.930339943747394,409.70848828157,0,0.45980930833872
0.1,100,TRUE,16,"safeguard",30,0.980352588084416,0.0576970709921886,409.70848828157,0.533333333333333,1.02397352898863
0.1,100,TRUE,16,"original_size",30,-2.0439326996051,-0.942425853168224,409.70848828157,0.333333333333333,0.6515617875057
0.1,100,TRUE,16,"capped_safeguard",30,0.719518350622031,0.825958787046299,409.70848828157,0.333333333333333,0.900827841620827
0.1,100,TRUE,17,"point",40,0.105153195335928,-0.475915220026308,403.697655290743,0,0.464676276495454
0.1,100,TRUE,17,"safeguard",40,1.11151247291112,0.522540921538148,403.697655290743,0.6,1.03948957538774
0.1,100,TRUE,17,"original_size",40,-2.09035434543156,-0.470394253907652,403.697655290743,0.375,0.833461133854675
0.1,100,TRUE,17,"capped_safeguard",40,0.525700895538869,-1.93547213118051,403.697655290743,0.4,0.943110982584667
0.1,100,TRUE,18,"point",53,0.137894665034162,0.0611858540421387,408.667412075855,0,0.419825072886297
0.1,100,TRUE,18,"safeguard",53,1.13741816606629,1.03335855696631,408.667412075855,0.452830188679245,0.963730569948187
0.1,100,TRUE,18,"original_size",53,-1.93420769205369,0.030093271967616,408.667412075855,0.245283018867925,0.677830940988836
0.1,100,TRUE,18,"capped_safeguard",53,0.60511732113559,1.14514738910669,408.667412075855,0.264150943396226,0.876543209876543
0.1,100,TRUE,19,"point",45,-0.197598322017699,-0.116990899199886,312.596480067467,0,0.411184210526316
0.1,100,TRUE,19,"safeguard",45,0.80622652384509,0.876519856987963,312.596480067467,0.533333333333333,1.00155520995334
0.1,100,TRUE,19,"original_size",45,-2.26440521052888,-0.120067890213262,312.596480067467,0.244444444444444,0.543640897755611
0.1,100,TRUE,19,"capped_safeguard",45,0.706349602832631,1.21608119643481,312.596480067467,0.244444444444444,0.91304347826087
0.1,100,TRUE,20,"point",40,-0.00100087511512077,-0.230332841390203,458.228590647216,0,0.42019250982358
0.1,100,TRUE,20,"safeguard",40,0.997995520619602,0.783726738564733,458.228590647216,0.5,0.991797676008202
0.1,100,TRUE,20,"original_size",40,-1.98136974474887,-0.227600752701926,458.228590647216,0.275,0.554953595757326
0.1,100,TRUE,20,"capped_safeguard",40,0.738341264702267,1.35101760684645,458.228590647216,0.325,0.862975454906184
0.1,100,TRUE,21,"point",44,-0.123252362048457,-0.929283676381903,587.40718947924,0,0.417661900756939
0.1,100,TRUE,21,"safeguard",44,0.876832427594656,0.0557547264836597,587.40718947924,0.590909090909091,1.03019773901221
0.1,100,TRUE,21,"original_size",44,-2.01168304376842,-0.954184349268978,587.40718947924,0.227272727272727,0.581681815697918
0.1,100,TRUE,21,"capped_safeguard",44,0.879615949868433,-1.43691738597544,587.40718947924,0.204545454545455,0.849980132211104
0.1,100,TRUE,22,"point",42,0.045962652094509,-0.283873334858903,389.970099514456,0,0.43585565535331
0.1,100,TRUE,22,"safeguard",42,1.04760477816834,0.720037490314699,389.970099514456,0.5,0.991467576791809
0.1,100,TRUE,22,"original_size",42,-1.9566081545942,-0.256756008675363,389.970099514456,0.166666666666667,0.682952396217342
0.1,100,TRUE,22,"capped_safeguard",42,0.705301832195778,-0.452354177580202,389.970099514456,0.285714285714286,0.937171052631579
0.1,100,TRUE,23,"point",38,-0.141254460216723,0.972351407672887,693.013730276108,0,0.401927090099268
0.1,100,TRUE,23,"safeguard",38,0.863199157344329,1.96478723137903,693.013730276108,0.473684210526316,0.972798949389612
0.1,100,TRUE,23,"original_size",38,-2.00057677417257,0.98244846312229,693.013730276108,0.236842105263158,0.587923288127132
0.1,100,TRUE,23,"capped_safeguard",38,0.308149449806996,-0.0830527206914244,693.013730276108,0.210526315789474,0.857730818017435
0.1,100,TRUE,24,"point",40,-0.0378173158764655,1.54708763835277,387.71683197365,0,0.441441441441441
0.1,100,TRUE,24,"safeguard",40,0.958069046768073,2.52718621011738,387.71683197365,0.55,1.00169491525424
0.1,100,TRUE,24,"original_size",40,-2.19355090773915,1.52919197950157,387.71683197365,0.3,0.679956896551724
0.1,100,TRUE,24,"capped_safeguard",40,0.451811160691073,0.160767567374091,387.71683197365,0.325,0.929713804713805
0.1,100,TRUE,25,"point",39,-0.0758493471776226,-2.29812337971545,524.749155477512,0,0.449129239230064
0.1,100,TRUE,25,"safeguard",39,0.925269306772231,-1.24653822460318,524.749155477512,0.41025641025641,0.956363636363636
0.1,100,TRUE,25,"original_size",39,-2.1034649774218,-2.24914613682708,524.749155477512,0.358974358974359,0.789198606271777
0.1,100,TRUE,25,"capped_safeguard",39,0.792972936990985,-0.292067674864335,524.749155477512,0.256410256410256,0.871080139372822
0.1,100,TRUE,26,"point",40,0.226945788005217,0.162185819977438,530.035216689427,0,0.400402579490811
0.1,100,TRUE,26,"safeguard",40,1.22830148161158,1.16895167321198,530.035216689427,0.475,0.991044742324065
0.1,100,TRUE,26,"original_size",40,-1.72488408846147,0.166809037214415,530.035216689427,0.15,0.508964143426295
0.1,100,TRUE,26,"capped_safeguard",40,0.83148744762102,0.493427628485992,530.035216689427,0.175,0.855970869527068
0.1,100,TRUE,27,"point",42,0.130319941799717,-0.00824948510047347,494.134763486847,0,0.427657857410698
0.1,100,TRUE,27,"safeguard",42,1.13050254324575,1.0082405508082,494.134763486847,0.452380952380952,0.993125957595163
0.1,100,TRUE,27,"original_size",42,-1.92123609561073,-0.00635838309185969,494.134763486847,0.261904761904762,0.63472501676727
0.1,100,TRUE,27,"capped_safeguard",42,0.854824849625678,-0.511262239661187,494.134763486847,0.166666666666667,0.824466095587363
0.1,100,TRUE,28,"point",36,-0.218468840773831,0.363626834104358,346.240668217507,0,0.423401845767731
0.1,100,TRUE,28,"safeguard",36,0.784546349708146,1.36991911717514,346.240668217507,0.472222222222222,0.992279627753323
0.1,100,TRUE,28,"original_size",36,-2.52967020446764,0.362034311900933,346.240668217507,0.277777777777778,0.673029418369638
0.1,100,TRUE,28,"capped_safeguard",36,0.379358237707485,1.89209534490308,346.240668217507,0.333333333333333,0.87380017452007
0.1,100,TRUE,29,"point",37,-0.27572553840901,0.227089969499743,455.847672203852,0,0.41014799154334
0.1,100,TRUE,29,"safeguard",37,0.720459094059645,1.23425713485996,455.847672203852,0.567567567567568,1.03824091778203
0.1,100,TRUE,29,"original_size",37,-2.24863256774784,0.212097866516367,455.847672203852,0.243243243243243,0.552719200887902
0.1,100,TRUE,29,"capped_safeguard",37,0.397795207019154,-1.90945598435107,455.847672203852,0.189189189189189,0.836120401337793
0.1,100,TRUE,30,"point",31,-0.154038878012047,-0.0378387011800201,481.58039127281,0,0.451202263083451
0.1,100,TRUE,30,"safeguard",31,0.845797820164588,0.959909244334097,481.58039127281,0.67741935483871,1.04191616766467
0.1,100,TRUE,30,"original_size",31,-2.13171460168817,-0.0715549314116521,481.58039127281,0.258064516129032,0.693577981651376
0.1,100,TRUE,30,"capped_safeguard",31,0.153665204092332,1.64042653834004,481.58039127281,0.290322580645161,0.834724540901502
0.1,100,TRUE,31,"point",45,-0.0984549132824908,0.0659985485253122,410.700392020234,0,0.415300546448087
0.1,100,TRUE,31,"safeguard",45,0.901171883668677,1.05670356820548,410.700392020234,0.511111111111111,1
0.1,100,TRUE,31,"original_size",45,-2.21495455491996,0.0567078018316306,410.700392020234,0.311111111111111,0.620467365028203
0.1,100,TRUE,31,"capped_safeguard",45,0.731454208643326,0.48875957252217,410.700392020234,0.333333333333333,0.910746812386157
0.1,100,TRUE,32,"point",43,0.0649189869158187,-0.141357558149449,532.895332288914,0,0.422178988326848
0.1,100,TRUE,32,"safeguard",43,1.06508599940197,0.867649676320269,532.895332288914,0.465116279069767,0.991525423728814
0.1,100,TRUE,32,"original_size",43,-1.88948992726853,-0.126439869997432,532.895332288914,0.232558139534884,0.619469026548673
0.1,100,TRUE,32,"capped_safeguard",43,0.788247671701463,-1.3268600698888,532.895332288914,0.162790697674419,0.878048780487805
0.1,100,TRUE,33,"point",38,0.320699258397306,0.246576488877435,446.900019301972,0,0.468395806738617
0.1,100,TRUE,33,"safeguard",38,1.32198705227066,1.23136876555687,446.900019301972,0.657894736842105,1.05786918753194
0.1,100,TRUE,33,"original_size",38,-1.77848028797985,0.250991162637094,446.900019301972,0.263157894736842,0.732676056338028
0.1,100,TRUE,33,"capped_safeguard",38,0.616742529851988,-0.465617101256531,446.900019301972,0.447368421052632,0.947924624395213
0.1,100,TRUE,34,"point",39,0.0371639026166751,1.15331084978289,295.112440163366,0,0.389502762430939
0.1,100,TRUE,34,"safeguard",39,1.03904650838945,2.16336645698135,295.112440163366,0.307692307692308,0.915686274509804
0.1,100,TRUE,34,"original_size",39,-2.17215533746899,1.15348139836493,295.112440163366,0.17948717948718,0.566502463054187
0.1,100,TRUE,34,"capped_safeguard",39,0.633771151780981,0.211074929691799,295.112440163366,0.102564102564103,0.859649122807018
0.1,100,TRUE,35,"point",34,-0.0809998623869234,-0.31562901877763,291.402678048619,0,0.420408599039806
0.1,100,TRUE,35,"safeguard",34,0.917997977569093,0.672019335163316,291.402678048619,0.441176470588235,0.99272072783323
0.1,100,TRUE,35,"original_size",34,-2.23950828809641,-0.319483779278748,291.402678048619,0.205882352941176,0.622123312494337
0.1,100,TRUE,35,"capped_safeguard",34,0.753083540641728,-1.28713782276754,291.402678048619,0.352941176470588,0.891312305398993
0.1,100,TRUE,36,"point",42,-0.0644343742007493,-1.31214360142945,572.202338336645,0,0.410876200335558
0.1,100,TRUE,36,"safeguard",42,0.934150099418038,-0.276142688492459,572.202338336645,0.476190476190476,0.990040464193007
0.1,100,TRUE,36,"original_size",42,-1.95891773069746,-1.30754322088556,572.202338336645,0.238095238095238,0.621171824629271
0.1,100,TRUE,36,"capped_safeguard",42,0.613142464447298,-4.33238089527726,572.202338336645,0.261904761904762,0.880275011853959
0.1,100,TRUE,37,"point",35,-0.0933925737222399,-1.01154784290605,362.445245165676,0,0.455473098330241
0.1,100,TRUE,37,"safeguard",35,0.906527563656398,-0.0239892196616297,362.445245165676,0.6,1.03268945022288
0.1,100,TRUE,37,"original_size",35,-2.1668602460392,-1.0237564922734,362.445245165676,0.314285714285714,0.651428571428571
0.1,100,TRUE,37,"capped_safeguard",35,0.395653721189973,-2.29333580613767,362.445245165676,0.314285714285714,0.877068557919622
0.1,100,TRUE,38,"point",38,0.123924745175877,-0.851909542879002,470.859482690504,0,0.449672619047619
0.1,100,TRUE,38,"safeguard",38,1.12417407487909,0.136058577074455,470.859482690504,0.5,0.996646220815196
0.1,100,TRUE,38,"original_size",38,-1.87608076200056,-0.885234578232089,470.859482690504,0.263157894736842,0.710410557184751
0.1,100,TRUE,38,"capped_safeguard",38,0.775430554002616,1.11457127817415,470.859482690504,0.31578947368421,0.872115384615385
0.1,100,TRUE,39,"point",36,0.0306803373823915,-0.361271085095145,456.079077445989,0,0.435178060547664
0.1,100,TRUE,39,"safeguard",36,1.02746485433114,0.614373435451452,456.079077445989,0.5,1.00407338612442
0.1,100,TRUE,39,"original_size",36,-1.90736115987837,-0.374445043180124,456.079077445989,0.277777777777778,0.62147461871491
0.1,100,TRUE,39,"capped_safeguard",36,0.802710465463542,0.12308348388917,456.079077445989,0.25,0.867748797361514
0.1,100,TRUE,40,"point",39,0.0160959663698485,0.373312606782127,458.882464513772,0,0.412997903563941
0.1,100,TRUE,40,"safeguard",39,1.01097582320319,1.37096755540769,458.882464513772,0.384615384615385,0.976774193548387
0.1,100,TRUE,40,"original_size",39,-2.0026736518856,0.375674552463063,458.882464513772,0.256410256410256,0.64926590538336
0.1,100,TRUE,40,"capped_safeguard",39,0.90929565859504,1.33652922868397,458.882464513772,0.256410256410256,0.88265306122449
0.1,100,TRUE,41,"point",42,0.16610066622087,0.252498335227298,349.823122716759,0,0.452238792406191
0.1,100,TRUE,41,"safeguard",42,1.16610247223749,1.25114439482023,349.823122716759,0.547619047619048,1.00804503646821
0.1,100,TRUE,41,"original_size",42,-1.919921540369,0.256733740863503,349.823122716759,0.261904761904762,0.757143812961988
0.1,100,TRUE,41,"capped_safeguard",42,0.979082243189412,-0.176475845471725,349.823122716759,0.333333333333333,0.85770918519996
0.1,100,TRUE,42,"point",43,0.105209382581085,-0.494126333328235,417.000087833193,0,0.452427184466019
0.1,100,TRUE,42,"safeguard",43,1.10747739826144,0.500736930632364,417.000087833193,0.534883720930233,1.05030181086519
0.1,100,TRUE,42,"original_size",43,-1.86019892029786,-0.428452498732275,417.000087833193,0.232558139534884,0.725274725274725
0.1,100,TRUE,42,"capped_safeguard",43,0.951401830414646,-2.30113791189573,417.000087833193,0.325581395348837,0.912087912087912
0.1,100,TRUE,43,"point",43,0.0140036410547302,0.266594748821626,446.831196505702,0,0.443877551020408
0.1,100,TRUE,43,"safeguard",43,1.01088912328137,1.29349418489113,446.831196505702,0.604651162790698,1.04248366013072
0.1,100,TRUE,43,"original_size",43,-2.06918216959443,0.282800220790168,446.831196505702,0.232558139534884,0.717059639389736
0.1,100,TRUE,43,"capped_safeguard",43,0.714328745280598,-3.33863124727555,446.831196505702,0.348837209302326,0.915750915750916
0.1,100,TRUE,44,"point",43,0.182692145606519,0.113049796003386,316.323596787099,0,0.412109375
0.1,100,TRUE,44,"safeguard",43,1.18427645271175,1.0869922778943,316.323596787099,0.534883720930233,1.01818181818182
0.1,100,TRUE,44,"original_size",43,-1.87807047994018,0.0853036695485113,316.323596787099,0.27906976744186,0.650732459521974
0.1,100,TRUE,44,"capped_safeguard",43,0.500443836124055,1.43939119089235,316.323596787099,0.27906976744186,0.83625730994152
0.1,100,TRUE,45,"point",34,0.0188112182848777,0.329562049810532,317.765760444503,0,0.439339622641509
0.1,100,TRUE,45,"safeguard",34,1.02149078444168,1.32191546066674,317.765760444503,0.470588235294118,0.987251082251082
0.1,100,TRUE,45,"original_size",34,-2.11581958118306,0.334539841029915,317.765760444503,0.264705882352941,0.602941176470588
0.1,100,TRUE,45,"capped_safeguard",34,0.635119549900602,1.07416812666381,317.765760444503,0.176470588235294,0.832640044370494
0.1,100,TRUE,46,"point",41,-0.326278944025895,0.266959525329351,364.25539843277,0,0.40625
0.1,100,TRUE,46,"safeguard",41,0.673852625654931,1.2899786572484,364.25539843277,0.51219512195122,1
0.1,100,TRUE,46,"original_size",41,-2.36885600856708,0.291125656443503,364.25539843277,0.170731707317073,0.581208053691275
0.1,100,TRUE,46,"capped_safeguard",41,0.731787852872231,1.61933788090806,364.25539843277,0.292682926829268,0.879452054794521
0.1,100,TRUE,47,"point",43,-0.175173440079778,0.552223636756089,660.852641981483,0,0.423943661971831
0.1,100,TRUE,47,"safeguard",43,0.822829771629132,1.58574557197571,660.852641981483,0.325581395348837,0.931034482758621
0.1,100,TRUE,47,"original_size",43,-2.1046532980368,0.554266707926834,660.852641981483,0.162790697674419,0.66304347826087
0.1,100,TRUE,47,"capped_safeguard",43,0.377157531837697,-2.24611930577628,660.852641981483,0.209302325581395,0.846511627906977
0.1,100,TRUE,48,"point",44,0.113961285909106,0.261595041718,404.115776900427,0,0.424450891007045
0.1,100,TRUE,48,"safeguard",44,1.11211190711343,1.28148284864924,404.115776900427,0.340909090909091,0.956635514018692
0.1,100,TRUE,48,"original_size",44,-2.03069504443211,0.266740024893651,404.115776900427,0.272727272727273,0.673261035330001
0.1,100,TRUE,48,"capped_safeguard",44,0.896154990842408,0.282256393762165,404.115776900427,0.181818181818182,0.869833142049969
0.1,100,TRUE,49,"point",54,0.0833345574997397,1.23960221974519,434.617410921842,0,0.421679197994987
0.1,100,TRUE,49,"safeguard",54,1.08229803538911,2.25752862595518,434.617410921842,0.481481481481481,0.979832369084706
0.1,100,TRUE,49,"original_size",54,-1.92302276673111,1.27893279379279,434.617410921842,0.166666666666667,0.640396444873696
0.1,100,TRUE,49,"capped_safeguard",54,0.76837852011818,2.81934141431377,434.617410921842,0.203703703703704,0.870580808080808
0.1,100,TRUE,50,"point",43,-0.00645857337492502,-0.676807505147923,342.260903307072,0,0.41948310139165
0.1,100,TRUE,50,"safeguard",43,0.989725405193764,0.345198408101552,342.260903307072,0.348837209302326,0.948655256723716
0.1,100,TRUE,50,"original_size",43,-2.02512294634177,-0.670685556426258,342.260903307072,0.255813953488372,0.610636277302944
0.1,100,TRUE,50,"capped_safeguard",43,0.856952166635369,-2.59370302943286,342.260903307072,0.162790697674419,0.859030837004405
0.1,100,TRUE,51,"point",39,-0.118778932188588,1.89432151361455,373.917259360004,0,0.43437273386512
0.1,100,TRUE,51,"safeguard",39,0.879909112515232,2.89888068844851,373.917259360004,0.538461538461538,1.01970443349754
0.1,100,TRUE,51,"original_size",39,-2.23457010638016,1.88689882053429,373.917259360004,0.17948717948718,0.619955156950673
0.1,100,TRUE,51,"capped_safeguard",39,0.5634210862401,2.84217271321065,373.917259360004,0.358974358974359,0.90818858560794
0.1,100,TRUE,52,"point",41,0.10297583420155,1.23661496421077,402.925814483624,0,0.421621621621622
0.1,100,TRUE,52,"safeguard",41,1.10050983508998,2.23906691921112,402.925814483624,0.536585365853659,1.03082191780822
0.1,100,TRUE,52,"original_size",41,-1.88034625048817,1.24160888423818,402.925814483624,0.219512195121951,0.595744680851064
0.1,100,TRUE,52,"capped_safeguard",41,0.728326020630162,-1.03192710523489,402.925814483624,0.292682926829268,0.866666666666667
0.1,100,TRUE,53,"point",35,-0.128250931993525,0.115376459509502,466.2134840542,0,0.383152173913043
0.1,100,TRUE,53,"safeguard",35,0.872657803541543,1.09591652001623,466.2134840542,0.571428571428571,1.02622950819672
0.1,100,TRUE,53,"original_size",35,-2.07138628143822,0.0975253480557058,466.2134840542,0.228571428571429,0.555555555555556
0.1,100,TRUE,53,"capped_safeguard",35,0.433343838729602,0.611694943435835,466.2134840542,0.342857142857143,0.871508379888268
0.1,100,TRUE,54,"point",41,0.0959451353185642,0.195872163869954,329.425715304141,0,0.438877755511022
0.1,100,TRUE,54,"safeguard",41,1.09698227392593,1.19164109872396,329.425715304141,0.48780487804878,0.994413407821229
0.1,100,TRUE,54,"original_size",41,-2.11319884661363,0.18225888517696,329.425715304141,0.268292682926829,0.719298245614035
0.1,100,TRUE,54,"capped_safeguard",41,0.562961995230131,-0.0629075702518003,329.425715304141,0.268292682926829,0.865603644646925
0.1,100,TRUE,55,"point",46,0.0767408966467494,1.09761309250637,353.675280135054,0,0.417152002660514
0.1,100,TRUE,55,"safeguard",46,1.07612764562919,2.08433386465171,353.675280135054,0.456521739130435,0.972284117583976
0.1,100,TRUE,55,"original_size",46,-2.02363631826191,1.09465123695443,353.675280135054,0.195652173913043,0.600436205016358
0.1,100,TRUE,55,"capped_safeguard",46,0.221682958467897,1.03444010639569,353.675280135054,0.217391304347826,0.836309831815016
0.1,100,TRUE,56,"point",43,-0.0779200703105752,-0.679085320762482,298.073922582702,0,0.457943925233645
0.1,100,TRUE,56,"safeguard",43,0.922087785188563,0.318117864615068,298.073922582702,0.465116279069767,0.981981981981982
0.1,100,TRUE,56,"original_size",43,-2.1985562114973,-0.67108329192021,298.073922582702,0.372093023255814,0.629476584022039
0.1,100,TRUE,56,"capped_safeguard",43,0.626218827686941,-1.11759490946858,298.073922582702,0.27906976744186,0.891891891891892
0.1,100,TRUE,57,"point",48,-0.2295942394579,-0.540172385299,375.168927002971,0,0.42122552449228
0.1,100,TRUE,57,"safeguard",48,0.768888728873997,0.475356906424789,375.168927002971,0.5625,1.01762746009608
0.1,100,TRUE,57,"original_size",48,-2.26241881728876,-0.52701978769069,375.168927002971,0.208333333333333,0.554612648362648
0.1,100,TRUE,57,"capped_safeguard",48,0.342901933556583,-0.292399282580423,375.168927002971,0.4375,0.968159865814512
0.1,100,TRUE,58,"point",36,-0.0449357157425369,-1.83364731124552,459.749337924122,0,0.486139258157479
0.1,100,TRUE,58,"safeguard",36,0.960285951668758,-0.824598545411855,459.749337924122,0.611111111111111,1.03681223939555
0.1,100,TRUE,58,"original_size",36,-2.16944544816833,-1.83007245989926,459.749337924122,0.333333333333333,0.777933832709114
0.1,100,TRUE,58,"capped_safeguard",36,1.15566904825754,-2.6852667003004,459.749337924122,0.416666666666667,0.98235077376566
0.1,100,TRUE,59,"point",48,-0.0193870860997556,1.78163164744435,629.088040602553,0,0.408120840029046
0.1,100,TRUE,59,"safeguard",48,0.984640915101016,2.75272712828013,629.088040602553,0.541666666666667,1.0200714101192
0.1,100,TRUE,59,"original_size",48,-1.95628432122076,1.75699456656604,629.088040602553,0.25,0.593518660797411
0.1,100,TRUE,59,"capped_safeguard",48,0.534753637552008,-1.31860537047613,629.088040602553,0.333333333333333,0.863248888314851
0.1,100,TRUE,60,"point",36,-0.0606848202059095,1.71497879166805,724.277371623862,0,0.410818713450292
0.1,100,TRUE,60,"safeguard",36,0.937456184968123,2.74857683512656,724.277371623862,0.527777777777778,1.01031746031746
0.1,100,TRUE,60,"original_size",36,-1.99164853532284,1.76070603172738,724.277371623862,0.166666666666667,0.573094434058976
0.1,100,TRUE,60,"capped_safeguard",36,0.621068515827308,-1.19740468612258,724.277371623862,0.25,0.870673069639909
0.1,100,TRUE,61,"point",38,-0.0287000933166159,-1.46162579223099,484.277091106402,0,0.453259179745336
0.1,100,TRUE,61,"safeguard",38,0.977120837565129,-0.45119460303191,484.277091106402,0.447368421052632,0.992633665488053
0.1,100,TRUE,61,"original_size",38,-2.10570541237275,-1.43877338409982,484.277091106402,0.368421052631579,0.828702079679278
0.1,100,TRUE,61,"capped_safeguard",38,0.936503361857653,1.85608560728747,484.277091106402,0.263157894736842,0.936930730960582
0.1,100,TRUE,62,"point",41,0.0789022409975118,0.0824554349911794,401.595791865158,0,0.445714285714286
0.1,100,TRUE,62,"safeguard",41,1.07690352262949,1.09226267184195,401.595791865158,0.414634146341463,0.977401129943503
0.1,100,TRUE,62,"original_size",41,-1.98246838883177,0.103877214618208,401.595791865158,0.292682926829268,0.635036496350365
0.1,100,TRUE,62,"capped_safeguard",41,0.592692752510306,0.151312579747578,401.595791865158,0.317073170731707,0.913978494623656
0.1,100,TRUE,63,"point",37,-0.10696300343212,1.39790893060531,400.580517573422,0,0.418181818181818
0.1,100,TRUE,63,"safeguard",37,0.892715812199117,2.37338415561694,400.580517573422,0.513513513513513,1.00081766148814
0.1,100,TRUE,63,"original_size",37,-2.19012152619599,1.39337916091168,400.580517573422,0.297297297297297,0.607476635514019
0.1,100,TRUE,63,"capped_safeguard",37,0.615203263601336,3.72780586679809,400.580517573422,0.324324324324324,0.866666666666667
0.1,100,TRUE,64,"point",57,0.0908392168459219,0.00331396495952959,290.626013925362,0,0.417402269861286
0.1,100,TRUE,64,"safeguard",57,1.09006274043493,1.01093044513851,290.626013925362,0.456140350877193,0.98469387755102
0.1,100,TRUE,64,"original_size",57,-2.07129837504377,0.0113369760151031,290.626013925362,0.333333333333333,0.662721893491124
0.1,100,TRUE,64,"capped_safeguard",57,0.986550746641542,0.888999652494257,290.626013925362,0.333333333333333,0.918918918918919
0.1,100,TRUE,65,"point",46,0.0933530995183011,0.134378179627596,307.834572182067,0,0.444758716014417
0.1,100,TRUE,65,"safeguard",46,1.09287623490088,1.12006910958598,307.834572182067,0.543478260869565,1.00516351118761
0.1,100,TRUE,65,"original_size",46,-1.96510468780953,0.131043976634217,307.834572182067,0.260869565217391,0.717219142277142
0.1,100,TRUE,65,"capped_safeguard",46,0.680559601050826,-0.128105061484446,307.834572182067,0.304347826086957,0.885010797822186
0.1,100,TRUE,66,"point",52,-0.0994038981329133,0.0753785829841129,345.590531323645,0,0.404558221095023
0.1,100,TRUE,66,"safeguard",52,0.898752867210368,1.06376786795461,345.590531323645,0.403846153846154,0.959911520513908
0.1,100,TRUE,66,"original_size",52,-2.23023709507144,0.0725519179379589,345.590531323645,0.192307692307692,0.620104529616725
0.1,100,TRUE,66,"capped_safeguard",52,0.66365508295594,-1.30421420414351,345.590531323645,0.288461538461538,0.870775243844986
0.1,100,TRUE,67,"point",41,-0.104337132455057,-0.0288758776190848,285.358852066232,0,0.435215946843854
0.1,100,TRUE,67,"safeguard",41,0.892711195083532,1.00158503269269,285.358852066232,0.439024390243902,0.992094861660079
0.1,100,TRUE,67,"original_size",41,-2.24396252809827,-0.0175779651702282,285.358852066232,0.219512195121951,0.67109634551495
0.1,100,TRUE,67,"capped_safeguard",41,0.81095231496156,-0.427643467939993,285.358852066232,0.268292682926829,0.94
0.1,100,TRUE,68,"point",33,0.00382763861078367,1.5355510109987,326.882488781668,0,0.388046387154326
0.1,100,TRUE,68,"safeguard",33,1.00482598790941,2.54613367315259,326.882488781668,0.333333333333333,0.961953075459734
0.1,100,TRUE,68,"original_size",33,-2.13696775726882,1.5364317841584,326.882488781668,0.212121212121212,0.560975609756098
0.1,100,TRUE,68,"capped_safeguard",33,0.639590437613912,1.6399752817832,326.882488781668,0.181818181818182,0.763736263736264
0.1,100,TRUE,69,"point",44,0.0207005580401414,-0.468333896200459,318.613608275437,0,0.461398982646579
0.1,100,TRUE,69,"safeguard",44,1.01838114517789,0.545496396751539,318.613608275437,0.636363636363636,1.02872413269162
0.1,100,TRUE,69,"original_size",44,-2.05790689246806,-0.45175150287165,318.613608275437,0.409090909090909,0.770202694965072
0.1,100,TRUE,69,"capped_safeguard",44,0.531558410880739,-0.915550518363965,318.613608275437,0.386363636363636,0.935084899281769
0.1,100,TRUE,70,"point",36,-0.0320510437156177,-1.76666003401859,401.456021514087,0,0.42466307277628
0.1,100,TRUE,70,"safeguard",36,0.979785502043615,-0.733257006000649,401.456021514087,0.583333333333333,1.03696840371369
0.1,100,TRUE,70,"original_size",36,-2.03278429743582,-1.73194205451399,401.456021514087,0.138888888888889,0.599914965986394
0.1,100,TRUE,70,"capped_safeguard",36,0.467212812576268,-3.05998694156317,401.456021514087,0.361111111111111,0.922635849084487
0.1,100,TRUE,71,"point",38,0.00394918197637319,-0.345676890430775,377.427464966409,0,0.430145127099451
0.1,100,TRUE,71,"safeguard",38,1.00615337855467,0.669477810607946,377.427464966409,0.5,0.992300288739172
0.1,100,TRUE,71,"original_size",38,-2.20853421288855,-0.33615717009375,377.427464966409,0.263157894736842,0.573723344556678
0.1,100,TRUE,71,"capped_safeguard",38,0.624749911278061,-1.95623500236799,377.427464966409,0.236842105263158,0.855107778819119
0.1,100,TRUE,72,"point",48,0.142992439324954,0.886489574841599,415.322633269348,0,0.42797187829294
0.1,100,TRUE,72,"safeguard",48,1.14406200288751,1.87446855249325,415.322633269348,0.479166666666667,0.996884704968944
0.1,100,TRUE,72,"original_size",48,-1.91865971745107,0.876028666325807,415.322633269348,0.291666666666667,0.634361809589091
0.1,100,TRUE,72,"capped_safeguard",48,0.505485174605501,-0.197601207372896,415.322633269348,0.229166666666667,0.931408379067917
0.1,100,TRUE,73,"point",41,0.00455685795805657,-0.717861610111571,329.167240615608,0,0.45224171539961
0.1,100,TRUE,73,"safeguard",41,1.00148710600864,0.294564795431073,329.167240615608,0.560975609756098,1.01823708206687
0.1,100,TRUE,73,"original_size",41,-2.14543245433044,-0.725522052569707,329.167240615608,0.365853658536585,0.804878048780488
0.1,100,TRUE,73,"capped_safeguard",41,0.704227324330769,-0.195069956055253,329.167240615608,0.317073170731707,0.899135446685879
0.1,100,TRUE,74,"point",40,-0.0465350495990967,-0.677711385094828,345.332366481298,0,0.427625419304435
0.1,100,TRUE,74,"safeguard",40,0.954955955810887,0.332977099656501,345.332366481298,0.6,1.03417250673854
0.1,100,TRUE,74,"original_size",40,-2.11584670927698,-0.670103262641791,345.332366481298,0.25,0.579841850584209
0.1,100,TRUE,74,"capped_safeguard",40,0.207580947319226,-1.04017643506625,345.332366481298,0.4,0.924619912305786
0.1,100,TRUE,75,"point",43,0.181690811269945,-1.01135572303173,367.205094273036,0,0.431034482758621
0.1,100,TRUE,75,"safeguard",43,1.18141491787416,0.00274829294541915,367.205094273036,0.465116279069767,0.990867579908676
0.1,100,TRUE,75,"original_size",43,-1.90671228124637,-0.99709986017866,367.205094273036,0.232558139534884,0.647855530474041
0.1,100,TRUE,75,"capped_safeguard",43,0.729467928655646,-0.75069803507354,367.205094273036,0.255813953488372,0.914893617021277
0.1,100,TRUE,76,"point",51,-0.034603683355336,0.0197520754934225,429.633225605118,0,0.425287356321839
0.1,100,TRUE,76,"safeguard",51,0.968934354390033,1.0116977451519,429.633225605118,0.509803921568627,1
0.1,100,TRUE,76,"original_size",51,-2.00761998838255,0.0104170995418887,429.633225605118,0.235294117647059,0.611940298507463
0.1,100,TRUE,76,"capped_safeguard",51,0.720354364484273,0.996594642840114,429.633225605118,0.372549019607843,0.875251509054326
0.1,100,TRUE,77,"point",41,0.234846536640999,2.37870532826284,486.06882236424,0,0.397560975609756
0.1,100,TRUE,77,"safeguard",41,1.23986182264511,3.38326415632262,486.06882236424,0.48780487804878,0.975563909774436
0.1,100,TRUE,77,"original_size",41,-1.76572094208503,2.37558580505112,486.06882236424,0.195121951219512,0.553846153846154
0.1,100,TRUE,77,"capped_safeguard",41,1.03100266217047,1.16134603798491,486.06882236424,0.317073170731707,0.911196911196911
0.1,100,TRUE,78,"point",44,0.18055099995801,-0.902337876389587,584.925413048796,0,0.43388371325782
0.1,100,TRUE,78,"safeguard",44,1.17779690749836,0.0989783488916213,584.925413048796,0.545454545454545,1.02546079350203
0.1,100,TRUE,78,"original_size",44,-1.67614007115042,-0.904680932616523,584.925413048796,0.204545454545455,0.611236269399535
0.1,100,TRUE,78,"capped_safeguard",44,0.821178930422865,1.00381170098444,584.925413048796,0.431818181818182,0.883110244419622
0.1,100,TRUE,79,"point",40,-0.0932231647983968,0.1044713453651,543.278475457505,0,0.437362012063275
0.1,100,TRUE,79,"safeguard",40,0.91101648574038,1.09407830369549,543.278475457505,0.5,0.991614255765199
0.1,100,TRUE,79,"original_size",40,-2.08624887782004,0.077380429268155,543.278475457505,0.275,0.744376505127227
0.1,100,TRUE,79,"capped_safeguard",40,0.850292355300926,-0.982213354426371,543.278475457505,0.35,0.913144672676223
0.1,100,TRUE,80,"point",50,-0.0417378041412498,0.633389860192281,347.29041733264,0,0.419622949514254
0.1,100,TRUE,80,"safeguard",50,0.954126151121873,1.6293769767369,347.29041733264,0.56,1.01998433393976
0.1,100,TRUE,80,"original_size",50,-2.18463049154155,0.63476018526357,347.29041733264,0.24,0.578234510793384
0.1,100,TRUE,80,"capped_safeguard",50,0.714219785777049,1.04321872041279,347.29041733264,0.26,0.881819258483556
0.1,100,TRUE,81,"point",40,0.00227325121343228,1.36894283747303,331.355094937691,0,0.458053429151695
0.1,100,TRUE,81,"safeguard",40,1.00652882155685,2.37849135884611,331.355094937691,0.55,1.03360378634212
0.1,100,TRUE,81,"original_size",40,-2.30985736468197,1.37845275031617,331.355094937691,0.25,0.782878343149355
0.1,100,TRUE,81,"capped_safeguard",40,0.43037935352526,1.93289077416812,331.355094937691,0.35,0.944396014108874
0.1,100,TRUE,82,"point",40,-0.308501319847753,0.0842338144948737,631.457952900094,0,0.415785136637155
0.1,100,TRUE,82,"safeguard",40,0.691830698066163,1.09000343599083,631.457952900094,0.425,0.985636502800682
0.1,100,TRUE,82,"original_size",40,-2.19922295327925,0.084199974231981,631.457952900094,0.225,0.652666812513673
0.1,100,TRUE,82,"capped_safeguard",40,0.391315100906895,0.00975802786657245,631.457952900094,0.3,0.838979591836735
0.1,100,TRUE,83,"point",49,0.049878878140488,0.39173911015492,400.926339143239,0,0.395085066162571
0.1,100,TRUE,83,"safeguard",49,1.04662855494534,1.39735113995734,400.926339143239,0.428571428571429,0.977035490605428
0.1,100,TRUE,83,"original_size",49,-1.99495633049619,0.397286215246209,400.926339143239,0.183673469387755,0.531994981179423
0.1,100,TRUE,83,"capped_safeguard",49,0.668607494659118,1.27250386283666,400.926339143239,0.204081632653061,0.858288770053476
0.1,100,TRUE,84,"point",45,-0.0212074002648863,1.26180549527517,332.370260582013,0,0.417974322396576
0.1,100,TRUE,84,"safeguard",45,0.981341654850587,2.29268594042159,332.370260582013,0.444444444444444,0.98019801980198
0.1,100,TRUE,84,"original_size",45,-2.10985734612883,1.29216867861895,332.370260582013,0.244444444444444,0.478827361563518
0.1,100,TRUE,84,"capped_safeguard",45,0.651014176963381,-0.222803265862037,332.370260582013,0.244444444444444,0.936507936507937
0.1,100,TRUE,85,"point",50,0.212428515290132,-0.662149463646487,374.376830942427,0,0.468913649549787
0.1,100,TRUE,85,"safeguard",50,1.21290630733607,0.349215746072542,374.376830942427,0.58,1.03830482639347
0.1,100,TRUE,85,"original_size",50,-1.89383152172268,-0.652010407259647,374.376830942427,0.38,0.759473480293249
0.1,100,TRUE,85,"capped_safeguard",50,0.677849031595959,-0.557073958172466,374.376830942427,0.28,0.899537037037037
0.1,100,TRUE,86,"point",42,-0.0305795053840105,-1.07136613474316,370.761938501156,0,0.418927537653927
0.1,100,TRUE,86,"safeguard",42,0.965428747797968,-0.0595311831083253,370.761938501156,0.428571428571429,0.981017964071856
0.1,100,TRUE,86,"original_size",42,-2.08312764907228,-1.04822688816908,370.761938501156,0.214285714285714,0.643507166899558
0.1,100,TRUE,86,"capped_safeguard",42,0.728044100003569,-0.470932985831669,370.761938501156,0.238095238095238,0.914182584366689
0.1,100,TRUE,87,"point",32,0.340387014132456,1.93418698353332,543.264000970526,0,0.45327054141756
0.1,100,TRUE,87,"safeguard",32,1.33836293101481,2.91775175372165,543.264000970526,0.625,1.06195989033911
0.1,100,TRUE,87,"original_size",32,-1.5538737335993,1.92665695112497,543.264000970526,0.25,0.702909597030753
0.1,100,TRUE,87,"capped_safeguard",32,0.607109258883798,-3.06939160677709,543.264000970526,0.40625,0.869925213675214
0.1,100,TRUE,88,"point",34,-0.0335545587753969,-2.82291852887902,454.246374608034,0,0.463481917410581
0.1,100,TRUE,88,"safeguard",34,0.968417611325383,-1.83898345605732,454.246374608034,0.558823529411765,1.01426736654009
0.1,100,TRUE,88,"original_size",34,-1.96693722910628,-2.81460704576225,454.246374608034,0.323529411764706,0.862744347796512
0.1,100,TRUE,88,"capped_safeguard",34,1.07628370121844,-2.0165769404653,454.246374608034,0.441176470588235,0.968875055580258
0.1,100,TRUE,89,"point",34,-0.217502151767302,0.349389594738198,246.786801792414,0,0.413861912175353
0.1,100,TRUE,89,"safeguard",34,0.787674089661664,1.3638925378493,246.786801792414,0.470588235294118,0.980472813238771
0.1,100,TRUE,89,"original_size",34,-2.36705777215878,0.361363145171774,246.786801792414,0.205882352941176,0.590665133218325
0.1,100,TRUE,89,"capped_safeguard",34,0.455112825154874,0.396277774438467,246.786801792414,0.264705882352941,0.872603006749348
0.1,100,TRUE,90,"point",41,0.20510869652365,-0.0263629693094734,319.045582839453,0,0.445054945054945
0.1,100,TRUE,90,"safeguard",41,1.20615621579303,0.960446382849127,319.045582839453,0.560975609756098,1.02089552238806
0.1,100,TRUE,90,"original_size",41,-1.99660777953423,-0.0516331335931426,319.045582839453,0.219512195121951,0.66887417218543
0.1,100,TRUE,90,"capped_safeguard",41,0.840645841802266,-0.111809005986497,319.045582839453,0.317073170731707,0.911660777385159
0.1,100,TRUE,91,"point",40,0.215120326365524,3.63973697575433,592.972495694937,0,0.413068642203959
0.1,100,TRUE,91,"safeguard",40,1.21535923311664,4.67389204068973,592.972495694937,0.45,0.960750961483571
0.1,100,TRUE,91,"original_size",40,-1.69638352872059,3.67847673063144,592.972495694937,0.175,0.580622752533508
0.1,100,TRUE,91,"capped_safeguard",40,0.739477430285729,1.27659787336787,592.972495694937,0.2,0.832150944477886
0.1,100,TRUE,92,"point",48,0.0230534336314548,-0.353483367027295,422.269808613763,0,0.408742833742834
0.1,100,TRUE,92,"safeguard",48,1.02420038807725,0.653983196671393,422.269808613763,0.479166666666667,0.994583190785722
0.1,100,TRUE,92,"original_size",48,-2.00410041535176,-0.345914482740809,422.269808613763,0.208333333333333,0.566976384049555
0.1,100,TRUE,92,"capped_safeguard",48,0.621680161033736,-1.08728972137703,422.269808613763,0.291666666666667,0.919963980067165
0.1,100,TRUE,93,"point",46,0.0302647860471888,0.43050357492406,479.325945315262,0,0.413316582914573
0.1,100,TRUE,93,"safeguard",46,1.02946727557584,1.46940005507374,479.325945315262,0.369565217391304,0.957014776050485
0.1,100,TRUE,93,"original_size",46,-1.89923085493378,0.450008086865468,479.325945315262,0.347826086956522,0.578257520840884
0.1,100,TRUE,93,"capped_safeguard",46,0.936509946037372,0.0708741097303742,479.325945315262,0.282608695652174,0.866925885634889
0.1,100,TRUE,94,"point",50,0.173889529149827,0.416242218315345,403.31313388208,0,0.454600801768386
0.1,100,TRUE,94,"safeguard",50,1.1746233673365,1.42302879830799,403.31313388208,0.6,1.06166462668299
0.1,100,TRUE,94,"original_size",50,-1.94985309461235,0.402506667627329,403.31313388208,0.4,0.751956109786662
0.1,100,TRUE,94,"capped_safeguard",50,0.952439588053855,0.335054892320674,403.31313388208,0.38,0.882706766917293
0.1,100,TRUE,95,"point",51,0.071759436824459,1.00026439511607,422.68551853591,0,0.443708609271523
0.1,100,TRUE,95,"safeguard",51,1.07372258494226,1.98939524281608,422.68551853591,0.450980392156863,0.991197183098592
0.1,100,TRUE,95,"original_size",51,-2.00768735326319,0.973877634494649,422.68551853591,0.274509803921569,0.76865671641791
0.1,100,TRUE,95,"capped_safeguard",51,0.58619282344,-1.43942251625038,422.68551853591,0.294117647058824,0.889830508474576
0.1,100,TRUE,96,"point",42,-0.0270907546824771,-1.63124309262434,476.586297277359,0,0.449792960662526
0.1,100,TRUE,96,"safeguard",42,0.973894375202024,-0.657984386033775,476.586297277359,0.619047619047619,1.05386847195358
0.1,100,TRUE,96,"original_size",42,-2.03201715606853,-1.63783922253696,476.586297277359,0.285714285714286,0.641919191919192
0.1,100,TRUE,96,"capped_safeguard",42,0.354423299098796,-4.20868898253817,476.586297277359,0.476190476190476,0.989525691699605
0.1,100,TRUE,97,"point",30,-0.0855104783405836,0.343496654511161,319.12441595658,0,0.418703832521779
0.1,100,TRUE,97,"safeguard",30,0.915756926055039,1.33109708887799,319.12441595658,0.5,0.998048583540811
0.1,100,TRUE,97,"original_size",30,-2.15089167918279,0.338661387896342,319.12441595658,0.266666666666667,0.627954281286323
0.1,100,TRUE,97,"capped_safeguard",30,0.612238766145659,1.18401520759379,319.12441595658,0.4,0.949494153744092
0.1,100,TRUE,98,"point",44,0.113912972595815,-1.17782975293043,473.162411860158,0,0.46023112248739
0.1,100,TRUE,98,"safeguard",44,1.11339030821273,-0.169357620603887,473.162411860158,0.568181818181818,1.0170685942131
0.1,100,TRUE,98,"original_size",44,-1.87264038768721,-1.14970649449494,473.162411860158,0.227272727272727,0.690102498398462
0.1,100,TRUE,98,"capped_safeguard",44,0.515994921981594,-4.14499665330329,473.162411860158,0.295454545454545,0.933677298311445
0.1,100,TRUE,99,"point",39,0.18368954095761,0.452259255686608,326.969511822374,0,0.401898734177215
0.1,100,TRUE,99,"safeguard",39,1.18261416941511,1.43471858473486,326.969511822374,0.512820512820513,1.01006711409396
0.1,100,TRUE,99,"original_size",39,-1.8843942220539,0.455464725566286,326.969511822374,0.230769230769231,0.555755395683453
0.1,100,TRUE,99,"capped_safeguard",39,0.750631462127156,2.62700036358233,326.969511822374,0.282051282051282,0.898989898989899
0.1,100,TRUE,100,"point",38,-0.132529384232183,-1.46784437793645,546.685997199041,0,0.407717145624798
0.1,100,TRUE,100,"safeguard",38,0.865031819986929,-0.465820658615401,546.685997199041,0.447368421052632,0.96102576990335
0.1,100,TRUE,100,"original_size",38,-2.099575945707,-1.46362959884161,546.685997199041,0.289473684210526,0.655923141186299
0.1,100,TRUE,100,"capped_safeguard",38,0.696329562783747,-1.43137387479508,546.685997199041,0.368421052631579,0.933923649677074
0.3,100,TRUE,1,"point",169,-0.0301160272764153,-0.0860791819274479,155.670105719901,0,0.564516129032258
0.3,100,TRUE,1,"safeguard",169,0.973931294755633,0.921000766375743,155.670105719901,0.461538461538462,0.985714285714286
0.3,100,TRUE,1,"original_size",169,-3.00015101557328,-0.0834011802245626,155.670105719901,0.72189349112426,1.78048780487805
0.3,100,TRUE,1,"capped_safeguard",169,0.970866743004628,0.913780864390767,155.670105719901,0.455621301775148,0.979591836734694
0.3,100,TRUE,2,"point",156,0.0160775493448699,-0.258760068442678,167.168177647512,0.00641025641025641,0.57689259645464
0.3,100,TRUE,2,"safeguard",156,1.0141862748796,0.733832415293796,167.168177647512,0.538461538461538,1
0.3,100,TRUE,2,"original_size",156,-2.82893407376744,-0.267155731826998,167.168177647512,0.724358974358974,1.78917748917749
0.3,100,TRUE,2,"capped_safeguard",156,0.975185639005756,0.521378302865347,167.168177647512,0.525641025641026,1
0.3,100,TRUE,3,"point",162,0.0128939102710988,0.190642038327163,176.930834910781,0,0.575331772053084
0.3,100,TRUE,3,"safeguard",162,1.01435375686621,1.18676926475867,176.930834910781,0.54320987654321,1.01644736842105
0.3,100,TRUE,3,"original_size",162,-2.99250690161331,0.181943434899378,176.930834910781,0.722222222222222,1.96144144144144
0.3,100,TRUE,3,"capped_safeguard",162,0.984991723095969,1.02304696556825,176.930834910781,0.54320987654321,1.01418546365915
0.3,100,TRUE,4,"point",170,0.17544004092618,0.249783190131515,168.823990909586,0,0.608156737305078
0.3,100,TRUE,4,"safeguard",170,1.17925293797757,1.23994989579765,168.823990909586,0.541176470588235,1.01101028433152
0.3,100,TRUE,4,"original_size",170,-2.8669178644972,0.235050164559767,168.823990909586,0.8,2.1699375
0.3,100,TRUE,4,"capped_safeguard",170,1.15322957454579,1.09222536998762,168.823990909586,0.535294117647059,1.00690250215703
0.3,100,TRUE,5,"point",151,0.0038743218045593,-0.159596950368082,171.249006577996,0.0132450331125828,0.573529411764706
0.3,100,TRUE,5,"safeguard",151,1.00202460046179,0.840347219658626,171.249006577996,0.483443708609272,0.986301369863014
0.3,100,TRUE,5,"original_size",151,-2.80005228776081,-0.156438711271834,171.249006577996,0.741721854304636,1.96261682242991
0.3,100,TRUE,5,"capped_safeguard",151,0.965425105356292,0.661940951846127,171.249006577996,0.470198675496689,0.983606557377049
0.3,100,TRUE,6,"point",166,-0.0861689468793145,-0.0397023374118137,153.396428803361,0.0120481927710843,0.558971361776739
0.3,100,TRUE,6,"safeguard",166,0.908674683698132,0.969369642954872,153.396428803361,0.44578313253012,0.990390224432778
0.3,100,TRUE,6,"original_size",166,-2.90921947606909,-0.0310120514314799,153.396428803361,0.650602409638554,1.74809299895507
0.3,100,TRUE,6,"capped_safeguard",166,0.86227135906063,0.76181974459867,153.396428803361,0.433734939759036,0.981812169312169
0.3,100,TRUE,7,"point",168,-0.00861965120247334,0.209420568657035,164.906057294246,0,0.549703752468729
0.3,100,TRUE,7,"safeguard",168,0.989640673075247,1.20363579783825,164.906057294246,0.511904761904762,1
0.3,100,TRUE,7,"original_size",168,-2.94857314108366,0.200526361534356,164.906057294246,0.738095238095238,1.56742713323049
0.3,100,TRUE,7,"capped_safeguard",168,0.978506305135297,1.14816116983787,164.906057294246,0.5,0.998031496062992
0.3,100,TRUE,8,"point",155,0.0338613859615072,0.0144064692650697,170.592956093033,0.00645161290322581,0.560975609756098
0.3,100,TRUE,8,"safeguard",155,1.02876487094255,1.01767150369593,170.592956093033,0.438709677419355,0.977099236641221
0.3,100,TRUE,8,"original_size",155,-2.91396052721949,0.0156672994437318,170.592956093033,0.754838709677419,1.86301369863014
0.3,100,TRUE,8,"capped_safeguard",155,0.960600187121142,0.666658472924628,170.592956093033,0.432258064516129,0.975609756097561
0.3,100,TRUE,9,"point",157,0.00699656399555076,-0.0830571670718358,178.667263613613,0,0.568345323741007
0.3,100,TRUE,9,"safeguard",157,1.00661636712069,0.90695094623204,178.667263613613,0.503184713375796,1
0.3,100,TRUE,9,"original_size",157,-2.8949185178137,-0.0904539240757552,178.667263613613,0.732484076433121,2.10309278350515
0.3,100,TRUE,9,"capped_safeguard",157,0.944570560116339,0.568364684259337,178.667263613613,0.464968152866242,0.973214285714286
0.3,100,TRUE,10,"point",165,0.00277882465845551,0.285714792066405,157.720469857,0.00606060606060606,0.576017130620985
0.3,100,TRUE,10,"safeguard",165,1.00534679394668,1.27363556013344,157.720469857,0.56969696969697,1.01818181818182
0.3,100,TRUE,10,"original_size",165,-2.96886765298528,0.268530804806075,157.720469857,0.76969696969697,1.95744680851064
0.3,100,TRUE,10,"capped_safeguard",165,0.947765716074546,0.993073598956296,157.720469857,0.539393939393939,1.00917431192661
0.3,100,TRUE,11,"point",158,-0.0372074960112142,-0.0989176289264193,162.031521705316,0.00632911392405063,0.564406779661017
0.3,100,TRUE,11,"safeguard",158,0.962291595913184,0.905739444293256,162.031521705316,0.550632911392405,1.01553768844221
0.3,100,TRUE,11,"original_size",158,-2.81467777457574,-0.0939263876383719,162.031521705316,0.759493670886076,1.84615384615385
0.3,100,TRUE,11,"capped_safeguard",158,0.957218537902864,0.886686390113891,162.031521705316,0.550632911392405,1.01553768844221
0.3,100,TRUE,12,"point",156,-0.0652901491833266,-0.340810280980403,156.533281266299,0.00641025641025641,0.578276389597144
0.3,100,TRUE,12,"safeguard",156,0.937708921185453,0.662126828372832,156.533281266299,0.538461538461538,1.00295857988166
0.3,100,TRUE,12,"original_size",156,-2.92198080987849,-0.340251859618958,156.533281266299,0.730769230769231,1.85343688037013
0.3,100,TRUE,12,"capped_safeguard",156,0.925364883584874,0.610036245122,156.533281266299,0.525641025641026,1
0.3,100,TRUE,13,"point",164,0.0487364092944609,-0.0211565569243866,187.874427672331,0,0.569098143236074
0.3,100,TRUE,13,"safeguard",164,1.05131800225642,0.99161190604806,187.874427672331,0.548780487804878,1.00875613120785
0.3,100,TRUE,13,"original_size",164,-2.79961130599877,-0.0215475135126043,187.874427672331,0.725609756097561,1.61113456782677
0.3,100,TRUE,13,"capped_safeguard",164,1.02347065525173,0.883095975757505,187.874427672331,0.536585365853659,1.0057648856991
0.3,100,TRUE,14,"point",158,-0.0237528312008777,-0.0200335364780607,165.625103953437,0.00632911392405063,0.578345648604269
0.3,100,TRUE,14,"safeguard",158,0.976646723939361,0.98500108943688,165.625103953437,0.5,0.998888888888889
0.3,100,TRUE,14,"original_size",158,-2.77455519598499,-0.0184828181227098,165.625103953437,0.791139240506329,1.76734693877551
0.3,100,TRUE,14,"capped_safeguard",158,0.915723952587799,0.729214340481103,165.625103953437,0.481012658227848,0.993195233322196
0.3,100,TRUE,15,"point",150,0.169668968112145,0.153224009981592,178.666528277522,0,0.552668075551446
0.3,100,TRUE,15,"safeguard",150,1.1709308833949,1.14411706183358,178.666528277522,0.56,1.01002063071029
0.3,100,TRUE,15,"original_size",150,-2.62491585130154,0.139350140245896,178.666528277522,0.68,1.74430107526882
0.3,100,TRUE,15,"capped_safeguard",150,1.13517218240644,0.863491400392357,178.666528277522,0.54,1
0.3,100,TRUE,16,"point",154,0.102500085194922,0.126429747982273,166.327708053486,0,0.588220838794233
0.3,100,TRUE,16,"safeguard",154,1.10272101475651,1.12127797774392,166.327708053486,0.48051948051948,0.994727957408129
0.3,100,TRUE,16,"original_size",154,-2.90010860707992,0.119502001164486,166.327708053486,0.805194805194805,2.00952380952381
0.3,100,TRUE,16,"capped_safeguard",154,1.09347978008107,1.07825571970178,166.327708053486,0.48051948051948,0.994727957408129
0.3,100,TRUE,17,"point",164,0.025511811422339,0.205661697259669,201.877625335915,0.0121951219512195,0.580066170388751
0.3,100,TRUE,17,"safeguard",164,1.02501807483422,1.21504884560593,201.877625335915,0.530487804878049,1.01536621273463
0.3,100,TRUE,17,"original_size",164,-2.94510932698259,0.209998643520746,201.877625335915,0.731707317073171,1.91822660098522
0.3,100,TRUE,17,"capped_safeguard",164,1.00203015632187,1.05454487332651,201.877625335915,0.51219512195122,1.00681198910082
0.3,100,TRUE,18,"point",158,-0.0373465623055011,-0.360794876190915,196.995206335878,0.00632911392405063,0.562013633347409
0.3,100,TRUE,18,"safeguard",158,0.964213696697785,0.6367217779103,196.995206335878,0.518987341772152,1
0.3,100,TRUE,18,"original_size",158,-2.89505095027106,-0.371359016487086,196.995206335878,0.715189873417722,1.81667683857186
0.3,100,TRUE,18,"capped_safeguard",158,0.953649504703599,0.59902268311558,196.995206335878,0.512658227848101,1
0.3,100,TRUE,19,"point",165,-0.102573487446457,-0.172536323830657,160.501504153024,0.0181818181818182,0.582417582417582
0.3,100,TRUE,19,"safeguard",165,0.895667828505882,0.831423991412776,160.501504153024,0.496969696969697,0.994623655913978
0.3,100,TRUE,19,"original_size",165,-2.97136926772912,-0.180963979671035,160.501504153024,0.745454545454545,1.90361445783133
0.3,100,TRUE,19,"capped_safeguard",165,0.874470490494286,0.767813003443997,160.501504153024,0.484848484848485,0.992307692307692
0.3,100,TRUE,20,"point",164,-0.0791901194924284,-0.144303373172141,150.159791449167,0,0.586616041765543
0.3,100,TRUE,20,"safeguard",164,0.919937814666294,0.853043399918634,150.159791449167,0.609756097560976,1.04356368563686
0.3,100,TRUE,20,"original_size",164,-2.93798871729143,-0.144030772133776,150.159791449167,0.73780487804878,1.85592185592186
0.3,100,TRUE,20,"capped_safeguard",164,0.853898278825797,0.549283547622744,150.159791449167,0.585365853658537,1.02699769366436
0.3,100,TRUE,21,"point",162,0.0374334153720982,0.129984098857076,167.236898323676,0.0185185185185185,0.598932384341637
0.3,100,TRUE,21,"safeguard",162,1.03755391492996,1.1317348887972,167.236898323676,0.592592592592593,1.02525466893039
0.3,100,TRUE,21,"original_size",162,-2.91745618729336,0.132687202050187,167.236898323676,0.734567901234568,1.93426724137931
0.3,100,TRUE,21,"capped_safeguard",162,1.01366439752732,1.00867626461766,167.236898323676,0.58641975308642,1.0208830980818
0.3,100,TRUE,22,"point",165,0.0303615164603393,0.348144115740248,164.984705128232,0.00606060606060606,0.541176470588235
0.3,100,TRUE,22,"safeguard",165,1.03394959514631,1.33656989642623,164.984705128232,0.472727272727273,0.981818181818182
0.3,100,TRUE,22,"original_size",165,-2.88003617707651,0.337485786511433,164.984705128232,0.690909090909091,1.58064516129032
0.3,100,TRUE,22,"capped_safeguard",165,0.985710918430414,1.06986601812997,164.984705128232,0.454545454545455,0.976608187134503
0.3,100,TRUE,23,"point",159,0.11435473245892,0.204520751616349,168.136123734462,0.00628930817610063,0.565217391304348
0.3,100,TRUE,23,"safeguard",159,1.11201560174805,1.19873740264027,168.136123734462,0.477987421383648,0.982758620689655
0.3,100,TRUE,23,"original_size",159,-2.94077599846322,0.200725123744377,168.136123734462,0.70440251572327,1.81578947368421
0.3,100,TRUE,23,"capped_safeguard",159,1.10269147841727,1.17514109317494,168.136123734462,0.465408805031447,0.977777777777778
0.3,100,TRUE,24,"point",164,0.0710634925139838,-0.359857055447019,146.180930477398,0.00609756097560976,0.573941687692739
0.3,100,TRUE,24,"safeguard",164,1.06550038063704,0.629756703001778,146.180930477398,0.530487804878049,1.00438596491228
0.3,100,TRUE,24,"original_size",164,-2.82970700825482,-0.367053955618107,146.180930477398,0.76219512195122,1.78865979381443
0.3,100,TRUE,24,"capped_safeguard",164,1.05682559511192,0.583563712603036,146.180930477398,0.530487804878049,1.00438596491228
0.3,100,TRUE,25,"point",162,0.0305369610218776,-0.330960225751029,154.285637984407,0.0123456790123457,0.581596468374584
0.3,100,TRUE,25,"safeguard",162,1.02920702608216,0.657139030513712,154.285637984407,0.5,0.998031496062992
0.3,100,TRUE,25,"original_size",162,-2.95500399527865,-0.337758444330743,154.285637984407,0.734567901234568,2.04194220160023
0.3,100,TRUE,25,"capped_safeguard",162,1.00171674888557,0.521492305273574,154.285637984407,0.487654320987654,0.991272993311037
0.3,100,TRUE,26,"point",166,0.0592278801133859,0.227517226860641,152.156766495161,0,0.564426877470356
0.3,100,TRUE,26,"safeguard",166,1.0564312694233,1.23018774762847,152.156766495161,0.469879518072289,0.988161950126086
0.3,100,TRUE,26,"original_size",166,-3.03015831255278,0.228204674832346,152.156766495161,0.72289156626506,2.03337320574163
0.3,100,TRUE,26,"capped_safeguard",166,1.03623294765401,1.13953963153939,152.156766495161,0.451807228915663,0.986190476190476
0.3,100,TRUE,27,"point",163,0.167839297711601,0.876890581223336,178.997833011571,0,0.540816326530612
0.3,100,TRUE,27,"safeguard",163,1.16802104659096,1.89321509859531,178.997833011571,0.496932515337423,0.994623655913978
0.3,100,TRUE,27,"original_size",163,-2.58446059863269,0.884082176152247,178.997833011571,0.711656441717791,1.66666666666667
0.3,100,TRUE,27,"capped_safeguard",163,1.07171564851035,1.34588662292393,178.997833011571,0.478527607361963,0.990566037735849
0.3,100,TRUE,28,"point",153,0.0501233009794779,-0.0904257823977305,169.922300182288,0,0.5625
0.3,100,TRUE,28,"safeguard",153,1.05148534392249,0.910035897260636,169.922300182288,0.529411764705882,1
0.3,100,TRUE,28,"original_size",153,-2.79708175775493,-0.0889885532419337,169.922300182288,0.699346405228758,1.675
0.3,100,TRUE,28,"capped_safeguard",153,1.03645717771869,0.851576419934894,169.922300182288,0.522875816993464,1
0.3,100,TRUE,29,"point",149,-0.0531142853899798,-0.110261739055154,172.525093094828,0.0134228187919463,0.597560975609756
0.3,100,TRUE,29,"safeguard",149,0.946868649820342,0.882782975583574,172.525093094828,0.563758389261745,1.01388888888889
0.3,100,TRUE,29,"original_size",149,-2.98980937018562,-0.114588955658879,172.525093094828,0.758389261744966,2.06048387096774
0.3,100,TRUE,29,"capped_safeguard",149,0.902680954464974,0.725402018195449,172.525093094828,0.543624161073825,1.00200400801603
0.3,100,TRUE,30,"point",165,0.0648096977904279,-0.0773959254638655,171.049690663937,0.0181818181818182,0.534818941504178
0.3,100,TRUE,30,"safeguard",165,1.0659256302623,0.920989086193467,171.049690663937,0.448484848484848,0.978991596638655
0.3,100,TRUE,30,"original_size",165,-2.8766487620716,-0.0825213499660537,171.049690663937,0.684848484848485,1.66346153846154
0.3,100,TRUE,30,"capped_safeguard",165,1.01384835386808,0.527374614938607,171.049690663937,0.442424242424242,0.97752808988764
0.3,100,TRUE,31,"point",162,-0.102364976393555,-0.532475742799924,157.72104327312,0.00617283950617284,0.595393591083246
0.3,100,TRUE,31,"safeguard",162,0.900688737290558,0.460016907985348,157.72104327312,0.512345679012346,1
0.3,100,TRUE,31,"original_size",162,-2.97746371312521,-0.541114651948954,157.72104327312,0.728395061728395,2.11094847775176
0.3,100,TRUE,31,"capped_safeguard",162,0.864487690864564,0.357392613995206,157.72104327312,0.487654320987654,0.987699752986843
0.3,100,TRUE,32,"point",169,0.0374757863021856,0.230401588742951,153.934147562812,0,0.56701030927835
0.3,100,TRUE,32,"safeguard",169,1.03473071671394,1.22180609067819,153.934147562812,0.50887573964497,1
0.3,100,TRUE,32,"original_size",169,-2.85735299656179,0.219772771216125,153.934147562812,0.757396449704142,1.89864864864865
0.3,100,TRUE,32,"capped_safeguard",169,0.943462924573721,0.775763711225549,153.934147562812,0.479289940828402,0.982300884955752
0.3,100,TRUE,33,"point",158,-0.0117095203729221,0.0530854366074828,153.768333816242,0,0.574175824175824
0.3,100,TRUE,33,"safeguard",158,0.989492432222023,1.02890256504054,153.768333816242,0.544303797468354,1.01515499425947
0.3,100,TRUE,33,"original_size",158,-2.84215254088579,0.0412933811819537,153.768333816242,0.734177215189873,1.95772233860217
0.3,100,TRUE,33,"capped_safeguard",158,0.860279752070357,0.448277275262479,153.768333816242,0.512658227848101,1
0.3,100,TRUE,34,"point",166,-0.0715769949606382,0.481582928382343,197.580675722115,0.00602409638554217,0.542892156862745
0.3,100,TRUE,34,"safeguard",166,0.927738238949728,1.47785315902374,197.580675722115,0.439759036144578,0.975207874786011
0.3,100,TRUE,34,"original_size",166,-3.01202098263725,0.47857134540158,197.580675722115,0.710843373493976,1.75317258883249
0.3,100,TRUE,34,"capped_safeguard",166,0.922157206791217,1.45937379589162,197.580675722115,0.439759036144578,0.975207874786011
0.3,100,TRUE,35,"point",167,-0.0190256509484653,-0.190928568347702,140.254854565989,0,0.586206896551724
0.3,100,TRUE,35,"safeguard",167,0.979803842626108,0.809751679010038,140.254854565989,0.526946107784431,1.01234567901235
0.3,100,TRUE,35,"original_size",167,-2.99842740051453,-0.190715203618738,140.254854565989,0.70059880239521,1.81122448979592
0.3,100,TRUE,35,"capped_safeguard",167,0.953543886629807,0.695721131377126,140.254854565989,0.51497005988024,1
0.3,100,TRUE,36,"point",162,-0.0150696375187524,-0.324708397151971,152.399601969158,0.00617283950617284,0.58027961736571
0.3,100,TRUE,36,"safeguard",162,0.979166745813573,0.666883986575742,152.399601969158,0.598765432098765,1.02257900101937
0.3,100,TRUE,36,"original_size",162,-3.01376467685641,-0.330197144730588,152.399601969158,0.722222222222222,1.63822634137477
0.3,100,TRUE,36,"capped_safeguard",162,0.940156499931983,0.490172814904587,152.399601969158,0.58641975308642,1.02222222222222
0.3,100,TRUE,37,"point",172,-0.0128125417798719,0.186051678566758,183.275573379616,0.0116279069767442,0.565923222995867
0.3,100,TRUE,37,"safeguard",172,0.985196901914028,1.18828627793424,183.275573379616,0.505813953488372,1
0.3,100,TRUE,37,"original_size",172,-2.9255223925986,0.187499950538694,183.275573379616,0.755813953488372,1.79909226980831
0.3,100,TRUE,37,"capped_safeguard",172,0.980033986383935,1.16028744559462,183.275573379616,0.5,0.99618320610687
0.3,100,TRUE,38,"point",161,0.0428963530359435,-0.414269924974297,166.267718047606,0,0.571428571428571
0.3,100,TRUE,38,"safeguard",161,1.04607459974519,0.590662028812856,166.267718047606,0.565217391304348,1.01298701298701
0.3,100,TRUE,38,"original_size",161,-2.9217150904677,-0.412296177739071,166.267718047606,0.695652173913043,1.8502994011976
0.3,100,TRUE,38,"capped_safeguard",161,1.00827092281736,0.348752091097477,166.267718047606,0.552795031055901,1.01190476190476
0.3,100,TRUE,39,"point",158,-0.0182630604437579,0.218750632334407,163.191975241214,0.0126582278481013,0.594562279060096
0.3,100,TRUE,39,"safeguard",158,0.981822493489756,1.22617594385096,163.191975241214,0.59493670886076,1.02072594501718
0.3,100,TRUE,39,"original_size",158,-3.052968794219,0.218922733559319,163.191975241214,0.753164556962025,1.92072213500785
0.3,100,TRUE,39,"capped_safeguard",158,0.935318713790737,0.964293797069758,163.191975241214,0.582278481012658,1.01819672131148
0.3,100,TRUE,40,"point",162,-0.0533837734323717,-0.273693341699761,177.116039232643,0,0.565893875526903
0.3,100,TRUE,40,"safeguard",162,0.94553582372633,0.733979530473226,177.116039232643,0.469135802469136,0.986632653061224
0.3,100,TRUE,40,"original_size",162,-3.01544735241149,-0.280284119299129,177.116039232643,0.728395061728395,1.83988322479227
0.3,100,TRUE,40,"capped_safeguard",162,0.911545575338376,0.510260801034457,177.116039232643,0.45679012345679,0.983696612665685
0.3,100,TRUE,41,"point",165,0.050462197564444,0.0390891576121798,159.100935747196,0.00606060606060606,0.571428571428571
0.3,100,TRUE,41,"safeguard",165,1.04777392906176,1.03841160081147,159.100935747196,0.545454545454545,1
0.3,100,TRUE,41,"original_size",165,-2.91356970453968,0.0308713129653162,159.100935747196,0.727272727272727,1.73390557939914
0.3,100,TRUE,41,"capped_safeguard",165,1.02852423909575,0.936026930070219,159.100935747196,0.533333333333333,1
0.3,100,TRUE,42,"point",164,0.0793713644991508,-0.13739485338404,164.417889872252,0,0.583503401360544
0.3,100,TRUE,42,"safeguard",164,1.07999289419536,0.856199133796878,164.417889872252,0.567073170731707,1.02067348678602
0.3,100,TRUE,42,"original_size",164,-2.6776001158363,-0.142143247508543,164.417889872252,0.731707317073171,1.78372641509434
0.3,100,TRUE,42,"capped_safeguard",164,1.01401249735495,0.507340347083104,164.417889872252,0.536585365853659,1.01259426847662
0.3,100,TRUE,43,"point",163,-0.0159184454204903,-0.38636439770686,172.554717225141,0,0.583333333333333
0.3,100,TRUE,43,"safeguard",163,0.984994164739348,0.614243833029768,172.554717225141,0.54601226993865,1.01724137931034
0.3,100,TRUE,43,"original_size",163,-2.98292490297762,-0.391772876310956,172.554717225141,0.693251533742331,1.78651685393258
0.3,100,TRUE,43,"capped_safeguard",163,0.948153155898699,0.419573213489407,172.554717225141,0.539877300613497,1.00833333333333
0.3,100,TRUE,44,"point",157,0.110920247316991,0.0600969699335892,161.388972474936,0.00636942675159236,0.563829787234043
0.3,100,TRUE,44,"safeguard",157,1.11276250090904,1.05341072748944,161.388972474936,0.522292993630573,1
0.3,100,TRUE,44,"original_size",157,-2.75559417491508,0.0499583184606097,161.388972474936,0.751592356687898,1.66666666666667
0.3,100,TRUE,44,"capped_safeguard",157,1.05318484017288,0.768724309937967,161.388972474936,0.503184713375796,1
0.3,100,TRUE,45,"point",164,0.0168832463761309,0.596476467826911,193.946136109082,0,0.559846775463084
0.3,100,TRUE,45,"safeguard",164,1.01716237645985,1.59177466808366,193.946136109082,0.536585365853659,1.00623543123543
0.3,100,TRUE,45,"original_size",164,-2.89966408094061,0.5892263128214,193.946136109082,0.707317073170732,1.67169312169312
0.3,100,TRUE,45,"capped_safeguard",164,0.945143844922997,1.26431164918638,193.946136109082,0.518292682926829,1
0.3,100,TRUE,46,"point",161,0.0892755677354809,0.169234245938877,179.918900792974,0,0.572727272727273
0.3,100,TRUE,46,"safeguard",161,1.08751720525845,1.16850957013359,179.918900792974,0.447204968944099,0.98062015503876
0.3,100,TRUE,46,"original_size",161,-2.71619542118261,0.164116443614406,179.918900792974,0.763975155279503,1.95804195804196
0.3,100,TRUE,46,"capped_safeguard",161,1.05567893453383,1.00245041359582,179.918900792974,0.434782608695652,0.97979797979798
0.3,100,TRUE,47,"point",155,0.0694043313573224,0.185438807126661,155.274543162502,0.00645161290322581,0.579113924050633
0.3,100,TRUE,47,"safeguard",155,1.07058735060993,1.18192320380199,155.274543162502,0.516129032258065,1
0.3,100,TRUE,47,"original_size",155,-2.97303126246715,0.183780929664718,155.274543162502,0.735483870967742,2.0530303030303
0.3,100,TRUE,47,"capped_safeguard",155,0.994616544782028,0.815942105510838,155.274543162502,0.490322580645161,0.988142292490119
0.3,100,TRUE,48,"point",151,0.0530802901825951,-0.409371761952247,183.051426957983,0,0.564814814814815
0.3,100,TRUE,48,"safeguard",151,1.05045598505045,0.601754611236215,183.051426957983,0.456953642384106,0.984
0.3,100,TRUE,48,"original_size",151,-2.68374710885577,-0.405496431815927,183.051426957983,0.695364238410596,1.72222222222222
0.3,100,TRUE,48,"capped_safeguard",151,1.02305743236289,0.409824889771846,183.051426957983,0.450331125827815,0.976744186046512
0.3,100,TRUE,49,"point",150,-0.00166184633455658,-0.0539259820232164,182.102554993189,0,0.584991974317817
0.3,100,TRUE,49,"safeguard",150,0.996577569400082,0.93782238228384,182.102554993189,0.526666666666667,1.00520073485708
0.3,100,TRUE,49,"original_size",150,-2.87961314807416,-0.0482481905690745,182.102554993189,0.766666666666667,2.04585714285714
0.3,100,TRUE,49,"capped_safeguard",150,0.964829899147983,0.75899160097963,182.102554993189,0.52,1.00251256281407
0.3,100,TRUE,50,"point",166,-0.0835912026234217,-0.359901613353522,154.377218047007,0.00602409638554217,0.565152801358234
0.3,100,TRUE,50,"safeguard",166,0.918803398478561,0.638707009226614,154.377218047007,0.55421686746988,1.01811772421708
0.3,100,TRUE,50,"original_size",166,-2.99819238030875,-0.363379747618552,154.377218047007,0.704819277108434,1.69334975369458
0.3,100,TRUE,50,"capped_safeguard",166,0.907283144915766,0.594200525286704,154.377218047007,0.548192771084337,1.01731893837157
0.3,100,TRUE,51,"point",166,0.151678780879596,0.25908876327094,172.81006626095,0,0.562710437710438
0.3,100,TRUE,51,"safeguard",166,1.14360051374735,1.25366126589455,172.81006626095,0.481927710843373,0.986571737563086
0.3,100,TRUE,51,"original_size",166,-2.65468381897816,0.253740296751303,172.81006626095,0.734939759036145,1.68799058084772
0.3,100,TRUE,51,"capped_safeguard",166,1.12377266491017,1.16449564428819,172.81006626095,0.475903614457831,0.985574927355749
0.3,100,TRUE,52,"point",157,0.0652882019914367,0.0165574171871063,162.474786754896,0.0127388535031847,0.56078431372549
0.3,100,TRUE,52,"safeguard",157,1.06762597734474,1.0121679349326,162.474786754896,0.503184713375796,1
0.3,100,TRUE,52,"original_size",157,-2.78251441452899,0.00930159349598694,162.474786754896,0.751592356687898,1.78494623655914
0.3,100,TRUE,52,"capped_safeguard",157,1.05856100817095,0.986651220812931,162.474786754896,0.503184713375796,1
0.3,100,TRUE,53,"point",151,-0.063090477767207,0.006020538023638,165.922560467873,0,0.56140350877193
0.3,100,TRUE,53,"safeguard",151,0.94139868607608,0.998609943819362,165.922560467873,0.496688741721854,0.99388379204893
0.3,100,TRUE,53,"original_size",151,-3.19603210525557,-0.0050925948442636,165.922560467873,0.735099337748344,1.74468085106383
0.3,100,TRUE,53,"capped_safeguard",151,0.888761098284096,0.695081888708289,165.922560467873,0.47682119205298,0.980988593155893
0.3,100,TRUE,54,"point",154,-0.00524684871869683,0.146434938343261,153.26586342432,0.012987012987013,0.550791102958037
0.3,100,TRUE,54,"safeguard",154,0.997728264598878,1.14874382758104,153.26586342432,0.493506493506494,0.989527653539871
0.3,100,TRUE,54,"original_size",154,-2.92453278486482,0.146118245079836,153.26586342432,0.688311688311688,1.63074888074888
0.3,100,TRUE,54,"capped_safeguard",154,0.932297565796938,0.855327117122518,153.26586342432,0.467532467532468,0.979756196393598
0.3,100,TRUE,55,"point",153,0.00959564505201457,0.0706215322580153,179.142359171141,0,0.549618320610687
0.3,100,TRUE,55,"safeguard",153,1.01130935415597,1.07085387077979,179.142359171141,0.516339869281046,1
0.3,100,TRUE,55,"original_size",153,-2.87077149146637,0.0760187923196253,179.142359171141,0.699346405228758,1.46564885496183
0.3,100,TRUE,55,"capped_safeguard",153,1.006797228337,1.02431033165773,179.142359171141,0.516339869281046,1
0.3,100,TRUE,56,"point",163,-0.0360081745304111,-0.205669044893792,179.805692724141,0.00613496932515337,0.545454545454545
0.3,100,TRUE,56,"safeguard",163,0.966322878932244,0.791848026212214,179.805692724141,0.429447852760736,0.96551724137931
0.3,100,TRUE,56,"original_size",163,-2.84072254978034,-0.197296660415159,179.805692724141,0.680981595092024,1.605
0.3,100,TRUE,56,"capped_safeguard",163,0.93187667839098,0.596476559073098,179.805692724141,0.411042944785276,0.956521739130435
0.3,100,TRUE,57,"point",161,-0.0152858593077528,-0.112430071390803,147.090495258456,0.0186335403726708,0.575757575757576
0.3,100,TRUE,57,"safeguard",161,0.985518644136918,0.885521134806936,147.090495258456,0.515527950310559,1
0.3,100,TRUE,57,"original_size",161,-3.13396362386918,-0.113226522219141,147.090495258456,0.751552795031056,1.91428571428571
0.3,100,TRUE,57,"capped_safeguard",161,0.908424436066731,0.491304388768633,147.090495258456,0.503105590062112,1
0.3,100,TRUE,58,"point",160,-0.077546168284561,0.0769041087573285,179.675999529662,0,0.583333333333333
0.3,100,TRUE,58,"safeguard",160,0.918554222901812,1.0742138737655,179.675999529662,0.49375,0.99377378069872
0.3,100,TRUE,58,"original_size",160,-3.15582808297994,0.0684502101334667,179.675999529662,0.80625,2.02828443034629
0.3,100,TRUE,58,"capped_safeguard",160,0.847965548206492,0.630469485458057,179.675999529662,0.48125,0.991444590068443
0.3,100,TRUE,59,"point",158,0.0111785605981959,-0.0903661092383812,166.433051865932,0.00632911392405063,0.562909388646288
0.3,100,TRUE,59,"safeguard",158,1.01079907596067,0.90900150689899,166.433051865932,0.525316455696203,1.00519031141869
0.3,100,TRUE,59,"original_size",158,-2.72616798066794,-0.0926767437199647,166.433051865932,0.683544303797468,1.54773975496409
0.3,100,TRUE,59,"capped_safeguard",158,0.961364574269078,0.665789162079333,166.433051865932,0.481012658227848,0.99139081027668
0.3,100,TRUE,60,"point",164,0.0674892885577029,0.129240653626744,174.347933011901,0,0.571699134199134
0.3,100,TRUE,60,"safeguard",164,1.06931992877903,1.11502409891053,174.347933011901,0.5,0.997402597402597
0.3,100,TRUE,60,"original_size",164,-2.96829136946104,0.120087154709886,174.347933011901,0.768292682926829,1.91488269418348
0.3,100,TRUE,60,"capped_safeguard",164,1.05123253868232,1.02739257437877,174.347933011901,0.49390243902439,0.992729700206336
0.3,100,TRUE,61,"point",154,0.0226263381590456,-0.163086074704151,134.540123427267,0.012987012987013,0.570436507936508
0.3,100,TRUE,61,"safeguard",154,1.02286910317098,0.837607597331562,134.540123427267,0.487012987012987,0.992084623323013
0.3,100,TRUE,61,"original_size",154,-3.11981693249395,-0.165565457386037,134.540123427267,0.74025974025974,1.68232662192394
0.3,100,TRUE,61,"capped_safeguard",154,0.99172899498243,0.700206012953892,134.540123427267,0.487012987012987,0.99075966615568
0.3,100,TRUE,62,"point",158,0.028658704640378,0.0452195521552839,166.584065997921,0,0.561693489923155
0.3,100,TRUE,62,"safeguard",158,1.0292499492351,1.06443562689549,166.584065997921,0.544303797468354,1.01399696569275
0.3,100,TRUE,62,"original_size",158,-2.78552266059199,0.0606692647913569,166.584065997921,0.69620253164557,1.73219883564711
0.3,100,TRUE,62,"capped_safeguard",158,1.00850387224459,0.955906303167735,166.584065997921,0.537974683544304,1.01290028206405
0.3,100,TRUE,63,"point",160,0.0430345982799743,0.207475257034239,172.076426773437,0,0.59260752688172
0.3,100,TRUE,63,"safeguard",160,1.04151857580689,1.1946528464463,172.076426773437,0.5125,1
0.3,100,TRUE,63,"original_size",160,-2.92734160234539,0.192741079020688,172.076426773437,0.7625,1.98148148148148
0.3,100,TRUE,63,"capped_safeguard",160,0.997016608068755,0.958862208945384,172.076426773437,0.5,0.997674418604651
0.3,100,TRUE,64,"point",162,-0.0726148587407061,0.536684292463514,170.56992548483,0.0123456790123457,0.572602315006201
0.3,100,TRUE,64,"safeguard",162,0.925380257278681,1.54400452405402,170.56992548483,0.537037037037037,1.00905322435572
0.3,100,TRUE,64,"original_size",162,-3.02167022439886,0.538242271767749,170.56992548483,0.746913580246914,1.79213527641375
0.3,100,TRUE,64,"capped_safeguard",162,0.883880413280947,1.34080801122516,170.56992548483,0.518518518518518,1
0.3,100,TRUE,65,"point",166,-0.0104720049654766,-0.113675785878696,165.149024075144,0.00602409638554217,0.537478114969361
0.3,100,TRUE,65,"safeguard",166,0.985039164817615,0.874990650318444,165.149024075144,0.5,0.996212121212121
0.3,100,TRUE,65,"original_size",166,-2.75092428576928,-0.12290204754465,165.149024075144,0.680722891566265,1.58393199233716
0.3,100,TRUE,65,"capped_safeguard",166,0.924827126444077,0.388394900743596,165.149024075144,0.457831325301205,0.981688963210702
0.3,100,TRUE,66,"point",164,-0.0805188320232696,-0.177414991810803,157.735141889656,0.0121951219512195,0.570899470899471
0.3,100,TRUE,66,"safeguard",164,0.914252592196026,0.822321906337258,157.735141889656,0.475609756097561,0.990908339532193
0.3,100,TRUE,66,"original_size",164,-3.15368282687715,-0.192236894178022,157.735141889656,0.75609756097561,1.61994175932229
0.3,100,TRUE,66,"capped_safeguard",164,0.898252682563019,0.75850916659775,157.735141889656,0.475609756097561,0.990908339532193
0.3,100,TRUE,67,"point",165,0.0545577315298239,-0.228676049326814,174.116149856636,0.00606060606060606,0.56875
0.3,100,TRUE,67,"safeguard",165,1.05420223870581,0.760182010518456,174.116149856636,0.466666666666667,0.989010989010989
0.3,100,TRUE,67,"original_size",165,-2.85798592587895,-0.233959327056737,174.116149856636,0.739393939393939,1.85915492957746
0.3,100,TRUE,67,"capped_safeguard",165,1.04614195138245,0.75634239037653,174.116149856636,0.454545454545455,0.987301587301587
0.3,100,TRUE,68,"point",157,-0.075279177295476,0.158197898532334,152.46143875279,0,0.53448275862069
0.3,100,TRUE,68,"safeguard",157,0.921837374981022,1.15454787792243,152.46143875279,0.471337579617834,0.981651376146789
0.3,100,TRUE,68,"original_size",157,-2.87613360424186,0.159388936731916,152.46143875279,0.67515923566879,1.73469387755102
0.3,100,TRUE,68,"capped_safeguard",157,0.916410909435593,1.12077923471525,152.46143875279,0.464968152866242,0.979638009049774
0.3,100,TRUE,69,"point",152,-0.0618434884024316,-0.483422151558026,169.378027108784,0.00657894736842105,0.569587884806356
0.3,100,TRUE,69,"safeguard",152,0.933389409952425,0.506200973710353,169.378027108784,0.539473684210526,1.00247524752475
0.3,100,TRUE,69,"original_size",152,-3.01278530928726,-0.493746673218436,169.378027108784,0.703947368421053,1.74832274011299
0.3,100,TRUE,69,"capped_safeguard",152,0.921108169308515,0.45686779331436,169.378027108784,0.539473684210526,1.00247524752475
0.3,100,TRUE,70,"point",166,0.0134768740129885,0.0518082337851546,140.443914611104,0.0120481927710843,0.560275962236747
0.3,100,TRUE,70,"safeguard",166,1.01134903382076,1.05366866898294,140.443914611104,0.481927710843373,0.986497975708502
0.3,100,TRUE,70,"original_size",166,-2.99969418168895,0.051860869150661,140.443914611104,0.716867469879518,1.68732189011863
0.3,100,TRUE,70,"capped_safeguard",166,0.95228036642468,0.757920992975512,140.443914611104,0.475903614457831,0.983150442477876
0.3,100,TRUE,71,"point",155,-0.173254249778651,-0.354722758706314,171.571507898442,0.00645161290322581,0.577608142493639
0.3,100,TRUE,71,"safeguard",155,0.824656079782865,0.653599528841583,171.571507898442,0.529032258064516,1
0.3,100,TRUE,71,"original_size",155,-3.12179513995989,-0.348442537869847,171.571507898442,0.696774193548387,1.72527472527473
0.3,100,TRUE,71,"capped_safeguard",155,0.81675046662739,0.627251108319834,171.571507898442,0.52258064516129,1
0.3,100,TRUE,72,"point",162,0.0696344771313216,-0.157233587237634,174.124436725907,0.00617283950617284,0.563301282051282
0.3,100,TRUE,72,"safeguard",162,1.07162950714737,0.842608029851556,174.124436725907,0.512345679012346,1
0.3,100,TRUE,72,"original_size",162,-2.68939696040792,-0.150761980960379,174.124436725907,0.753086419753086,1.74418604651163
0.3,100,TRUE,72,"capped_safeguard",162,1.03911552336585,0.710721410250498,174.124436725907,0.493827160493827,0.993461431161947
0.3,100,TRUE,73,"point",153,0.0167482228690489,0.335886935119241,180.02360411645,0.0065359477124183,0.554140127388535
0.3,100,TRUE,73,"safeguard",153,1.01398952496044,1.34038307821831,180.02360411645,0.503267973856209,1
0.3,100,TRUE,73,"original_size",153,-2.83904412741213,0.330359919347116,180.02360411645,0.666666666666667,1.6036036036036
0.3,100,TRUE,73,"capped_safeguard",153,0.983285344073038,1.13952720802326,180.02360411645,0.490196078431373,0.994082840236686
0.3,100,TRUE,74,"point",157,-0.00178536284811271,-0.0025717517768476,167.64230215471,0,0.572192513368984
0.3,100,TRUE,74,"safeguard",157,1.00031412007514,0.994713338776885,167.64230215471,0.496815286624204,0.997777777777778
0.3,100,TRUE,74,"original_size",157,-3.28118806142556,-0.00119365358629856,167.64230215471,0.789808917197452,2
0.3,100,TRUE,74,"capped_safeguard",157,0.986439273228506,0.929226717047903,167.64230215471,0.484076433121019,0.993243243243243
0.3,100,TRUE,75,"point",160,0.0179331130354144,0.213785499084545,185.898836287894,0,0.559423004870738
0.3,100,TRUE,75,"safeguard",160,1.02319631548109,1.21173867358741,185.898836287894,0.5125,1
0.3,100,TRUE,75,"original_size",160,-2.78810494765402,0.214957152634195,185.898836287894,0.7375,1.70529811848462
0.3,100,TRUE,75,"capped_safeguard",160,1.01444229898492,1.1589740101457,185.898836287894,0.50625,1
0.3,100,TRUE,76,"point",158,0.0175134851852081,-0.061188588613189,172.100576833043,0.0126582278481013,0.58417898696527
0.3,100,TRUE,76,"safeguard",158,1.01827572415878,0.932838118350746,172.100576833043,0.506329113924051,1
0.3,100,TRUE,76,"original_size",158,-2.78114367026186,-0.0687860207871963,172.100576833043,0.727848101265823,1.94435897435897
0.3,100,TRUE,76,"capped_safeguard",158,0.991175947324119,0.672935865454052,172.100576833043,0.481012658227848,0.986914129319193
0.3,100,TRUE,77,"point",162,-0.0550789813493815,-0.132226384156478,171.352756185084,0.0123456790123457,0.573070607553366
0.3,100,TRUE,77,"safeguard",162,0.945281770247908,0.869703762183968,171.352756185084,0.537037037037037,1.0067746350365
0.3,100,TRUE,77,"original_size",162,-3.03757469215671,-0.13299113948885,171.352756185084,0.765432098765432,1.94868421052632
0.3,100,TRUE,77,"capped_safeguard",162,0.869551054398153,0.470515328252371,171.352756185084,0.518518518518518,1
0.3,100,TRUE,78,"point",164,-0.0446755454926129,-0.231981916199069,154.548166745697,0.00609756097560976,0.563427647075517
0.3,100,TRUE,78,"safeguard",164,0.955405604922258,0.779001542743514,154.548166745697,0.457317073170732,0.975
0.3,100,TRUE,78,"original_size",164,-3.09830691833484,-0.223577723502827,154.548166745697,0.713414634146341,1.85854267736203
0.3,100,TRUE,78,"capped_safeguard",164,0.903605639025731,0.5477108326142,154.548166745697,0.426829268292683,0.96863649749681
0.3,100,TRUE,79,"point",163,0.0164222858217429,0.124995931995064,161.838835183795,0.0122699386503067,0.557823129251701
0.3,100,TRUE,79,"safeguard",163,1.01626113797934,1.12213111985513,161.838835183795,0.533742331288344,1.00561797752809
0.3,100,TRUE,79,"original_size",163,-2.83272947811357,0.123924807707929,161.838835183795,0.717791411042945,1.74025974025974
0.3,100,TRUE,79,"capped_safeguard",163,0.975589676186008,0.922038861843254,161.838835183795,0.521472392638037,1
0.3,100,TRUE,80,"point",157,-0.142206221703821,0.0824370702801091,179.364881700279,0.00636942675159236,0.557692307692308
0.3,100,TRUE,80,"safeguard",157,0.859691158078421,1.08336787316462,179.364881700279,0.471337579617834,0.981481481481482
0.3,100,TRUE,80,"original_size",157,-3.04423687188754,0.084294450728862,179.364881700279,0.726114649681529,1.84831460674157
0.3,100,TRUE,80,"capped_safeguard",157,0.835121266635624,0.962115144089329,179.364881700279,0.452229299363057,0.971428571428571
0.3,100,TRUE,81,"point",167,-0.0436797058477595,0.315186069997712,178.382563862927,0.00598802395209581,0.567796610169492
0.3,100,TRUE,81,"safeguard",167,0.952837203195595,1.31418088192557,178.382563862927,0.479041916167665,0.979591836734694
0.3,100,TRUE,81,"original_size",167,-2.78952361397666,0.309387563806009,178.382563862927,0.736526946107784,1.83620689655172
0.3,100,TRUE,81,"capped_safeguard",167,0.911977962824444,1.08931128374075,178.382563862927,0.467065868263473,0.976744186046512
0.3,100,TRUE,82,"point",166,-0.0464402612362365,-0.11293954979657,155.184307579705,0.0120481927710843,0.566699604743083
0.3,100,TRUE,82,"safeguard",166,0.952752972343514,0.889425926675602,155.184307579705,0.536144578313253,1.00820139541124
0.3,100,TRUE,82,"original_size",166,-2.84076503672537,-0.11469590216598,155.184307579705,0.734939759036145,1.8255992926382
0.3,100,TRUE,82,"capped_safeguard",166,0.90034732437797,0.63110146957282,155.184307579705,0.5,0.995689655172414
0.3,100,TRUE,83,"point",161,-0.076513102018214,-0.15228854996118,177.367739339719,0.0062111801242236,0.571428571428571
0.3,100,TRUE,83,"safeguard",161,0.921921114445273,0.835711802027874,177.367739339719,0.509316770186335,1
0.3,100,TRUE,83,"original_size",161,-2.88109045517381,-0.172147552118238,177.367739339719,0.68944099378882,1.73770491803279
0.3,100,TRUE,83,"capped_safeguard",161,0.893773223723959,0.66955295303337,177.367739339719,0.490683229813665,0.991452991452991
0.3,100,TRUE,84,"point",160,-0.0604974845346819,0.327345485645318,160.5422700108,0.00625,0.543033509700176
0.3,100,TRUE,84,"safeguard",160,0.937674449212426,1.32885807985322,160.5422700108,0.43125,0.970425407925408
0.3,100,TRUE,84,"original_size",160,-2.87399416259156,0.320789702915474,160.5422700108,0.6875,1.62167182662539
0.3,100,TRUE,84,"capped_safeguard",160,0.907302540392406,1.21101511772068,160.5422700108,0.41875,0.968016566958122
0.3,100,TRUE,85,"point",156,0.0649317654605911,-0.301032091410155,157.92825405799,0,0.567491648952323
0.3,100,TRUE,85,"safeguard",156,1.06540025104991,0.692401840130136,157.92825405799,0.532051282051282,1.01065811825305
0.3,100,TRUE,85,"original_size",156,-2.84876619178788,-0.304294867027533,157.92825405799,0.730769230769231,1.94789272030651
0.3,100,TRUE,85,"capped_safeguard",156,1.03226201054928,0.516712744137824,157.92825405799,0.519230769230769,1.00239234449761
0.3,100,TRUE,86,"point",158,0.00207744535443673,-0.233145486396878,161.238114742649,0,0.570202978971963
0.3,100,TRUE,86,"safeguard",158,1.00409160708706,0.790563511706947,161.238114742649,0.575949367088608,1.01404163393559
0.3,100,TRUE,86,"original_size",158,-3.05084229253599,-0.220040847247038,161.238114742649,0.721518987341772,1.62119281991893
0.3,100,TRUE,86,"capped_safeguard",158,0.992134376797346,0.734252530717572,161.238114742649,0.575949367088608,1.01404163393559
0.3,100,TRUE,87,"point",156,0.0160646193366005,-0.512708668778007,175.304373893178,0,0.561789421651013
0.3,100,TRUE,87,"safeguard",156,1.01806505565692,0.482888785782102,175.304373893178,0.455128205128205,0.980740740740741
0.3,100,TRUE,87,"original_size",156,-2.89076727289746,-0.508726982342749,175.304373893178,0.717948717948718,1.97368421052632
0.3,100,TRUE,87,"capped_safeguard",156,1.01370099008996,0.461042278462477,175.304373893178,0.455128205128205,0.980740740740741
0.3,100,TRUE,88,"point",167,0.095755702586709,0.219945590439431,172.892796596877,0.00598802395209581,0.586666666666667
0.3,100,TRUE,88,"safeguard",167,1.09466277689389,1.22774808447444,172.892796596877,0.592814371257485,1.03448275862069
0.3,100,TRUE,88,"original_size",167,-3.0049449512814,0.216757358871967,172.892796596877,0.790419161676647,1.98130841121495
0.3,100,TRUE,88,"capped_safeguard",167,1.05342641570179,1.04382407809139,172.892796596877,0.574850299401198,1.03395061728395
0.3,100,TRUE,89,"point",156,-0.0232697527492639,0.255887466757529,144.891324896501,0,0.55523607748184
0.3,100,TRUE,89,"safeguard",156,0.979681147702632,1.25219967560716,144.891324896501,0.474358974358974,0.987235772357724
0.3,100,TRUE,89,"original_size",156,-2.93835812687908,0.254779431636526,144.891324896501,0.724358974358974,1.64484848484849
0.3,100,TRUE,89,"capped_safeguard",156,0.952252657002828,1.13534118196362,144.891324896501,0.467948717948718,0.982916666666667
0.3,100,TRUE,90,"point",171,0.104175656799101,0.110120996002213,149.240786369008,0.00584795321637427,0.564853556485356
0.3,100,TRUE,90,"safeguard",171,1.1022135343044,1.09228589539718,149.240786369008,0.514619883040936,1
0.3,100,TRUE,90,"original_size",171,-3.02116534949978,0.105120121084037,149.240786369008,0.707602339181287,1.73469387755102
0.3,100,TRUE,90,"capped_safeguard",171,1.04967124563237,0.861386898539471,149.240786369008,0.473684210526316,0.987341772151899
0.3,100,TRUE,91,"point",167,-0.023988433495225,-0.218263875497848,166.532722212159,0,0.578947368421053
0.3,100,TRUE,91,"safeguard",167,0.97960026004839,0.774197747217936,166.532722212159,0.44311377245509,0.975609756097561
0.3,100,TRUE,91,"original_size",167,-2.99365505707549,-0.229181853490323,166.532722212159,0.772455089820359,1.80357142857143
0.3,100,TRUE,91,"capped_safeguard",167,0.951384552593525,0.602829282227897,166.532722212159,0.437125748502994,0.972222222222222
0.3,100,TRUE,92,"point",159,0.0117994395160543,0.388190529293861,162.254027836514,0.00628930817610063,0.556521739130435
0.3,100,TRUE,92,"safeguard",159,1.0133844263867,1.38643039713372,162.254027836514,0.547169811320755,1.01488095238095
0.3,100,TRUE,92,"original_size",159,-2.78138728083541,0.389190895784091,162.254027836514,0.70440251572327,1.73015873015873
0.3,100,TRUE,92,"capped_safeguard",159,0.970990871441048,1.17892193630732,162.254027836514,0.515723270440252,1
0.3,100,TRUE,93,"point",157,-0.0206391381410421,0.0666649634074355,182.375370614148,0,0.556701030927835
0.3,100,TRUE,93,"safeguard",157,0.981749404355769,1.06372249457001,182.375370614148,0.490445859872611,0.992537313432836
0.3,100,TRUE,93,"original_size",157,-2.83808284396903,0.0713376429755784,182.375370614148,0.726114649681529,1.66423357664234
0.3,100,TRUE,93,"capped_safeguard",157,0.912612205661653,0.659933341727466,182.375370614148,0.45859872611465,0.983333333333333
0.3,100,TRUE,94,"point",167,0.0561362684099551,0.0163672531200649,162.27848060659,0,0.56
0.3,100,TRUE,94,"safeguard",167,1.05446245557948,1.01193952347337,162.27848060659,0.497005988023952,0.99264705882353
0.3,100,TRUE,94,"original_size",167,-2.77294312672119,0.0044783503525273,162.27848060659,0.70059880239521,1.64473684210526
0.3,100,TRUE,94,"capped_safeguard",167,1.02122446042768,0.894488240097114,162.27848060659,0.48502994011976,0.99047619047619
0.3,100,TRUE,95,"point",161,0.0372674144688966,0.009073179779789,154.456746032943,0,0.566433566433566
0.3,100,TRUE,95,"safeguard",161,1.03926673501963,1.00291090605097,154.456746032943,0.478260869565217,0.990825688073395
0.3,100,TRUE,95,"original_size",161,-2.84746075704811,0.00292760070693828,154.456746032943,0.751552795031056,1.97902097902098
0.3,100,TRUE,95,"capped_safeguard",161,1.02197305007819,0.936123370168216,154.456746032943,0.472049689440994,0.987951807228916
0.3,100,TRUE,96,"point",163,0.0283267876792196,-0.0836890178864961,188.684760734189,0.0122699386503067,0.568493150684932
0.3,100,TRUE,96,"safeguard",163,1.02884041539207,0.915200503277387,188.684760734189,0.515337423312883,1
0.3,100,TRUE,96,"original_size",163,-2.9039585243035,-0.0856898893562398,188.684760734189,0.717791411042945,1.82352941176471
0.3,100,TRUE,96,"capped_safeguard",163,1.01818655259518,0.854209969786748,188.684760734189,0.50920245398773,1
0.3,100,TRUE,97,"point",166,0.0237735199177807,0.184700499516449,173.311127931905,0.00602409638554217,0.556944444444444
0.3,100,TRUE,97,"safeguard",166,1.02007637990188,1.18257315173347,173.311127931905,0.506024096385542,1
0.3,100,TRUE,97,"original_size",166,-2.72961179302789,0.184664458419595,173.311127931905,0.674698795180723,1.72842105263158
0.3,100,TRUE,97,"capped_safeguard",166,0.995240248538553,1.05461695189099,173.311127931905,0.5,0.992700729927007
0.3,100,TRUE,98,"point",156,-0.0601174196709183,0.0595359347293057,179.436097310633,0.00641025641025641,0.571898496240602
0.3,100,TRUE,98,"safeguard",156,0.936974931342192,1.05333299337223,179.436097310633,0.544871794871795,1.01242283950617
0.3,100,TRUE,98,"original_size",156,-2.98152886632393,0.0527440046099996,179.436097310633,0.769230769230769,1.83181336161188
0.3,100,TRUE,98,"capped_safeguard",156,0.915499500362567,0.950606473912919,179.436097310633,0.538461538461538,1.01160762211487
0.3,100,TRUE,99,"point",169,-0.03954951404407,-0.417399751070945,180.956174571093,0,0.58
0.3,100,TRUE,99,"safeguard",169,0.959054559731924,0.600520723553628,180.956174571093,0.556213017751479,1.03076923076923
0.3,100,TRUE,99,"original_size",169,-2.82785215071406,-0.40419147060018,180.956174571093,0.733727810650888,1.79166666666667
0.3,100,TRUE,99,"capped_safeguard",169,0.955986475252949,0.588270021368155,180.956174571093,0.556213017751479,1.03076923076923
0.3,100,TRUE,100,"point",161,-0.00132342132187348,0.0234264209875035,184.864887925766,0.0062111801242236,0.568115942028986
0.3,100,TRUE,100,"safeguard",161,0.999001729001516,1.01220483420695,184.864887925766,0.521739130434783,1.00480769230769
0.3,100,TRUE,100,"original_size",161,-2.72335845861958,0.0196527376046769,184.864887925766,0.683229813664596,1.53246753246753
0.3,100,TRUE,100,"capped_safeguard",161,0.986887369902967,0.951726306643866,184.864887925766,0.515527950310559,1.0036231884058
0.1,500,TRUE,1,"point",119,0.0319004519930265,-0.317607587918381,256.067497162838,0,0.512770137524558
0.1,500,TRUE,1,"safeguard",119,1.03148645904026,0.683658208856469,256.067497162838,0.420168067226891,0.968807339449541
0.1,500,TRUE,1,"original_size",119,-2.65676458750363,-0.317046517619244,256.067497162838,0.588235294117647,1.29002624671916
0.1,500,TRUE,1,"capped_safeguard",119,0.030389690172106,-0.625410878326133,256.067497162838,0.0504201680672269,0.521920668058455
0.1,500,TRUE,2,"point",122,0.0105682193151597,-0.128917548199164,276.693457774935,0,0.481012022136338
0.1,500,TRUE,2,"safeguard",122,1.01092152963842,0.870253542739579,276.693457774935,0.483606557377049,0.994005448894886
0.1,500,TRUE,2,"original_size",122,-2.49165352041719,-0.127922473450257,276.693457774935,0.540983606557377,1.09871209460251
0.1,500,TRUE,2,"capped_safeguard",122,0.135617218341922,-0.697687611131251,276.693457774935,0.0491803278688525,0.385571251902588
0.1,500,TRUE,3,"point",115,0.015308711864142,0.290137403789062,254.681820763785,0,0.502803738317757
0.1,500,TRUE,3,"safeguard",115,1.01540065390318,1.28907204319296,254.681820763785,0.478260869565217,0.994644223412395
0.1,500,TRUE,3,"original_size",115,-2.59129520564999,0.289268801571132,254.681820763785,0.547826086956522,1.11705989110708
0.1,500,TRUE,3,"capped_safeguard",115,-0.059674206908287,0.100666391475074,254.681820763785,0.0434782608695652,0.427715996578272
0.1,500,TRUE,4,"point",125,-0.0402112082894657,0.0741235767618931,320.056346190869,0,0.523364485981308
0.1,500,TRUE,4,"safeguard",125,0.959222722175376,1.07314019050573,320.056346190869,0.504,1
0.1,500,TRUE,4,"original_size",125,-2.700611338536,0.0723854775348761,320.056346190869,0.592,1.27085714285714
0.1,500,TRUE,4,"capped_safeguard",125,0.074770588358522,-0.164496754424549,320.056346190869,0.032,0.481695568400771
0.1,500,TRUE,5,"point",130,0.0641233472182498,-0.0623888711794078,316.734592808099,0,0.499426654572216
0.1,500,TRUE,5,"safeguard",130,1.0642049141834,0.936502194009689,316.734592808099,0.530769230769231,1.00647679597806
0.1,500,TRUE,5,"original_size",130,-2.48942084897687,-0.0634437344549754,316.734592808099,0.538461538461538,1.05922240733319
0.1,500,TRUE,5,"capped_safeguard",130,-0.00422112075764451,-0.0399136393861638,316.734592808099,0.0461538461538462,0.454339030633309
0.1,500,TRUE,6,"point",130,0.0344733255502846,-0.546349029593962,294.38385278679,0,0.49889493046714
0.1,500,TRUE,6,"safeguard",130,1.03470685631143,0.454713669105451,294.38385278679,0.515384615384615,1.00356362387612
0.1,500,TRUE,6,"original_size",130,-2.51421945129321,-0.544576448050553,294.38385278679,0.592307692307692,1.23169738692723
0.1,500,TRUE,6,"capped_safeguard",130,0.121633830412927,-0.415463722698114,294.38385278679,0.0461538461538462,0.533428165007112
0.1,500,TRUE,7,"point",127,0.029233588874627,-0.299183011978023,288.054984390907,0,0.525022747952684
0.1,500,TRUE,7,"safeguard",127,1.02941574220935,0.700259973351045,288.054984390907,0.543307086614173,1.01475737868934
0.1,500,TRUE,7,"original_size",127,-2.59468181261839,-0.298885179698494,288.054984390907,0.590551181102362,1.2005076142132
0.1,500,TRUE,7,"capped_safeguard",127,0.0568016415648037,0.061675532036577,288.054984390907,0.031496062992126,0.417362270450751
0.1,500,TRUE,8,"point",112,-0.0894559013806957,-0.598750327514168,284.151525803339,0,0.505553455645044
0.1,500,TRUE,8,"safeguard",112,0.910665604096951,0.402159379696987,284.151525803339,0.446428571428571,0.969244439348773
0.1,500,TRUE,8,"original_size",112,-2.66079791719717,-0.596685936920528,284.151525803339,0.571428571428571,1.11862689488728
0.1,500,TRUE,8,"capped_safeguard",112,-0.0436557303830584,-0.0210458392725103,284.151525803339,0.0446428571428571,0.472814190059233
0.1,500,TRUE,9,"point",122,-0.187232471229785,0.00101429808312315,280.834696849707,0,0.532600302623779
0.1,500,TRUE,9,"safeguard",122,0.812340629849293,1.00085111321284,280.834696849707,0.40983606557377,0.974963233449514
0.1,500,TRUE,9,"original_size",122,-2.81080221822182,0.00239679242914035,280.834696849707,0.631147540983607,1.300124992064
0.1,500,TRUE,9,"capped_safeguard",122,-0.0237522958840182,-0.352018207186175,280.834696849707,0.0327868852459016,0.486892309092702
0.1,500,TRUE,10,"point",120,-0.0832991051236723,0.179444120423941,354.281487655847,0,0.473825061077536
0.1,500,TRUE,10,"safeguard",120,0.916873066935539,1.1805970897448,354.281487655847,0.475,0.980685728530556
0.1,500,TRUE,10,"original_size",120,-2.53498110746789,0.180076625221726,354.281487655847,0.5,1.00784231683664
0.1,500,TRUE,10,"capped_safeguard",120,0.00387843138093198,0.00468629677820885,354.281487655847,0.0166666666666667,0.438990022323356
0.1,500,TRUE,11,"point",131,-0.0172287131815501,0.593482314575592,300.444519899312,0.00763358778625954,0.500491642084562
0.1,500,TRUE,11,"safeguard",131,0.983180737496791,1.59064026373008,300.444519899312,0.473282442748092,0.975496688741722
0.1,500,TRUE,11,"original_size",131,-2.64135130044783,0.591334886643442,300.444519899312,0.595419847328244,1.17662682602922
0.1,500,TRUE,11,"capped_safeguard",131,-0.0499305729264196,0.0764036335580956,300.444519899312,0.0687022900763359,0.492610837438424
0.1,500,TRUE,12,"point",116,0.0920784872185261,0.421515241090739,334.043019841056,0,0.504926330721862
0.1,500,TRUE,12,"safeguard",116,1.09103207158191,1.42132123903998,334.043019841056,0.491379310344828,0.996562924467017
0.1,500,TRUE,12,"original_size",116,-2.48878471436514,0.421070755984876,334.043019841056,0.543103448275862,1.11128676000803
0.1,500,TRUE,12,"capped_safeguard",116,0.0272639417255583,-0.0944745281490142,334.043019841056,0.0603448275862069,0.480769230769231
0.1,500,TRUE,13,"point",128,-0.10731366290756,0.0147435493648246,280.885535825029,0,0.504656914423299
0.1,500,TRUE,13,"safeguard",128,0.892514505557558,1.01464776134873,280.885535825029,0.5,0.997500082943499
0.1,500,TRUE,13,"original_size",128,-2.7897503313101,0.0148163340567731,280.885535825029,0.5625,1.1163514908997
0.1,500,TRUE,13,"capped_safeguard",128,0.0400142634640986,-0.383099124994855,280.885535825029,0.09375,0.491410103101945
0.1,500,TRUE,14,"point",126,-0.0281482398687246,-0.183082417854659,252.389681967512,0.00793650793650794,0.513615355176779
0.1,500,TRUE,14,"safeguard",126,0.971836202189162,0.81744642455705,252.389681967512,0.547619047619048,1.01698037796478
0.1,500,TRUE,14,"original_size",126,-2.62163901192075,-0.184343170610117,252.389681967512,0.523809523809524,1.05764273804696
0.1,500,TRUE,14,"capped_safeguard",126,0.0724469534858301,-0.180399954576173,252.389681967512,0.0555555555555556,0.44269882056725
0.1,500,TRUE,15,"point",131,-0.00454599868056602,-0.0651492251338598,255.929748371871,0,0.503834808259587
0.1,500,TRUE,15,"safeguard",131,0.99618996972404,0.93482948775845,255.929748371871,0.572519083969466,1.02186588921283
0.1,500,TRUE,15,"original_size",131,-2.60429843860148,-0.0656797999086377,255.929748371871,0.557251908396947,1.14685314685315
0.1,500,TRUE,15,"capped_safeguard",131,-0.0277258222607286,-0.349973997386302,255.929748371871,0.114503816793893,0.475285171102662
0.1,500,TRUE,16,"point",119,-0.0405067671814189,0.170757489832266,281.81531623597,0,0.515384615384615
0.1,500,TRUE,16,"safeguard",119,0.959552689208061,1.16847882217426,281.81531623597,0.521008403361345,1.02314049586777
0.1,500,TRUE,16,"original_size",119,-2.56208300728265,0.16930000541012,281.81531623597,0.53781512605042,1.05339195979899
0.1,500,TRUE,16,"capped_safeguard",119,0.116701591250965,0.159176224070046,281.81531623597,0.092436974789916,0.472589792060492
0.1,500,TRUE,17,"point",130,0.0503576450373707,0.0608521073476847,239.887214100657,0,0.511165734849945
0.1,500,TRUE,17,"safeguard",130,1.05038772031931,1.06139960526357,239.887214100657,0.461538461538462,0.984531390880674
0.1,500,TRUE,17,"original_size",130,-2.59432177816706,0.0619626457082407,239.887214100657,0.592307692307692,1.23866317169069
0.1,500,TRUE,17,"capped_safeguard",130,0.0397873889069239,-0.0785581021307532,239.887214100657,0.0692307692307692,0.50532751555561
0.1,500,TRUE,18,"point",116,0.0662622716651706,-0.396696357004222,267.313617510319,0,0.53761992293587
0.1,500,TRUE,18,"safeguard",116,1.06605881166376,0.602901681619447,267.313617510319,0.551724137931034,1.020198940055
0.1,500,TRUE,18,"original_size",116,-2.53285367418351,-0.396338094329932,267.313617510319,0.560344827586207,1.19488453370463
0.1,500,TRUE,18,"capped_safeguard",116,-0.0113619643471133,0.0128235196160686,267.313617510319,0.112068965517241,0.527431442257941
0.1,500,TRUE,19,"point",129,0.119831371169525,0.250443339127782,332.136722829087,0,0.517367458866545
0.1,500,TRUE,19,"safeguard",129,1.11981852994544,1.25309750337809,332.136722829087,0.496124031007752,0.997222222222222
0.1,500,TRUE,19,"original_size",129,-2.38191598505281,0.25316951768232,332.136722829087,0.581395348837209,1.18279569892473
0.1,500,TRUE,19,"capped_safeguard",129,0.111685423087358,-0.521676038897146,332.136722829087,0.0387596899224806,0.442869796279894
0.1,500,TRUE,20,"point",133,-0.0479581532685587,0.0922466447554541,374.286843204746,0,0.500597847748107
0.1,500,TRUE,20,"safeguard",133,0.951683631567553,1.09056853952256,374.286843204746,0.458646616541353,0.989690721649485
0.1,500,TRUE,20,"original_size",133,-2.51100359583439,0.0887170650310254,374.286843204746,0.503759398496241,1
0.1,500,TRUE,20,"capped_safeguard",133,0.117946658089682,-0.473493120399357,374.286843204746,0.0225563909774436,0.438981562774363
0.1,500,TRUE,21,"point",127,0.0311583974687768,0.276894550556711,304.169021045728,0.0078740157480315,0.496190476190476
0.1,500,TRUE,21,"safeguard",127,1.03098710563842,1.27419586845156,304.169021045728,0.456692913385827,0.985310734463277
0.1,500,TRUE,21,"original_size",127,-2.44288799000774,0.274324088462937,304.169021045728,0.551181102362205,1.071875
0.1,500,TRUE,21,"capped_safeguard",127,0.0302282453301785,-0.373207857906798,304.169021045728,0.0551181102362205,0.431406384814495
0.1,500,TRUE,22,"point",119,0.0289117516537674,0.154686072649683,294.667014352169,0,0.51038338658147
0.1,500,TRUE,22,"safeguard",119,1.02873952759343,1.15370939490665,294.667014352169,0.53781512605042,1.01645255803471
0.1,500,TRUE,22,"original_size",119,-2.61202723657219,0.154335574769984,294.667014352169,0.563025210084034,1.15945330296128
0.1,500,TRUE,22,"capped_safeguard",119,0.0290428840413228,-0.243917116564144,294.667014352169,0.0756302521008403,0.487329434697856
0.1,500,TRUE,23,"point",126,0.0535550854462502,-0.535038536448176,296.28574085366,0,0.519799850451207
0.1,500,TRUE,23,"safeguard",126,1.05348870581636,0.464320258813895,296.28574085366,0.531746031746032,1.01298047838429
0.1,500,TRUE,23,"original_size",126,-2.53575116776761,-0.536931955348979,296.28574085366,0.563492063492063,1.20438612637605
0.1,500,TRUE,23,"capped_safeguard",126,0.0699916200783941,-0.775431175023476,296.28574085366,0.0555555555555556,0.448430853973218
0.1,500,TRUE,24,"point",106,-0.0385567677053574,-0.707697958335868,318.349906392739,0,0.535873835493817
0.1,500,TRUE,24,"safeguard",106,0.961038095842766,0.292163429625397,318.349906392739,0.471698113207547,0.99220641175565
0.1,500,TRUE,24,"original_size",106,-2.69527486827495,-0.707977519906256,318.349906392739,0.669811320754717,1.46240159531636
0.1,500,TRUE,24,"capped_safeguard",106,0.0574932052033437,-0.829805505229573,318.349906392739,0.0754716981132075,0.495839569226775
0.1,500,TRUE,25,"point",114,-0.0599084672368404,-0.0185705196859861,294.155124996536,0,0.520591776158748
0.1,500,TRUE,25,"safeguard",114,0.940130412461396,0.984543964602456,294.155124996536,0.464912280701754,0.983883271542523
0.1,500,TRUE,25,"original_size",114,-2.69974841689049,-0.015972723848523,294.155124996536,0.570175438596491,1.2203154677113
0.1,500,TRUE,25,"capped_safeguard",114,0.0294292727603347,-0.579071807146342,294.155124996536,0.043859649122807,0.469958436946507
0.1,500,TRUE,26,"point",130,-0.0542706919547522,0.288899306781195,324.63412495085,0,0.521143956016863
0.1,500,TRUE,26,"safeguard",130,0.94639604596678,1.28798879337716,324.63412495085,0.515384615384615,1.00736531986532
0.1,500,TRUE,26,"original_size",130,-2.70700743914322,0.290111150222614,324.63412495085,0.576923076923077,1.19117667987846
0.1,500,TRUE,26,"capped_safeguard",130,-0.0225366939543916,-0.880322676210308,324.63412495085,0.0846153846153846,0.471933434891449
0.1,500,TRUE,27,"point",124,0.061051012110996,0.416079989207456,298.05895410206,0,0.495842244102609
0.1,500,TRUE,27,"safeguard",124,1.06123358542642,1.41527826287804,298.05895410206,0.42741935483871,0.972415452572562
0.1,500,TRUE,27,"original_size",124,-2.36380844684757,0.416963086671378,298.05895410206,0.556451612903226,1.10910005027652
0.1,500,TRUE,27,"capped_safeguard",124,0.0811816243506066,-0.329020688909998,298.05895410206,0.0564516129032258,0.448833395783222
0.1,500,TRUE,28,"point",110,-0.136420499277598,0.386938099376794,299.910708951241,0,0.494547649647544
0.1,500,TRUE,28,"safeguard",110,0.863896575509878,1.38862384881193,299.910708951241,0.463636363636364,0.971798779924822
0.1,500,TRUE,28,"original_size",110,-2.7529018956115,0.390281214450652,299.910708951241,0.609090909090909,1.18164658936802
0.1,500,TRUE,28,"capped_safeguard",110,-0.00697888604125715,-0.0616117534161179,299.910708951241,0.0454545454545455,0.479156794245894
0.1,500,TRUE,29,"point",138,-0.0631478166998274,-0.775018965117579,335.742741744229,0,0.496376667856812
0.1,500,TRUE,29,"safeguard",138,0.937360888019481,0.223823324147231,335.742741744229,0.521739130434783,1.00565780619711
0.1,500,TRUE,29,"original_size",138,-2.52809234376218,-0.776128628219159,335.742741744229,0.536231884057971,1.07773293681572
0.1,500,TRUE,29,"capped_safeguard",138,0.108858018176976,-1.16488057191099,335.742741744229,0.0579710144927536,0.447083107493409
0.1,500,TRUE,30,"point",124,-0.0313316115541631,-0.212630408344959,358.825106167057,0,0.529556392550743
0.1,500,TRUE,30,"safeguard",124,0.968692843512522,0.787593429115659,358.825106167057,0.508064516129032,1.00218340611354
0.1,500,TRUE,30,"original_size",124,-2.44731459535282,-0.212715539663393,358.825106167057,0.588709677419355,1.26120440729483
0.1,500,TRUE,30,"capped_safeguard",124,-0.056445497977452,-0.0256721486625189,358.825106167057,0.0564516129032258,0.409165302782324
0.1,500,TRUE,31,"point",128,-0.00985512546779683,-0.443380323691527,287.557568374727,0,0.516898229874077
0.1,500,TRUE,31,"safeguard",128,0.990757725681852,0.556902544239281,287.557568374727,0.3984375,0.973983540483234
0.1,500,TRUE,31,"original_size",128,-2.54783929526194,-0.441611326784695,287.557568374727,0.5859375,1.25218133949785
0.1,500,TRUE,31,"capped_safeguard",128,0.076157522377492,-0.407933888879071,287.557568374727,0.0546875,0.482627281299031
0.1,500,TRUE,32,"point",114,0.219221839904709,0.568248510964985,310.422357591725,0,0.490197323310562
0.1,500,TRUE,32,"safeguard",114,1.21873604188865,1.56754494041781,310.422357591725,0.535087719298246,1.00966833393002
0.1,500,TRUE,32,"original_size",114,-2.30974992151786,0.566348274069799,310.422357591725,0.570175438596491,1.07291837384916
0.1,500,TRUE,32,"capped_safeguard",114,-0.0248494877654981,0.186300622729495,310.422357591725,0.0526315789473684,0.424931530786055
0.1,500,TRUE,33,"point",121,0.0142393252906702,-0.437291645239007,293.226708251495,0,0.526639344262295
0.1,500,TRUE,33,"safeguard",121,1.01399734064893,0.564283407370315,293.226708251495,0.495867768595041,0.997987927565392
0.1,500,TRUE,33,"original_size",121,-2.50620769732027,-0.4380234561753,293.226708251495,0.553719008264463,1.2108938547486
0.1,500,TRUE,33,"capped_safeguard",121,0.00618961087024775,-0.142245104981419,293.226708251495,0.0578512396694215,0.491159135559921
0.1,500,TRUE,34,"point",113,0.0739562379496244,0.25754307072333,332.152266434035,0,0.551499348109518
0.1,500,TRUE,34,"safeguard",113,1.07465832317172,1.25474844690948,332.152266434035,0.566371681415929,1.01792382374907
0.1,500,TRUE,34,"original_size",113,-2.45827437790255,0.25489500125077,332.152266434035,0.654867256637168,1.38584615384615
0.1,500,TRUE,34,"capped_safeguard",113,0.064580734555805,-0.207975980524413,332.152266434035,0.0530973451327434,0.454132606721163
0.1,500,TRUE,35,"point",115,-0.119150385559082,0.523495177622277,312.9902717154,0,0.483317445185891
0.1,500,TRUE,35,"safeguard",115,0.881602813244938,1.52285785611082,312.9902717154,0.48695652173913,0.995454545454545
0.1,500,TRUE,35,"original_size",115,-2.76314708470877,0.522585123383431,312.9902717154,0.521739130434783,1.12663755458515
0.1,500,TRUE,35,"capped_safeguard",115,0.0617406593360001,-0.403272655027795,312.9902717154,0.0782608695652174,0.476644423260248
0.1,500,TRUE,36,"point",111,-0.14289628907254,-0.867564918723739,390.134874536707,0,0.517204301075269
0.1,500,TRUE,36,"safeguard",111,0.857479769123944,0.129463698591451,390.134874536707,0.405405405405405,0.972999035679846
0.1,500,TRUE,36,"original_size",111,-2.65851634300384,-0.87129803534474,390.134874536707,0.585585585585586,1.16610169491525
0.1,500,TRUE,36,"capped_safeguard",111,0.0315191116001174,-0.544854078042429,390.134874536707,0.045045045045045,0.475285171102662
0.1,500,TRUE,37,"point",116,0.0750540896513544,-0.268513215565464,243.51102411881,0,0.523221561011534
0.1,500,TRUE,37,"safeguard",116,1.07473447993734,0.728939469805528,243.51102411881,0.456896551724138,0.988821592466774
0.1,500,TRUE,37,"original_size",116,-2.77745300173917,-0.270113274465096,243.51102411881,0.681034482758621,1.36036893712806
0.1,500,TRUE,37,"capped_safeguard",116,0.0467394461509465,-0.0511256777719693,243.51102411881,0.0431034482758621,0.460028710531483
0.1,500,TRUE,38,"point",128,0.0420837420339159,-0.0252943180009458,356.943739310815,0,0.494831305802275
0.1,500,TRUE,38,"safeguard",128,1.04195743853313,0.975109899246173,356.943739310815,0.4609375,0.980495147402131
0.1,500,TRUE,38,"original_size",128,-2.43666135587603,-0.0230942611341014,356.943739310815,0.5234375,1.11667112486785
0.1,500,TRUE,38,"capped_safeguard",128,-0.00495118402443683,-0.30979251325947,356.943739310815,0.0859375,0.443497442465303
0.1,500,TRUE,39,"point",128,-0.0256670304925455,0.0545466370037889,277.872789644556,0.0078125,0.498639918010045
0.1,500,TRUE,39,"safeguard",128,0.974347414324252,1.05767200708739,277.872789644556,0.4921875,0.98839677489628
0.1,500,TRUE,39,"original_size",128,-2.53197877459725,0.0578023665192384,277.872789644556,0.53125,1.09043648352372
0.1,500,TRUE,39,"capped_safeguard",128,0.035824885799165,-0.279211298575747,277.872789644556,0.03125,0.477783195545499
0.1,500,TRUE,40,"point",120,-0.0765510797171213,-0.0786541288739044,287.063990858592,0,0.540105367692852
0.1,500,TRUE,40,"safeguard",120,0.92314019254723,0.924353873536579,287.063990858592,0.475,0.99294349892671
0.1,500,TRUE,40,"original_size",120,-2.63003702906204,-0.0769906133460396,287.063990858592,0.633333333333333,1.4344891638655
0.1,500,TRUE,40,"capped_safeguard",120,-0.00721241977297719,-0.325305410231391,287.063990858592,0.0833333333333333,0.46168681519653
0.1,500,TRUE,41,"point",131,-0.0787783381973622,-0.243208004976209,270.305095672097,0,0.543818920487522
0.1,500,TRUE,41,"safeguard",131,0.920872979503955,0.755503947223147,270.305095672097,0.564885496183206,1.02674307545368
0.1,500,TRUE,41,"original_size",131,-2.75123369445373,-0.244665398688558,270.305095672097,0.557251908396947,1.0958217270195
0.1,500,TRUE,41,"capped_safeguard",131,0.00963583417316427,-0.454773105923689,270.305095672097,0.0916030534351145,0.45004500450045
0.1,500,TRUE,42,"point",117,-0.0930307144354767,0.00951734907875591,334.892774754386,0,0.499715747583854
0.1,500,TRUE,42,"safeguard",117,0.907263481046923,1.00692557117372,334.892774754386,0.478632478632479,0.99527665317139
0.1,500,TRUE,42,"original_size",117,-2.51395031912508,0.00873126078188204,334.892774754386,0.521367521367521,1.02745098039216
0.1,500,TRUE,42,"capped_safeguard",117,0.0213364926456772,-0.112545499346639,334.892774754386,0.102564102564103,0.53763440860215
0.1,500,TRUE,43,"point",127,-0.0601294821511606,-0.173873826702044,309.708608220223,0,0.536534446764092
0.1,500,TRUE,43,"safeguard",127,0.940638595247384,0.825895389990739,309.708608220223,0.574803149606299,1.03448275862069
0.1,500,TRUE,43,"original_size",127,-2.58183550764408,-0.173182695735026,309.708608220223,0.614173228346457,1.24757281553398
0.1,500,TRUE,43,"capped_safeguard",127,-0.00350102374367264,-0.14981605276626,309.708608220223,0.047244094488189,0.4739336492891
0.1,500,TRUE,44,"point",129,0.0278374493166815,0.316662627705759,276.345755976335,0.00775193798449612,0.506393861892583
0.1,500,TRUE,44,"safeguard",129,1.02756434826026,1.3159816690297,276.345755976335,0.542635658914729,1.02009751456773
0.1,500,TRUE,44,"original_size",129,-2.61364213699436,0.316089633864583,276.345755976335,0.550387596899225,1.13793103448276
0.1,500,TRUE,44,"capped_safeguard",129,0.030026971048074,-0.355416438352332,276.345755976335,0.0852713178294574,0.479846449136276
0.1,500,TRUE,45,"point",111,0.0929276182771381,0.148510400677249,264.31240065923,0,0.518765965808607
0.1,500,TRUE,45,"safeguard",111,1.09234718997966,1.1502104035924,264.31240065923,0.540540540540541,1.01270258431888
0.1,500,TRUE,45,"original_size",111,-2.52108654134824,0.149396786271701,264.31240065923,0.54954954954955,1.13768545994065
0.1,500,TRUE,45,"capped_safeguard",111,0.0342162298932182,-0.177813540611789,264.31240065923,0.0630630630630631,0.429553264604811
0.1,500,TRUE,46,"point",121,-0.0440746929733453,-0.485260261089103,263.946476123318,0,0.532591414944356
0.1,500,TRUE,46,"safeguard",121,0.95538882008129,0.514759603110184,263.946476123318,0.487603305785124,0.992836676217765
0.1,500,TRUE,46,"original_size",121,-2.71004277815979,-0.484951514235186,263.946476123318,0.611570247933884,1.31707317073171
0.1,500,TRUE,46,"capped_safeguard",121,0.0325854822403843,-0.581254704309836,263.946476123318,0.0413223140495868,0.517063081695967
0.1,500,TRUE,47,"point",119,0.0222906807170335,-0.11277615486745,312.932430995021,0,0.509282178217822
0.1,500,TRUE,47,"safeguard",119,1.02160136078403,0.885289987931344,312.932430995021,0.504201680672269,1
0.1,500,TRUE,47,"original_size",119,-2.45551801860161,-0.113124007771153,312.932430995021,0.546218487394958,1.08657587548638
0.1,500,TRUE,47,"capped_safeguard",119,0.0116381924257781,-0.657715180280409,312.932430995021,0.0672268907563025,0.453720508166969
0.1,500,TRUE,48,"point",127,0.0907814986435774,0.133092985441099,269.152816677646,0,0.520615722924684
0.1,500,TRUE,48,"safeguard",127,1.09094972712539,1.13378206618757,269.152816677646,0.464566929133858,0.977484898407468
0.1,500,TRUE,48,"original_size",127,-2.46550203221817,0.134794421186576,269.152816677646,0.582677165354331,1.29277389277389
0.1,500,TRUE,48,"capped_safeguard",127,0.0172040617166643,-0.220786596146077,269.152816677646,0.0708661417322835,0.51440329218107
0.1,500,TRUE,49,"point",120,-0.129344015521359,-0.155735982829536,292.762443405933,0,0.519986019495037
0.1,500,TRUE,49,"safeguard",120,0.870898800957096,0.842988578996133,292.762443405933,0.516666666666667,1
0.1,500,TRUE,49,"original_size",120,-2.65900798145603,-0.157631554846411,292.762443405933,0.583333333333333,1.29387611570037
0.1,500,TRUE,49,"capped_safeguard",120,-0.00435418249297236,-0.604397061159526,292.762443405933,0.0583333333333333,0.479013342632188
0.1,500,TRUE,50,"point",115,-0.052384012273891,-0.297967673731335,254.630958720002,0,0.490272373540856
0.1,500,TRUE,50,"safeguard",115,0.94695470097958,0.70140978852652,254.630958720002,0.51304347826087,1.00396825396825
0.1,500,TRUE,50,"original_size",115,-2.60584450186484,-0.300409076235988,254.630958720002,0.521739130434783,1.05154639175258
0.1,500,TRUE,50,"capped_safeguard",115,0.0404821020263778,-0.106519262837293,254.630958720002,0.0782608695652174,0.505561172901921
0.1,500,TRUE,51,"point",127,0.0558345939902653,-0.00346353259274296,296.585494485252,0,0.522755227552276
0.1,500,TRUE,51,"safeguard",127,1.05627750976936,0.99903629362004,296.585494485252,0.440944881889764,0.980716253443526
0.1,500,TRUE,51,"original_size",127,-2.48851742123323,-0.00217197478135229,296.585494485252,0.606299212598425,1.31192660550459
0.1,500,TRUE,51,"capped_safeguard",127,0.0988537201822843,-0.35434084776602,296.585494485252,0.062992125984252,0.566893424036281
0.1,500,TRUE,52,"point",119,-0.142573913733243,0.193916870596823,267.995654652833,0.00840336134453781,0.529192546583851
0.1,500,TRUE,52,"safeguard",119,0.857232377894246,1.19352861105592,267.995654652833,0.588235294117647,1.03858520900322
0.1,500,TRUE,52,"original_size",119,-2.81011121997631,0.192507319438735,267.995654652833,0.579831932773109,1.2
0.1,500,TRUE,52,"capped_safeguard",119,-0.00262151851116794,0.0101668992797425,267.995654652833,0.0840336134453782,0.426621160409556
0.1,500,TRUE,53,"point",119,0.0751575865915685,0.397000510961816,286.432218140183,0,0.502875924404273
0.1,500,TRUE,53,"safeguard",119,1.07504634707729,1.40145721014251,286.432218140183,0.495798319327731,0.995104039167687
0.1,500,TRUE,53,"original_size",119,-2.50275940811548,0.402492335114384,286.432218140183,0.554621848739496,1.17197452229299
0.1,500,TRUE,53,"capped_safeguard",119,0.108354706724412,-0.640008736738028,286.432218140183,0.0756302521008403,0.504540867810293
0.1,500,TRUE,54,"point",115,-0.102496393621082,-0.414775002265114,253.230931393865,0,0.532167395377889
0.1,500,TRUE,54,"safeguard",115,0.897589042221864,0.584882674677193,253.230931393865,0.547826086956522,1.02295918367347
0.1,500,TRUE,54,"original_size",115,-2.78707305530454,-0.415192573590551,253.230931393865,0.565217391304348,1.12464589235127
0.1,500,TRUE,54,"capped_safeguard",115,-0.0484938795314411,-0.277312057344872,253.230931393865,0.104347826086957,0.501002004008016
0.1,500,TRUE,55,"point",116,0.124334697404039,-0.0381654556329032,275.897020718554,0,0.495404994824881
0.1,500,TRUE,55,"safeguard",116,1.12490543010653,0.961798690814521,275.897020718554,0.577586206896552,1.03718377217195
0.1,500,TRUE,55,"original_size",116,-2.3812551372745,-0.0391385053243326,275.897020718554,0.517241379310345,1.02975785044256
0.1,500,TRUE,55,"capped_safeguard",116,0.0416948165168144,-0.0743965638200415,275.897020718554,0.0603448275862069,0.482679898432222
0.1,500,TRUE,56,"point",121,-0.195210981743048,0.17952453307197,307.915516693436,0,0.51451800232288
0.1,500,TRUE,56,"safeguard",121,0.804748881653003,1.1835743482264,307.915516693436,0.520661157024793,1.01243201243201
0.1,500,TRUE,56,"original_size",121,-2.75406847221626,0.180278856596846,307.915516693436,0.537190082644628,1.2001404494382
0.1,500,TRUE,56,"capped_safeguard",121,0.0242915166700482,-0.515348968884492,307.915516693436,0.0743801652892562,0.526315789473684
0.1,500,TRUE,57,"point",127,0.101871327375318,0.189414073301452,308.521937808051,0,0.492239467849224
0.1,500,TRUE,57,"safeguard",127,1.10154822449949,1.18911752374011,308.521937808051,0.535433070866142,1.00873965041398
0.1,500,TRUE,57,"original_size",127,-2.35987394889089,0.190506246965179,308.521937808051,0.52755905511811,1.06462212486309
0.1,500,TRUE,57,"capped_safeguard",127,-0.0161538973552335,-0.810195924829017,308.521937808051,0.0866141732283465,0.504032258064516
0.1,500,TRUE,58,"point",132,-0.0923232462925067,-0.719738375239422,308.452985024026,0,0.528922657661661
0.1,500,TRUE,58,"safeguard",132,0.907606238443221,0.278205883333412,308.452985024026,0.5,0.998722902308993
0.1,500,TRUE,58,"original_size",132,-2.79934980330968,-0.720859053962719,308.452985024026,0.590909090909091,1.27218786840759
0.1,500,TRUE,58,"capped_safeguard",132,0.0361343661015414,-0.805566690123492,308.452985024026,0.0681818181818182,0.460854547508794
0.1,500,TRUE,59,"point",123,0.0921818710613509,0.141289875311788,308.921904320183,0,0.524271844660194
0.1,500,TRUE,59,"safeguard",123,1.09185567022082,1.14437466358556,308.921904320183,0.536585365853659,1.0126582278481
0.1,500,TRUE,59,"original_size",123,-2.62146516950399,0.144300744098761,308.921904320183,0.585365853658537,1.21728395061728
0.1,500,TRUE,59,"capped_safeguard",123,0.0556687955481954,-0.240984579215728,308.921904320183,0.040650406504065,0.479386385426654
0.1,500,TRUE,60,"point",124,0.0069832626800916,-0.0789519598743452,337.993133753004,0,0.516907713498623
0.1,500,TRUE,60,"safeguard",124,1.00793888936425,0.91620666162805,337.993133753004,0.540322580645161,1.01150928852583
0.1,500,TRUE,60,"original_size",124,-2.47182511531719,-0.0811065261996315,337.993133753004,0.556451612903226,1.1259732497923
0.1,500,TRUE,60,"capped_safeguard",124,0.115322865087254,-0.623409679505918,337.993133753004,0.0403225806451613,0.4370899893402
0.1,500,TRUE,61,"point",118,0.0854228382890724,0.542919546164613,290.918026847877,0,0.501781817526015
0.1,500,TRUE,61,"safeguard",118,1.08526752909551,1.54021413524872,290.918026847877,0.584745762711864,1.02722952640189
0.1,500,TRUE,61,"original_size",118,-2.4332173005257,0.541352117502178,290.918026847877,0.584745762711864,1.19502818035427
0.1,500,TRUE,61,"capped_safeguard",118,-0.0398819342954045,0.028935693812538,290.918026847877,0.076271186440678,0.454551465143341
0.1,500,TRUE,62,"point",123,0.0264523459001073,-0.0984416982502511,317.492851475882,0,0.520231213872832
0.1,500,TRUE,62,"safeguard",123,1.02734444078558,0.898091705341612,317.492851475882,0.56910569105691,1.01575203252033
0.1,500,TRUE,62,"original_size",123,-2.43037017977284,-0.0991338259489604,317.492851475882,0.601626016260163,1.27937788018433
0.1,500,TRUE,62,"capped_safeguard",123,0.0179110543219849,-0.853713979724777,317.492851475882,0.0731707317073171,0.478468899521531
0.1,500,TRUE,63,"point",119,-0.0010431445066081,-0.144879518317131,311.388672557734,0,0.519043401240035
0.1,500,TRUE,63,"safeguard",119,0.999721912381301,0.854135565222599,311.388672557734,0.546218487394958,1.01820728291317
0.1,500,TRUE,63,"original_size",119,-2.56214502892905,-0.146306727828553,311.388672557734,0.588235294117647,1.12046058458813
0.1,500,TRUE,63,"capped_safeguard",119,-0.0063145338135971,0.0892934554101137,311.388672557734,0.117647058823529,0.499001996007984
0.1,500,TRUE,64,"point",106,-0.0791943856739087,-0.20531116216659,285.151562080897,0.00943396226415094,0.5009294332211
0.1,500,TRUE,64,"safeguard",106,0.920319396084583,0.79475057681076,285.151562080897,0.433962264150943,0.978598424589516
0.1,500,TRUE,64,"original_size",106,-2.64702724686563,-0.207334157394918,285.151562080897,0.556603773584906,1.07033225085551
0.1,500,TRUE,64,"capped_safeguard",106,0.100393540827642,-0.285518105632263,285.151562080897,0.0660377358490566,0.479393436308698
0.1,500,TRUE,65,"point",123,-0.0745324994982555,0.0167745023252433,277.923116011008,0,0.49358059914408
0.1,500,TRUE,65,"safeguard",123,0.925480970110969,1.01641244755329,277.923116011008,0.479674796747967,0.990013140604468
0.1,500,TRUE,65,"original_size",123,-2.67207837272766,0.0151648168499024,277.923116011008,0.528455284552846,1.07479224376731
0.1,500,TRUE,65,"capped_safeguard",123,-0.0102009777765849,0.174874685032247,277.923116011008,0.048780487804878,0.523012552301255
0.1,500,TRUE,66,"point",126,0.0981469690615471,0.0738959551970018,230.352214285373,0,0.495032967438598
0.1,500,TRUE,66,"safeguard",126,1.0986296603531,1.07131887955183,230.352214285373,0.444444444444444,0.98529732693428
0.1,500,TRUE,66,"original_size",126,-2.47327225685796,0.0709695032995718,230.352214285373,0.507936507936508,1.04473038968581
0.1,500,TRUE,66,"capped_safeguard",126,-0.000977970965809137,0.0716393266846266,230.352214285373,0.0476190476190476,0.47687269750307
0.1,500,TRUE,67,"point",118,-0.0539408479781596,0.0934661905833908,276.133447560019,0,0.509001983693105
0.1,500,TRUE,67,"safeguard",118,0.945825946008393,1.09410963261888,276.133447560019,0.516949152542373,1.01316997364733
0.1,500,TRUE,67,"original_size",118,-2.59140170985743,0.0931530020722918,276.133447560019,0.61864406779661,1.37269877069495
0.1,500,TRUE,67,"capped_safeguard",118,-0.062902221969398,-0.258903916884848,276.133447560019,0.0338983050847458,0.510375111392426
0.1,500,TRUE,68,"point",122,0.0983623347370819,-0.036744421985708,332.393783913771,0,0.526410448766038
0.1,500,TRUE,68,"safeguard",122,1.0985932292782,0.963607145830588,332.393783913771,0.516393442622951,1.01137984690414
0.1,500,TRUE,68,"original_size",122,-2.52650063572587,-0.0355656137108951,332.393783913771,0.647540983606557,1.24654075843438
0.1,500,TRUE,68,"capped_safeguard",122,0.0286951199039931,-0.365858807977305,332.393783913771,0.0573770491803279,0.443262759719361
0.1,500,TRUE,69,"point",122,-0.0150715268128072,0.457135755811293,286.034334430157,0,0.490366388581433
0.1,500,TRUE,69,"safeguard",122,0.985296906935442,1.45837187568428,286.034334430157,0.442622950819672,0.964147973238882
0.1,500,TRUE,69,"original_size",122,-2.59596673967483,0.456988488791421,286.034334430157,0.516393442622951,1.05676347993171
0.1,500,TRUE,69,"capped_safeguard",122,0.00962269670109556,-0.0148668285834736,286.034334430157,0.0737704918032787,0.429184549356223
0.1,500,TRUE,70,"point",118,-0.0264321351102304,0.296668645785609,339.923866127506,0,0.506121851611272
0.1,500,TRUE,70,"safeguard",118,0.97363210487796,1.29519577283572,339.923866127506,0.406779661016949,0.980029861461696
0.1,500,TRUE,70,"original_size",118,-2.52441404714794,0.296437130025471,339.923866127506,0.542372881355932,1.09436162006634
0.1,500,TRUE,70,"capped_safeguard",118,-0.0282879550954966,-0.0718358359613508,339.923866127506,0.0423728813559322,0.412762767878437
0.1,500,TRUE,71,"point",125,0.0836781676447195,0.139517269586225,263.174351877152,0,0.502325581395349
0.1,500,TRUE,71,"safeguard",125,1.08370828156269,1.13940468396604,263.174351877152,0.464,0.990291262135922
0.1,500,TRUE,71,"original_size",125,-2.48424139851049,0.139312599753568,263.174351877152,0.552,1.12558139534884
0.1,500,TRUE,71,"capped_safeguard",125,0.0493936393985751,-0.23874774221841,263.174351877152,0.056,0.457456541628545
0.1,500,TRUE,72,"point",131,-0.0492951763252155,-0.280290741105213,340.221955388254,0,0.498542274052478
0.1,500,TRUE,72,"safeguard",131,0.950668836369655,0.724799004267765,340.221955388254,0.458015267175573,0.980832782551223
0.1,500,TRUE,72,"original_size",131,-2.41110701361233,-0.276117719605946,340.221955388254,0.526717557251908,1.0397946084724
0.1,500,TRUE,72,"capped_safeguard",131,0.0455488150438491,-0.444651687259969,340.221955388254,0.0458015267175573,0.462962962962963
0.1,500,TRUE,73,"point",112,-0.0936703702435975,0.36539311332764,281.166459736094,0.00892857142857143,0.532602037321539
0.1,500,TRUE,73,"safeguard",112,0.90632571208445,1.36434914540645,281.166459736094,0.526785714285714,1.00969065778776
0.1,500,TRUE,73,"original_size",112,-2.74698811482671,0.364520391964538,281.166459736094,0.651785714285714,1.3848498312404
0.1,500,TRUE,73,"capped_safeguard",112,0.0062006198749005,-0.90173264350621,281.166459736094,0.116071428571429,0.585171367212324
0.1,500,TRUE,74,"point",115,0.046271712576546,0.74247905274011,327.073590972363,0.00869565217391304,0.492447129909366
0.1,500,TRUE,74,"safeguard",115,1.04624948592895,1.74303914914371,327.073590972363,0.452173913043478,0.982488479262673
0.1,500,TRUE,74,"original_size",115,-2.5168249097587,0.743085462408014,327.073590972363,0.521739130434783,1.04446064139942
0.1,500,TRUE,74,"capped_safeguard",115,0.00794913215397197,-0.580375398725012,327.073590972363,0.0869565217391304,0.491642084562439
0.1,500,TRUE,75,"point",128,-0.0354219557745064,-0.051379659596186,297.341474710708,0,0.51443865723986
0.1,500,TRUE,75,"safeguard",128,0.963939639586898,0.948441338601565,297.341474710708,0.578125,1.02547405189621
0.1,500,TRUE,75,"original_size",128,-2.67261018605655,-0.0524784042830802,297.341474710708,0.4921875,0.992581909746302
0.1,500,TRUE,75,"capped_safeguard",128,0.069602599250337,-0.577683353537194,297.341474710708,0.09375,0.531079577889039
0.1,500,TRUE,76,"point",125,-0.0163752882882366,0.05710982971494,291.609466962233,0,0.526925012581782
0.1,500,TRUE,76,"safeguard",125,0.983201297360324,1.05553181165855,291.609466962233,0.496,0.995625546806649
0.1,500,TRUE,76,"original_size",125,-2.65415290085654,0.0583120012373718,291.609466962233,0.632,1.28301886792453
0.1,500,TRUE,76,"capped_safeguard",125,-0.0234166686298021,-0.199611292530341,291.609466962233,0.096,0.465116279069767
0.1,500,TRUE,77,"point",128,-0.113325236580142,-0.477413576683925,310.920777564635,0.0078125,0.513331187557936
0.1,500,TRUE,77,"safeguard",128,0.88684931770288,0.52328284211333,310.920777564635,0.46875,0.990704620835218
0.1,500,TRUE,77,"original_size",128,-2.66498028794865,-0.477680309401682,310.920777564635,0.5078125,1.04407991202346
0.1,500,TRUE,77,"capped_safeguard",128,0.0923033825147541,-0.106847102340145,310.920777564635,0.0546875,0.468171361238918
0.1,500,TRUE,78,"point",118,0.0178050847496671,0.231309122950488,301.268067867083,0,0.519586532557958
0.1,500,TRUE,78,"safeguard",118,1.01780560213671,1.23145968771803,301.268067867083,0.542372881355932,1.01586919485222
0.1,500,TRUE,78,"original_size",118,-2.59554045424597,0.232157559716419,301.268067867083,0.593220338983051,1.24649905479912
0.1,500,TRUE,78,"capped_safeguard",118,-0.0402739608999434,-0.287631045874147,301.268067867083,0.0423728813559322,0.474161033990309
0.1,500,TRUE,79,"point",109,-0.0260371664372766,0.577247604723036,340.652136755525,0,0.499566348655681
0.1,500,TRUE,79,"safeguard",109,0.974171605995109,1.57503011270192,340.652136755525,0.541284403669725,1.01581027667984
0.1,500,TRUE,79,"original_size",109,-2.51065366152094,0.575700211954352,340.652136755525,0.532110091743119,1.16749750747757
0.1,500,TRUE,79,"capped_safeguard",109,0.022281096427106,-0.153546031262607,340.652136755525,0.055045871559633,0.467289719626168
0.1,500,TRUE,80,"point",124,0.011084886591485,-0.139276285758254,353.368671593853,0,0.491183909178588
0.1,500,TRUE,80,"safeguard",124,1.01156671722869,0.860001296166511,353.368671593853,0.467741935483871,0.992332017922839
0.1,500,TRUE,80,"original_size",124,-2.41090353843311,-0.137422402329528,353.368671593853,0.491935483870968,0.981122473265178
0.1,500,TRUE,80,"capped_safeguard",124,0.0361389914033782,-0.773732269433096,353.368671593853,0.0725806451612903,0.468824181041304
0.1,500,TRUE,81,"point",114,0.0937301479134525,0.360881380668206,259.261568736133,0,0.500972902727289
0.1,500,TRUE,81,"safeguard",114,1.09540231529847,1.35865413431973,259.261568736133,0.464912280701754,0.988311373179221
0.1,500,TRUE,81,"original_size",114,-2.53592901840799,0.359562009268103,259.261568736133,0.517543859649123,1.0154629045294
0.1,500,TRUE,81,"capped_safeguard",114,-0.0884977277762536,-0.337499063740985,259.261568736133,0.0701754385964912,0.516531130605537
0.1,500,TRUE,82,"point",130,-0.13520969680188,0.125105199477505,286.496329591514,0.00769230769230769,0.505732790204776
0.1,500,TRUE,82,"safeguard",130,0.865010040444679,1.12513637477071,286.496329591514,0.484615384615385,0.998303277823489
0.1,500,TRUE,82,"original_size",130,-2.69315257228015,0.125916579667408,286.496329591514,0.6,1.15769415680473
0.1,500,TRUE,82,"capped_safeguard",130,0.0128604024885859,-0.331694383944818,286.496329591514,0.0307692307692308,0.448631763692427
0.1,500,TRUE,83,"point",119,0.0604194270016878,-0.0134149929652321,320.40547578683,0,0.479087452471483
0.1,500,TRUE,83,"safeguard",119,1.06088425371795,0.983717976160728,320.40547578683,0.411764705882353,0.972043010752688
0.1,500,TRUE,83,"original_size",119,-2.39067904318636,-0.0140913709106439,320.40547578683,0.563025210084034,1.10845070422535
0.1,500,TRUE,83,"capped_safeguard",119,-0.0641005895885363,-0.339794970886613,320.40547578683,0.0336134453781513,0.441306266548985
0.1,500,TRUE,84,"point",121,-0.0380781060811566,-0.117938796246075,278.42314102694,0,0.501397949673812
0.1,500,TRUE,84,"safeguard",121,0.961285875245226,0.881976500986262,278.42314102694,0.56198347107438,1.01764705882353
0.1,500,TRUE,84,"original_size",121,-2.5754098765115,-0.118213105751255,278.42314102694,0.553719008264463,1.20130718954248
0.1,500,TRUE,84,"capped_safeguard",121,0.0299840805190712,-0.30216447538317,278.42314102694,0.0743801652892562,0.481695568400771
0.1,500,TRUE,85,"point",119,0.0645042019225224,0.557692977334356,302.290502230005,0,0.50407450523865
0.1,500,TRUE,85,"safeguard",119,1.06428699628988,1.5563782363156,302.290502230005,0.478991596638655,0.983565107458913
0.1,500,TRUE,85,"original_size",119,-2.53813164561587,0.557970511687427,302.290502230005,0.605042016806723,1.17927823050058
0.1,500,TRUE,85,"capped_safeguard",119,0.0314910164874293,0.160375679071574,302.290502230005,0.0588235294117647,0.520833333333333
0.1,500,TRUE,86,"point",132,0.0419289064472546,0.360853051325648,285.240699938438,0,0.508024404168728
0.1,500,TRUE,86,"safeguard",132,1.04177408380971,1.3602581437982,285.240699938438,0.560606060606061,1.0270554647968
0.1,500,TRUE,86,"original_size",132,-2.54136574035213,0.360060309586857,285.240699938438,0.545454545454545,1.11099973505255
0.1,500,TRUE,86,"capped_safeguard",132,0.0294286742181993,-0.0789463443547571,285.240699938438,0.0757575757575758,0.461268744361798
0.1,500,TRUE,87,"point",116,0.0530440238132648,0.272600849607649,281.935843729132,0.00862068965517241,0.50490127927664
0.1,500,TRUE,87,"safeguard",116,1.05374444763347,1.27055342904352,281.935843729132,0.517241379310345,1.00123087787969
0.1,500,TRUE,87,"original_size",116,-2.57520243082836,0.27135257217162,281.935843729132,0.525862068965517,1.03868294379013
0.1,500,TRUE,87,"capped_safeguard",116,0.000374509357276898,0.0670761567912025,281.935843729132,0.0775862068965517,0.461905688459228
0.1,500,TRUE,88,"point",128,-0.00190121357947971,0.454818077799655,303.084231897343,0.0078125,0.503383227300284
0.1,500,TRUE,88,"safeguard",128,0.99826379298878,1.45429544705876,303.084231897343,0.4453125,0.985012630582251
0.1,500,TRUE,88,"original_size",128,-2.59060617640315,0.45490732245299,303.084231897343,0.5546875,1.12557690903763
0.1,500,TRUE,88,"capped_safeguard",128,-0.0254945641678681,-0.331821241402187,303.084231897343,0.0625,0.43556684015987
0.1,500,TRUE,89,"point",127,-0.0390030930342905,0.068200847650327,274.979409673472,0.0078740157480315,0.511210762331839
0.1,500,TRUE,89,"safeguard",127,0.961048571760627,1.06769574278587,274.979409673472,0.511811023622047,1.00535770564135
0.1,500,TRUE,89,"original_size",127,-2.6848822903115,0.0676644399795894,274.979409673472,0.535433070866142,1.0895865237366
0.1,500,TRUE,89,"capped_safeguard",127,0.0541657621856007,-0.391022484319394,274.979409673472,0.062992125984252,0.437828371278459
0.1,500,TRUE,90,"point",131,-0.0259744474254627,0.277471131018648,354.895457712011,0,0.479289940828402
0.1,500,TRUE,90,"safeguard",131,0.973789662676737,1.28123575693223,354.895457712011,0.511450381679389,1.00162601626016
0.1,500,TRUE,90,"original_size",131,-2.3791190344669,0.281234300975494,354.895457712011,0.50381679389313,1.01733615221987
0.1,500,TRUE,90,"capped_safeguard",131,0.0485245074216949,-0.18713436644648,354.895457712011,0.0763358778625954,0.45045045045045
0.1,500,TRUE,91,"point",128,-0.0029773995945741,0.661856615220883,372.355313731529,0.0078125,0.491780437103208
0.1,500,TRUE,91,"safeguard",128,0.997290432890528,1.66131673000151,372.355313731529,0.5078125,1
0.1,500,TRUE,91,"original_size",128,-2.52303377394778,0.662133195243876,372.355313731529,0.5625,1.21096880783411
0.1,500,TRUE,91,"capped_safeguard",128,0.0848219477235381,-0.818608736754065,372.355313731529,0.0546875,0.502766352418738
0.1,500,TRUE,92,"point",114,0.0797780206679238,0.243947975679729,280.905763583023,0,0.525029115317833
0.1,500,TRUE,92,"safeguard",114,1.07992087887856,1.24677074205626,280.905763583023,0.508771929824561,1.00112359550562
0.1,500,TRUE,92,"original_size",114,-2.48083838814365,0.246150228708085,280.905763583023,0.587719298245614,1.2458782607895
0.1,500,TRUE,92,"capped_safeguard",114,-0.0605823610542379,-0.0326854240176647,280.905763583023,0.087719298245614,0.473733061406217
0.1,500,TRUE,93,"point",132,0.0446139598087977,0.647666436217577,305.441650039106,0,0.51214352647396
0.1,500,TRUE,93,"safeguard",132,1.04440640226514,1.649797163963,305.441650039106,0.522727272727273,1.01278213835455
0.1,500,TRUE,93,"original_size",132,-2.48852519992749,0.64910688707728,305.441650039106,0.568181818181818,1.17787562160993
0.1,500,TRUE,93,"capped_safeguard",132,-0.0239122642584126,-0.281187098953371,305.441650039106,0.053030303030303,0.455387004300048
0.1,500,TRUE,94,"point",116,0.0593706034972557,0.220272502197448,242.088299725984,0,0.491532561844657
0.1,500,TRUE,94,"safeguard",116,1.05951325040599,1.21795863189117,242.088299725984,0.491379310344828,0.99641563902409
0.1,500,TRUE,94,"original_size",116,-2.61553027187126,0.21801553523366,242.088299725984,0.508620689655172,1.06918538352403
0.1,500,TRUE,94,"capped_safeguard",116,0.0457310061663876,-0.324329065468882,242.088299725984,0.0948275862068965,0.469338600379876
0.1,500,TRUE,95,"point",126,-0.0062175282543898,0.139252202427391,283.450979074695,0.00793650793650794,0.499692467751065
0.1,500,TRUE,95,"safeguard",126,0.993423016555954,1.14054971317101,283.450979074695,0.515873015873016,1.01141897164603
0.1,500,TRUE,95,"original_size",126,-2.51168833901545,0.140596349335683,283.450979074695,0.531746031746032,1.1458369010737
0.1,500,TRUE,95,"capped_safeguard",126,0.0372385338816194,-0.160034156194089,283.450979074695,0.0238095238095238,0.432184402662883
0.1,500,TRUE,96,"point",126,0.106520849982818,-0.337855224741344,268.025681194246,0,0.508892733055481
0.1,500,TRUE,96,"safeguard",126,1.10609527533536,0.662558063738787,268.025681194246,0.523809523809524,1.0080701754386
0.1,500,TRUE,96,"original_size",126,-2.42057531401253,-0.337489541519732,268.025681194246,0.587301587301587,1.14255884550007
0.1,500,TRUE,96,"capped_safeguard",126,0.0960901699179871,-0.547269706713187,268.025681194246,0.0476190476190476,0.442114644901023
0.1,500,TRUE,97,"point",129,0.0632971370210357,0.141471977047043,277.968921545541,0,0.479233226837061
0.1,500,TRUE,97,"safeguard",129,1.06293048815988,1.13931535727135,277.968921545541,0.472868217054264,0.997830802603037
0.1,500,TRUE,97,"original_size",129,-2.46547187421676,0.139666802388702,277.968921545541,0.488372093023256,0.98876404494382
0.1,500,TRUE,97,"capped_safeguard",129,0.0426631288912407,-0.014367038774734,277.968921545541,0.0232558139534884,0.441696113074205
0.1,500,TRUE,98,"point",119,0.0290190552717733,0.24414517619206,317.216871199769,0,0.504761904761905
0.1,500,TRUE,98,"safeguard",119,1.02865504730678,1.24560987986758,317.216871199769,0.495798319327731,0.993506493506494
0.1,500,TRUE,98,"original_size",119,-2.53788270415844,0.244743831675167,317.216871199769,0.529411764705882,1.07492195629553
0.1,500,TRUE,98,"capped_safeguard",119,0.10323832228156,-0.298865058720184,317.216871199769,0.0336134453781513,0.4516711833785
0.1,500,TRUE,99,"point",129,0.0501717566147798,-0.19773454571541,332.930553534185,0,0.487381703470032
0.1,500,TRUE,99,"safeguard",129,1.0504588508726,0.804244672849227,332.930553534185,0.51937984496124,1.00474576271186
0.1,500,TRUE,99,"original_size",129,-2.45598634258761,-0.195846490767061,332.930553534185,0.534883720930233,1.11806256306761
0.1,500,TRUE,99,"capped_safeguard",129,0.0411121347449105,0.294424608289237,332.930553534185,0.062015503875969,0.44404973357016
0.1,500,TRUE,100,"point",122,-0.0473231731371666,0.152292650429811,281.742417191266,0,0.492409553329426
0.1,500,TRUE,100,"safeguard",122,0.953008812927114,1.15201659705538,281.742417191266,0.450819672131148,0.984729833650382
0.1,500,TRUE,100,"original_size",122,-2.59524687465534,0.151867627662718,281.742417191266,0.532786885245902,1.16644285717945
0.1,500,TRUE,100,"capped_safeguard",122,-0.0403910467036732,-0.108013280157377,281.742417191266,0.0245901639344262,0.490514790463623
0.3,500,TRUE,1,"point",200,0.100855645564716,-0.415573164781135,194.276244540514,0.07,0.725
0.3,500,TRUE,1,"safeguard",200,1.1016685793644,0.583409379912338,194.276244540514,0.445,0.970148514851485
0.3,500,TRUE,1,"original_size",200,-5.14337885590198,-0.413519899740987,194.276244540514,0.965,8.12028233938346
0.3,500,TRUE,1,"capped_safeguard",200,1.08390453129888,0.518008511879543,194.276244540514,0.44,0.969042553191489
0.3,500,TRUE,2,"point",199,-0.0199916328026451,-0.163612411655693,170.737662495811,0.0552763819095477,0.758064516129032
0.3,500,TRUE,2,"safeguard",199,0.982415235101589,0.842546918250565,170.737662495811,0.492462311557789,0.990990990990991
0.3,500,TRUE,2,"original_size",199,-4.95912015361088,-0.159933553595279,170.737662495811,0.969849246231156,9.90243902439024
0.3,500,TRUE,2,"capped_safeguard",199,0.876816695040505,0.45174496045929,170.737662495811,0.482412060301508,0.987577639751553
0.3,500,TRUE,3,"point",199,0.1086144656077,0.23645445460347,180.846798924721,0.0402010050251256,0.738562091503268
0.3,500,TRUE,3,"safeguard",199,1.11234940341173,1.23604075032216,180.846798924721,0.462311557788945,0.98125
0.3,500,TRUE,3,"original_size",199,-4.64386958870214,0.238801440399875,180.846798924721,0.959798994974874,8.75247524752475
0.3,500,TRUE,3,"capped_safeguard",199,0.997850369344063,0.786046834245934,180.846798924721,0.447236180904523,0.972972972972973
0.3,500,TRUE,4,"point",199,-0.0295879059292687,0.625930561498452,241.744379363682,0.0954773869346734,0.752808988764045
0.3,500,TRUE,4,"safeguard",199,0.970385200207512,1.62468452026785,241.744379363682,0.507537688442211,1
0.3,500,TRUE,4,"original_size",199,-5.49312556141477,0.624388635692673,241.744379363682,0.984924623115578,9.5982905982906
0.3,500,TRUE,4,"capped_safeguard",199,0.968238324730202,1.61737707583143,241.744379363682,0.507537688442211,1
0.3,500,TRUE,5,"point",198,-0.0507820972898299,0.246294088765999,222.652448794755,0.0707070707070707,0.748831775700935
0.3,500,TRUE,5,"safeguard",198,0.949752953265335,1.25119776355651,222.652448794755,0.48989898989899,0.99047619047619
0.3,500,TRUE,5,"original_size",198,-5.63779563413053,0.247925685568987,222.652448794755,0.984848484848485,10.0343663274746
0.3,500,TRUE,5,"capped_safeguard",198,0.949752953265335,1.25119776355651,222.652448794755,0.48989898989899,0.99047619047619
0.3,500,TRUE,6,"point",198,-0.000902397277553584,0.0757578619921849,175.929080160623,0.0707070707070707,0.762883914627798
0.3,500,TRUE,6,"safeguard",198,1.00462110915883,1.07997363742196,175.929080160623,0.575757575757576,1.01333570412518
0.3,500,TRUE,6,"original_size",198,-5.1881114135682,0.078922422704923,175.929080160623,0.96969696969697,8.97111698612029
0.3,500,TRUE,6,"capped_safeguard",198,0.821220370769269,0.235255638845404,175.929080160623,0.570707070707071,1.01256697132052
0.3,500,TRUE,7,"point",199,0.105460230592549,0.577362754809802,270.336933658398,0.050251256281407,0.74468085106383
0.3,500,TRUE,7,"safeguard",199,1.10986322500789,1.585438354716,270.336933658398,0.42713567839196,0.977900552486188
0.3,500,TRUE,7,"original_size",199,-5.82701648688384,0.585832311423376,270.336933658398,0.984924623115578,9.86021505376344
0.3,500,TRUE,7,"capped_safeguard",199,1.10986322500789,1.585438354716,270.336933658398,0.42713567839196,0.977900552486188
0.3,500,TRUE,8,"point",199,0.0763408870807439,0.380092528175743,178.648632891393,0.0603015075376884,0.741496598639456
0.3,500,TRUE,8,"safeguard",199,1.07541238225433,1.37359602354044,178.648632891393,0.5678391959799,1.01538461538462
0.3,500,TRUE,8,"original_size",199,-4.99629371947526,0.380712850266694,178.648632891393,0.969849246231156,9.07317073170732
0.3,500,TRUE,8,"capped_safeguard",199,0.942767091525673,0.655257600233517,178.648632891393,0.562814070351759,1.01515151515152
0.3,500,TRUE,9,"point",199,0.068675174272288,-0.0614713367925185,259.737831987665,0.0452261306532663,0.73134328358209
0.3,500,TRUE,9,"safeguard",199,1.07243123559228,0.943550322451495,259.737831987665,0.457286432160804,0.977011494252874
0.3,500,TRUE,9,"original_size",199,-5.61877567360946,-0.0583164233042285,259.737831987665,0.994974874371859,7.83333333333333
0.3,500,TRUE,9,"capped_safeguard",199,1.07243123559228,0.943550322451495,259.737831987665,0.457286432160804,0.977011494252874
0.3,500,TRUE,10,"point",199,0.020057908011516,0.182668672920815,220.557602989686,0.0703517587939698,0.773333333333333
0.3,500,TRUE,10,"safeguard",199,1.01567769205527,1.18449273787913,220.557602989686,0.537688442211055,1.00917431192661
0.3,500,TRUE,10,"original_size",199,-5.88068118307443,0.182759139640641,220.557602989686,0.989949748743719,9.51655629139073
0.3,500,TRUE,10,"capped_safeguard",199,1.00982471052983,1.16157530423485,220.557602989686,0.537688442211055,1.00917431192661
0.3,500,TRUE,11,"point",199,-0.0356382164237972,-0.0183203706762166,180.927405042384,0.110552763819095,0.783333333333333
0.3,500,TRUE,11,"safeguard",199,0.966703297036308,0.97499347634816,180.927405042384,0.532663316582915,1.00813008130081
0.3,500,TRUE,11,"original_size",199,-5.52134563759862,-0.0238708774420571,180.927405042384,0.979899497487437,9.93548387096774
0.3,500,TRUE,11,"capped_safeguard",199,0.732877732531457,-0.0473367035971139,180.927405042384,0.527638190954774,1.00512820512821
0.3,500,TRUE,12,"point",199,-0.0745689480463532,-0.344109152515869,208.428257863047,0.0954773869346734,0.7625
0.3,500,TRUE,12,"safeguard",199,0.92796768453138,0.660721914564795,208.428257863047,0.492462311557789,0.991735537190083
0.3,500,TRUE,12,"original_size",199,-5.96206532376583,-0.33251052794723,208.428257863047,0.974874371859296,11.7709923664122
0.3,500,TRUE,12,"capped_safeguard",199,0.91511487513344,0.607635726160405,208.428257863047,0.487437185929648,0.990825688073395
0.3,500,TRUE,13,"point",200,-0.149457259659794,-0.263442723421924,236.306713801395,0.05,0.754321218349995
0.3,500,TRUE,13,"safeguard",200,0.848644362604971,0.741878905460811,236.306713801395,0.49,0.99329728763573
0.3,500,TRUE,13,"original_size",200,-5.67300085465743,-0.262164875174779,236.306713801395,0.985,8.73188405797101
0.3,500,TRUE,13,"capped_safeguard",200,0.848644362604971,0.741878905460811,236.306713801395,0.49,0.99329728763573
0.3,500,TRUE,14,"point",199,0.0903358577700517,-0.0825008732844273,163.464302572803,0.0351758793969849,0.7625
0.3,500,TRUE,14,"safeguard",199,1.09211541546704,0.917867365575832,163.464302572803,0.532663316582915,1
0.3,500,TRUE,14,"original_size",199,-4.86150889525083,-0.08495185651041,163.464302572803,0.959798994974874,9.27624309392265
0.3,500,TRUE,14,"capped_safeguard",199,1.06355719183366,0.806267264455923,163.464302572803,0.532663316582915,1
0.3,500,TRUE,15,"point",199,0.0680933414439125,-0.232301014346769,233.37525414307,0.0753768844221105,0.747058823529412
0.3,500,TRUE,15,"safeguard",199,1.06532403368094,0.768485393347699,233.37525414307,0.467336683417085,0.982758620689655
0.3,500,TRUE,15,"original_size",199,-5.839204158026,-0.224941751150067,233.37525414307,0.994974874371859,9.90551181102362
0.3,500,TRUE,15,"capped_safeguard",199,1.05456225416262,0.700537239109957,233.37525414307,0.462311557788945,0.981481481481482
0.3,500,TRUE,16,"point",200,-0.0965504483448978,0.000963946968825891,174.478266563934,0.065,0.730979381443299
0.3,500,TRUE,16,"safeguard",200,0.902749427823772,1.00041327209765,174.478266563934,0.485,0.984090334008097
0.3,500,TRUE,16,"original_size",200,-5.00801571206957,0.00252684702620231,174.478266563934,0.955,7.94253144654088
0.3,500,TRUE,16,"capped_safeguard",200,0.81289106335047,0.680794729855718,174.478266563934,0.47,0.979531228583177
0.3,500,TRUE,17,"point",197,0.161546498368068,-0.125313025280827,179.224831887187,0.0710659898477157,0.757281553398058
0.3,500,TRUE,17,"safeguard",197,1.15849238838688,0.872242421849049,179.224831887187,0.431472081218274,0.980582524271845
0.3,500,TRUE,17,"original_size",197,-5.24563277285517,-0.130167187700158,179.224831887187,0.974619289340102,10.4512195121951
0.3,500,TRUE,17,"capped_safeguard",197,1.11272515025943,0.683493356073203,179.224831887187,0.426395939086294,0.97979797979798
0.3,500,TRUE,18,"point",199,-0.0191495363804538,-0.424088583472304,262.443461444759,0.0552763819095477,0.745098039215686
0.3,500,TRUE,18,"safeguard",199,0.979821053648138,0.573507769444506,262.443461444759,0.457286432160804,0.978260869565217
0.3,500,TRUE,18,"original_size",199,-5.7220587260058,-0.423408270080761,262.443461444759,0.984924623115578,9.69736842105263
0.3,500,TRUE,18,"capped_safeguard",199,0.979821053648138,0.573507769444506,262.443461444759,0.457286432160804,0.978260869565217
0.3,500,TRUE,19,"point",199,-0.114370073205248,0.0171900239559363,219.809720105837,0.0804020100502513,0.763779527559055
0.3,500,TRUE,19,"safeguard",199,0.882896818332829,1.01572495805661,219.809720105837,0.482412060301508,0.99163179916318
0.3,500,TRUE,19,"original_size",199,-5.98681775621268,0.0176853501679841,219.809720105837,0.984924623115578,9.73563218390805
0.3,500,TRUE,19,"capped_safeguard",199,0.882896818332829,1.01572495805661,219.809720105837,0.482412060301508,0.99163179916318
0.3,500,TRUE,20,"point",199,0.0287263011580745,0.369366922323517,211.79208250511,0.0552763819095477,0.746031746031746
0.3,500,TRUE,20,"safeguard",199,1.03395313197292,1.36876329818118,211.79208250511,0.487437185929648,0.984496124031008
0.3,500,TRUE,20,"original_size",199,-5.86105058810997,0.364929052629007,211.79208250511,0.984924623115578,9.58928571428571
0.3,500,TRUE,20,"capped_safeguard",199,0.83291613094616,0.262312514742519,211.79208250511,0.482412060301508,0.984313725490196
0.3,500,TRUE,21,"point",199,0.050125485297805,0.438503918525732,251.269887772045,0.0552763819095477,0.755395683453237
0.3,500,TRUE,21,"safeguard",199,1.04961424709784,1.43123270108785,251.269887772045,0.507537688442211,1
0.3,500,TRUE,21,"original_size",199,-5.91471963417613,0.431523507508116,251.269887772045,0.994974874371859,8.31313131313131
0.3,500,TRUE,21,"capped_safeguard",199,1.04961424709784,1.43123270108785,251.269887772045,0.507537688442211,1
0.3,500,TRUE,22,"point",196,0.129569803705989,0.401947158697544,233.8153815959,0.0510204081632653,0.75261737722612
0.3,500,TRUE,22,"safeguard",196,1.13108333933185,1.40759936677786,233.8153815959,0.510204081632653,1
0.3,500,TRUE,22,"original_size",196,-5.51345101291651,0.402330179386775,233.8153815959,0.98469387755102,8.40856892395354
0.3,500,TRUE,22,"capped_safeguard",196,1.12047311609075,1.35317559651585,233.8153815959,0.510204081632653,1
0.3,500,TRUE,23,"point",198,-0.0346398786718896,0.0994926569388065,172.531396111004,0.0707070707070707,0.786057692307692
0.3,500,TRUE,23,"safeguard",198,0.966256537311557,1.10607469980348,172.531396111004,0.565656565656566,1.02056677593317
0.3,500,TRUE,23,"original_size",198,-5.28857676577166,0.102931471555143,172.531396111004,0.97979797979798,8.46663261831801
0.3,500,TRUE,23,"capped_safeguard",198,0.781019263467543,0.344690234166207,172.531396111004,0.560606060606061,1.01969775251873
0.3,500,TRUE,24,"point",198,-0.0307240611889641,-0.0812598640288354,195.047339619891,0.0909090909090909,0.772208835341365
0.3,500,TRUE,24,"safeguard",198,0.972127160987046,0.913696800772196,195.047339619891,0.565656565656566,1.02565359477124
0.3,500,TRUE,24,"original_size",198,-5.55000912445409,-0.0859117125519586,195.047339619891,0.964646464646465,10.5313714063714
0.3,500,TRUE,24,"capped_safeguard",198,0.926207493153366,0.761555843807931,195.047339619891,0.560606060606061,1.02330316742081
0.3,500,TRUE,25,"point",197,0.0818759986217418,-0.280379359108972,189.940963412187,0.050761421319797,0.776470588235294
0.3,500,TRUE,25,"safeguard",197,1.0811555441694,0.724752966229489,189.940963412187,0.573604060913706,1.01219512195122
0.3,500,TRUE,25,"original_size",197,-5.15902331216843,-0.279106040231944,189.940963412187,0.979695431472081,9.80503144654088
0.3,500,TRUE,25,"capped_safeguard",197,0.867665627931552,-0.210337056411089,189.940963412187,0.573604060913706,1.01219512195122
0.3,500,TRUE,26,"point",197,-0.0721810937317288,-0.226277525488833,215.055878194192,0.0558375634517767,0.737864077669903
0.3,500,TRUE,26,"safeguard",197,0.925862785688498,0.783777409010107,215.055878194192,0.446700507614213,0.978494623655914
0.3,500,TRUE,26,"original_size",197,-5.27226235937545,-0.224772171554925,215.055878194192,0.974619289340102,8.703125
0.3,500,TRUE,26,"capped_safeguard",197,0.905368368535234,0.688512188644107,215.055878194192,0.446700507614213,0.978494623655914
0.3,500,TRUE,27,"point",200,-0.098684565802271,-0.20277718385194,166.352206587219,0.045,0.754769955319406
0.3,500,TRUE,27,"safeguard",200,0.899253257071444,0.796425207933407,166.352206587219,0.525,1
0.3,500,TRUE,27,"original_size",200,-4.97867750530573,-0.206360521015964,166.352206587219,0.97,7.87043499937679
0.3,500,TRUE,27,"capped_safeguard",200,0.812044193750031,0.414104715059405,166.352206587219,0.525,1
0.3,500,TRUE,28,"point",198,-0.226389658329913,-0.223029568240225,249.163886196908,0.0606060606060606,0.767364154250657
0.3,500,TRUE,28,"safeguard",198,0.776904055990905,0.781728120223106,249.163886196908,0.54040404040404,1.00494847365351
0.3,500,TRUE,28,"original_size",198,-5.98460012947136,-0.218344336795232,249.163886196908,0.98989898989899,9.83795782463929
0.3,500,TRUE,28,"capped_safeguard",198,0.776349398627822,0.778384575939821,249.163886196908,0.54040404040404,1.00494847365351
0.3,500,TRUE,29,"point",195,-0.0747669543684173,-0.0409048533790809,198.292360857908,0.0717948717948718,0.753246753246753
0.3,500,TRUE,29,"safeguard",195,0.923737281451925,0.953471995792144,198.292360857908,0.466666666666667,0.981366459627329
0.3,500,TRUE,29,"original_size",195,-5.41447205533781,-0.0446181228939605,198.292360857908,0.969230769230769,8.63095238095238
0.3,500,TRUE,29,"capped_safeguard",195,0.923737281451925,0.953471995792144,198.292360857908,0.466666666666667,0.981366459627329
0.3,500,TRUE,30,"point",196,-0.170695551847921,-0.176657072605569,176.372432709784,0.0714285714285714,0.763930348258707
0.3,500,TRUE,30,"safeguard",196,0.826995394894234,0.82797525750912,176.372432709784,0.561224489795918,1.0097317936301
0.3,500,TRUE,30,"original_size",196,-5.34665435705356,-0.177062878260745,176.372432709784,0.964285714285714,8.93568376068376
0.3,500,TRUE,30,"capped_safeguard",196,0.725161316991278,0.261232003128835,176.372432709784,0.561224489795918,1.0097317936301
0.3,500,TRUE,31,"point",199,-0.137646163537604,0.0808689930921441,212.708359440502,0.0703517587939698,0.771428571428571
0.3,500,TRUE,31,"safeguard",199,0.86027433961183,1.08015578275889,212.708359440502,0.517587939698492,1
0.3,500,TRUE,31,"original_size",199,-5.55307112680389,0.0841937735393108,212.708359440502,0.974874371859296,9.17021276595745
0.3,500,TRUE,31,"capped_safeguard",199,0.779599607969748,0.594502399917338,212.708359440502,0.512562814070352,1
0.3,500,TRUE,32,"point",198,0.0909407093709134,0.278002414671602,204.373956228296,0.0656565656565657,0.76260593220339
0.3,500,TRUE,32,"safeguard",198,1.09525341676427,1.26840302473688,204.373956228296,0.505050505050505,1
0.3,500,TRUE,32,"original_size",198,-5.02463685366259,0.272373794323111,204.373956228296,0.984848484848485,9.90746268656716
0.3,500,TRUE,32,"capped_safeguard",198,1.09525341676427,1.26840302473688,204.373956228296,0.505050505050505,1
0.3,500,TRUE,33,"point",200,-0.0925223321545076,-0.238525473603581,182.878639376327,0.06,0.753155680224404
0.3,500,TRUE,33,"safeguard",200,0.909356120034109,0.758345809008703,182.878639376327,0.48,0.989950758717717
0.3,500,TRUE,33,"original_size",200,-5.6601050537465,-0.234950829431103,182.878639376327,0.98,8.91788186772721
0.3,500,TRUE,33,"capped_safeguard",200,0.878087234857068,0.643182326919442,182.878639376327,0.47,0.988127950398084
0.3,500,TRUE,34,"point",200,0.135138445044783,0.450987653116092,227.356394940422,0.045,0.744315245478036
0.3,500,TRUE,34,"safeguard",200,1.13633724641687,1.44134972059302,227.356394940422,0.465,0.980439980870397
0.3,500,TRUE,34,"original_size",200,-5.51063639098126,0.441434109212146,227.356394940422,0.99,8.86446629213483
0.3,500,TRUE,34,"capped_safeguard",200,0.942933288526116,0.385999946252244,227.356394940422,0.46,0.979557780559032
0.3,500,TRUE,35,"point",199,0.107878804809087,0.0985893902868811,193.616131758889,0.0301507537688442,0.771186440677966
0.3,500,TRUE,35,"safeguard",199,1.10879197576463,1.09628822249282,193.616131758889,0.50251256281407,1
0.3,500,TRUE,35,"original_size",199,-5.31335099480997,0.0962022187638493,193.616131758889,0.989949748743719,10.6011560693642
0.3,500,TRUE,35,"capped_safeguard",199,1.03288867778802,0.766399223674232,193.616131758889,0.49748743718593,0.98989898989899
0.3,500,TRUE,36,"point",200,-0.111626384710811,-0.199984979639651,192.484942516104,0.045,0.757054848966614
0.3,500,TRUE,36,"safeguard",200,0.88556748235765,0.79848489991297,192.484942516104,0.485,0.991227395151982
0.3,500,TRUE,36,"original_size",200,-5.30049304326941,-0.200885934262688,192.484942516104,0.96,10.0240655401946
0.3,500,TRUE,36,"capped_safeguard",200,0.754943302054664,0.270969449359186,192.484942516104,0.475,0.987564092752736
0.3,500,TRUE,37,"point",199,-0.0659988886045721,-0.190614393729343,295.597753500212,0.0703517587939698,0.747252747252747
0.3,500,TRUE,37,"safeguard",199,0.937564252737792,0.822552842454144,295.597753500212,0.447236180904523,0.983050847457627
0.3,500,TRUE,37,"original_size",199,-5.7480408371267,-0.183515652222055,295.597753500212,0.979899497487437,8.88372093023256
0.3,500,TRUE,37,"capped_safeguard",199,0.937564252737792,0.822552842454144,295.597753500212,0.447236180904523,0.983050847457627
0.3,500,TRUE,38,"point",200,0.0820697634213449,0.173469246784357,174.273425834793,0.065,0.744173441734417
0.3,500,TRUE,38,"safeguard",200,1.07834124570847,1.17201408124816,174.273425834793,0.555,1.01064311594203
0.3,500,TRUE,38,"original_size",200,-4.76688317908978,0.175465003613047,174.273425834793,0.97,8.4901307871299
0.3,500,TRUE,38,"capped_safeguard",200,1.05446543419671,1.10475055238117,174.273425834793,0.555,1.01064311594203
0.3,500,TRUE,39,"point",200,0.0300563606416631,0.0240477707959201,248.17327254072,0.065,0.766637856525497
0.3,500,TRUE,39,"safeguard",200,1.02908194801787,1.0259914734743,248.17327254072,0.54,1
0.3,500,TRUE,39,"original_size",200,-5.61021248960799,0.0199231200376609,248.17327254072,0.99,9.73161764705882
0.3,500,TRUE,39,"capped_safeguard",200,1.01055396232176,0.933544404376596,248.17327254072,0.535,1
0.3,500,TRUE,40,"point",200,-0.222849631826538,0.168480399451699,296.717143648982,0.085,0.760526779422128
0.3,500,TRUE,40,"safeguard",200,0.783805454487073,1.18914873859981,296.717143648982,0.475,0.987989067894131
0.3,500,TRUE,40,"original_size",200,-6.50526946312735,0.175368555159587,296.717143648982,1,9.08074289761549
0.3,500,TRUE,40,"capped_safeguard",200,0.783805454487073,1.18914873859981,296.717143648982,0.475,0.987989067894131
0.3,500,TRUE,41,"point",199,-0.0936935811256315,0.0317545040620196,241.097112439688,0.0753768844221105,0.761904761904762
0.3,500,TRUE,41,"safeguard",199,0.903736683664483,1.02599455851864,241.097112439688,0.557788944723618,1.00699300699301
0.3,500,TRUE,41,"original_size",199,-6.22548845619911,0.0315797535303851,241.097112439688,0.994974874371859,10.1496062992126
0.3,500,TRUE,41,"capped_safeguard",199,0.876427713474182,0.864361089827935,241.097112439688,0.557788944723618,1.00699300699301
0.3,500,TRUE,42,"point",200,-0.0817765392944051,-0.114231702507968,238.922054526123,0.085,0.766699653636813
0.3,500,TRUE,42,"safeguard",200,0.916123241667989,0.886583480576081,238.922054526123,0.505,1.00340136054422
0.3,500,TRUE,42,"original_size",200,-5.63065934269001,-0.112678361970344,238.922054526123,0.975,10.3543632075472
0.3,500,TRUE,42,"capped_safeguard",200,0.878265567341486,0.677110903687992,238.922054526123,0.5,0.995614035087719
0.3,500,TRUE,43,"point",198,-0.136386134443154,-0.0638701266420041,199.316981976142,0.0454545454545455,0.775447088879925
0.3,500,TRUE,43,"safeguard",198,0.862441056263026,0.922119403125021,199.316981976142,0.545454545454545,1.00837186492924
0.3,500,TRUE,43,"original_size",198,-5.42203141923863,-0.0666584018223982,199.316981976142,0.974747474747475,9.48483333333333
0.3,500,TRUE,43,"capped_safeguard",198,0.789609245446042,0.569913908845402,199.316981976142,0.545454545454545,1.00837186492924
0.3,500,TRUE,44,"point",200,0.181952315895344,-0.126832848013042,278.882231871766,0.055,0.746594821134561
0.3,500,TRUE,44,"safeguard",200,1.18339191926838,0.881668585844549,278.882231871766,0.47,0.988165266106443
0.3,500,TRUE,44,"original_size",200,-5.6973652691161,-0.120422688479034,278.882231871766,0.99,8.92422545726017
0.3,500,TRUE,44,"capped_safeguard",200,1.16096322654184,0.729433346273051,278.882231871766,0.465,0.987554112554113
0.3,500,TRUE,45,"point",197,-0.066999274711,-0.249911528681992,201.321987398027,0.0456852791878173,0.75625
0.3,500,TRUE,45,"safeguard",197,0.932300307174317,0.754146097033665,201.321987398027,0.522842639593909,1
0.3,500,TRUE,45,"original_size",197,-5.18568084313329,-0.25034959135408,201.321987398027,0.959390862944162,8.01204819277108
0.3,500,TRUE,45,"capped_safeguard",197,0.895279495547774,0.602959394387775,201.321987398027,0.512690355329949,1
0.3,500,TRUE,46,"point",199,0.128105948053371,0.319212296426168,229.27405219768,0.0954773869346734,0.761538461538461
0.3,500,TRUE,46,"safeguard",199,1.1273472199952,1.3157236125728,229.27405219768,0.57286432160804,1.01818181818182
0.3,500,TRUE,46,"original_size",199,-5.35894762364748,0.315132025487593,229.27405219768,0.984924623115578,8.84027777777778
0.3,500,TRUE,46,"capped_safeguard",199,1.04898612112379,0.877107118838291,229.27405219768,0.5678391959799,1.01769911504425
0.3,500,TRUE,47,"point",199,0.0725590509862988,-0.0285617850619062,197.170165919605,0.0552763819095477,0.769230769230769
0.3,500,TRUE,47,"safeguard",199,1.07431373764904,0.97547356678883,197.170165919605,0.527638190954774,1.00847457627119
0.3,500,TRUE,47,"original_size",199,-5.54876515510237,-0.0290527748139651,197.170165919605,0.989949748743719,9.48888888888889
0.3,500,TRUE,47,"capped_safeguard",199,1.03285720958669,0.793861371341618,197.170165919605,0.522613065326633,1.00769230769231
0.3,500,TRUE,48,"point",200,-0.00449665863386044,0.0798213342144091,194.24998899881,0.065,0.750527426160338
0.3,500,TRUE,48,"safeguard",200,1.00061801650596,1.07803841620147,194.24998899881,0.465,0.98719806763285
0.3,500,TRUE,48,"original_size",200,-5.57388378865563,0.0761613934686419,194.24998899881,0.975,10.0785590277778
0.3,500,TRUE,48,"capped_safeguard",200,0.940587009208676,0.808939708863024,194.24998899881,0.46,0.98719806763285
0.3,500,TRUE,49,"point",200,-0.0375977221624875,0.0609390093121163,197.078252568362,0.04,0.760281690140845
0.3,500,TRUE,49,"safeguard",200,0.964146854767064,1.06490084956367,197.078252568362,0.55,1.01384370015949
0.3,500,TRUE,49,"original_size",200,-5.44449510440627,0.0669048275583397,197.078252568362,0.98,8.12958773252891
0.3,500,TRUE,49,"capped_safeguard",200,0.882511843449896,0.66698299329425,197.078252568362,0.545,1.01307692307692
0.3,500,TRUE,50,"point",200,0.0148375548854669,0.402832987209747,228.77092644274,0.105,0.7826481944129
0.3,500,TRUE,50,"safeguard",200,1.01657722536393,1.40693713293141,228.77092644274,0.525,1.0090128407664
0.3,500,TRUE,50,"original_size",200,-5.801083220942,0.407271992471343,228.77092644274,0.975,10.2343344953964
0.3,500,TRUE,50,"capped_safeguard",200,1.00989508638088,1.37432539525424,228.77092644274,0.525,1.0090128407664
0.3,500,TRUE,51,"point",198,0.0803449552945466,0.0481406617642674,208.810290208777,0.0404040404040404,0.755208333333333
0.3,500,TRUE,51,"safeguard",198,1.08511927363104,1.05122947022015,208.810290208777,0.52020202020202,1
0.3,500,TRUE,51,"original_size",198,-5.29364025735866,0.0508585056570367,208.810290208777,0.98989898989899,9.33605015673981
0.3,500,TRUE,51,"capped_safeguard",198,1.03661694959571,0.846770169029047,208.810290208777,0.51010101010101,1
0.3,500,TRUE,52,"point",199,-0.0153110406434945,-0.606662381213409,187.728829836613,0.0402010050251256,0.750798722044728
0.3,500,TRUE,52,"safeguard",199,0.984288204340955,0.401031537248525,187.728829836613,0.49748743718593,0.98876404494382
0.3,500,TRUE,52,"original_size",199,-4.99198813378381,-0.599643852828608,187.728829836613,0.964824120603015,8.7639751552795
0.3,500,TRUE,52,"capped_safeguard",199,0.974443995352145,0.368795210132407,187.728829836613,0.49748743718593,0.98876404494382
0.3,500,TRUE,53,"point",200,-0.0226734725326486,-0.201204200058848,192.195332886844,0.025,0.772868402197277
0.3,500,TRUE,53,"safeguard",200,0.977246228930215,0.801659234706244,192.195332886844,0.56,1.01396593673966
0.3,500,TRUE,53,"original_size",200,-5.59576805810433,-0.19823025407041,192.195332886844,0.98,10.503755737933
0.3,500,TRUE,53,"capped_safeguard",200,0.881775315578666,0.306459157194565,192.195332886844,0.555,1.01396593673966
0.3,500,TRUE,54,"point",198,0.0092464909761759,0.156512744130131,180.963792107706,0.0555555555555556,0.765625
0.3,500,TRUE,54,"safeguard",198,1.00986606375557,1.16325229394817,180.963792107706,0.555555555555556,1.01363524941782
0.3,500,TRUE,54,"original_size",198,-5.32170129960296,0.161207427944416,180.963792107706,0.974747474747475,8.53135926573427
0.3,500,TRUE,54,"capped_safeguard",198,0.812063239116655,0.334497121366373,180.963792107706,0.545454545454545,1.01130589430894
0.3,500,TRUE,55,"point",200,-0.044359290833531,-0.0583213194075862,191.005007925432,0.05,0.749302325581395
0.3,500,TRUE,55,"safeguard",200,0.95738943024221,0.939409477453238,191.005007925432,0.5,0.996644295302013
0.3,500,TRUE,55,"original_size",200,-4.93630072430639,-0.0584877665006746,191.005007925432,0.965,9.46625439812347
0.3,500,TRUE,55,"capped_safeguard",200,0.926606431134051,0.833028003506253,191.005007925432,0.495,0.992219516540952
0.3,500,TRUE,56,"point",197,-0.000174124675399773,-0.185246884937497,234.107163410409,0.0406091370558376,0.761111111111111
0.3,500,TRUE,56,"safeguard",197,1.00190401828254,0.804462835409374,234.107163410409,0.477157360406091,0.986842105263158
0.3,500,TRUE,56,"original_size",197,-5.98667553699402,-0.182810606312858,234.107163410409,0.989847715736041,9.63709677419355
0.3,500,TRUE,56,"capped_safeguard",197,0.993206049249156,0.758181602358428,234.107163410409,0.477157360406091,0.986842105263158
0.3,500,TRUE,57,"point",199,0.0106225353670334,0.0128895038398234,202.159629990595,0.0452261306532663,0.740384615384615
0.3,500,TRUE,57,"safeguard",199,1.00763746686142,1.01074551462751,202.159629990595,0.467336683417085,0.984732824427481
0.3,500,TRUE,57,"original_size",199,-5.6611496155499,0.0124018856183607,202.159629990595,0.989949748743719,8.04705882352941
0.3,500,TRUE,57,"capped_safeguard",199,0.979957260021339,0.888060930923327,202.159629990595,0.467336683417085,0.984732824427481
0.3,500,TRUE,58,"point",198,-0.019552364122144,-0.0846173044867276,208.060346056866,0.0353535353535354,0.761467889908257
0.3,500,TRUE,58,"safeguard",198,0.982447275226961,0.916983727861241,208.060346056866,0.474747474747475,0.987950058072009
0.3,500,TRUE,58,"original_size",198,-5.33053692281871,-0.0837766928322265,208.060346056866,0.97979797979798,8.85036746692798
0.3,500,TRUE,58,"capped_safeguard",198,0.891203336598847,0.482378057800388,208.060346056866,0.46969696969697,0.987005887300252
0.3,500,TRUE,59,"point",199,0.0710959118764208,-0.121206990640566,260.609164219049,0.085427135678392,0.765217391304348
0.3,500,TRUE,59,"safeguard",199,1.06794759258368,0.876458451973817,260.609164219049,0.517587939698492,1
0.3,500,TRUE,59,"original_size",199,-5.75005191913764,-0.125261916359462,260.609164219049,0.984924623115578,9.34567901234568
0.3,500,TRUE,59,"capped_safeguard",199,1.06794759258368,0.876458451973817,260.609164219049,0.517587939698492,1
0.3,500,TRUE,60,"point",200,-0.190220239384802,-0.339174826521754,164.121165960288,0.095,0.752748580403528
0.3,500,TRUE,60,"safeguard",200,0.810976959723512,0.664952636602542,164.121165960288,0.51,1
0.3,500,TRUE,60,"original_size",200,-4.9583571143436,-0.336235230719995,164.121165960288,0.965,9.04956871085903
0.3,500,TRUE,60,"capped_safeguard",200,0.76751258200369,0.509509908887385,164.121165960288,0.51,1
0.3,500,TRUE,61,"point",198,0.0652781692334785,-0.0951041149950751,186.74962965129,0.0555555555555556,0.762374860956618
0.3,500,TRUE,61,"safeguard",198,1.06750388750774,0.908640389347154,186.74962965129,0.53030303030303,1.00335570469799
0.3,500,TRUE,61,"original_size",198,-4.69059136281911,-0.0914191115616284,186.74962965129,0.974747474747475,8.92072213500785
0.3,500,TRUE,61,"capped_safeguard",198,1.04446806236797,0.80022669653388,186.74962965129,0.525252525252525,1
0.3,500,TRUE,62,"point",199,0.0493249265177668,0.0320129060355459,246.368251364385,0.0603015075376884,0.754901960784314
0.3,500,TRUE,62,"safeguard",199,1.04953506939495,1.02861357460217,246.368251364385,0.477386934673367,0.985074626865672
0.3,500,TRUE,62,"original_size",199,-5.81846730041792,0.030719803891962,246.368251364385,0.989949748743719,9.65656565656566
0.3,500,TRUE,62,"capped_safeguard",199,1.04953506939495,1.02861357460217,246.368251364385,0.477386934673367,0.985074626865672
0.3,500,TRUE,63,"point",199,-0.182950535369091,-0.0220170003648718,191.634013134694,0.085427135678392,0.746268656716418
0.3,500,TRUE,63,"safeguard",199,0.822255103426183,0.979039730817777,191.634013134694,0.477386934673367,0.987951807228916
0.3,500,TRUE,63,"original_size",199,-5.05307717046347,-0.0258834015547224,191.634013134694,0.969849246231156,8.2436974789916
0.3,500,TRUE,63,"capped_safeguard",199,0.722608821749323,0.585449235020368,191.634013134694,0.472361809045226,0.984
0.3,500,TRUE,64,"point",198,0.0106254587507105,-0.143978729959188,258.056331873066,0.0656565656565657,0.771428571428571
0.3,500,TRUE,64,"safeguard",198,1.00800665538724,0.842354809060279,258.056331873066,0.51010101010101,1
0.3,500,TRUE,64,"original_size",198,-6.03105456585151,-0.165263495994067,258.056331873066,0.98989898989899,9.60292458910732
0.3,500,TRUE,64,"capped_safeguard",198,1.00805040279906,0.844249666004669,258.056331873066,0.51010101010101,1
0.3,500,TRUE,65,"point",200,-0.0848717097568524,0.297096601889059,279.857158854247,0.06,0.750598086124402
0.3,500,TRUE,65,"safeguard",200,0.915534649961279,1.29647985018163,279.857158854247,0.505,1
0.3,500,TRUE,65,"original_size",200,-5.61675771992632,0.300291401395291,279.857158854247,0.985,8.82615064374374
0.3,500,TRUE,65,"capped_safeguard",200,0.915534649961279,1.29647985018163,279.857158854247,0.505,1
0.3,500,TRUE,66,"point",198,0.0243062036995853,0.0806928272323335,180.347267987909,0.0757575757575758,0.764576802507837
0.3,500,TRUE,66,"safeguard",198,1.02203908732103,1.07923938910959,180.347267987909,0.555555555555556,1.01081454210769
0.3,500,TRUE,66,"original_size",198,-4.92809480759284,0.0828070915071821,180.347267987909,0.97979797979798,9.70350633789494
0.3,500,TRUE,66,"capped_safeguard",198,0.95327905478198,0.86610549531973,180.347267987909,0.55050505050505,1.00884921253703
0.3,500,TRUE,67,"point",200,-0.0400896553143881,-0.150174306060772,232.84384292353,0.06,0.75316658649992
0.3,500,TRUE,67,"safeguard",200,0.964236958536907,0.853980328590598,232.84384292353,0.465,0.987718505123568
0.3,500,TRUE,67,"original_size",200,-5.65307653586155,-0.14269549143944,232.84384292353,0.995,8.73288894997251
0.3,500,TRUE,67,"capped_safeguard",200,0.901165137327787,0.570609657851465,232.84384292353,0.46,0.987341772151899
0.3,500,TRUE,68,"point",198,0.0891175659263334,0.210618217368473,196.170677420375,0.0757575757575758,0.787587693154202
0.3,500,TRUE,68,"safeguard",198,1.0856154722153,1.20986092442198,196.170677420375,0.580808080808081,1.02180353122408
0.3,500,TRUE,68,"original_size",198,-5.37567164685494,0.211733354759273,196.170677420375,0.984848484848485,10.2126462646265
0.3,500,TRUE,68,"capped_safeguard",198,1.0856154722153,1.20986092442198,196.170677420375,0.580808080808081,1.02180353122408
0.3,500,TRUE,69,"point",198,0.132224325902825,-0.186034820090151,273.750817649746,0.0555555555555556,0.755826558265583
0.3,500,TRUE,69,"safeguard",198,1.13613605971697,0.794595287355014,273.750817649746,0.52020202020202,1.00591127851015
0.3,500,TRUE,69,"original_size",198,-5.5253687094238,-0.195558623110844,273.750817649746,0.98989898989899,10.5013163919414
0.3,500,TRUE,69,"capped_safeguard",198,1.09677041319951,0.58585197973945,273.750817649746,0.515151515151515,1
0.3,500,TRUE,70,"point",197,0.00938629152110182,0.308834040426605,193.050430275339,0.065989847715736,0.763440860215054
0.3,500,TRUE,70,"safeguard",197,1.00711663620874,1.30923022320749,193.050430275339,0.573604060913706,1.01851851851852
0.3,500,TRUE,70,"original_size",197,-5.1252426599993,0.308820626860795,193.050430275339,0.979695431472081,8.89928057553957
0.3,500,TRUE,70,"capped_safeguard",197,0.955390136294198,1.10621633767274,193.050430275339,0.568527918781726,1.01709401709402
0.3,500,TRUE,71,"point",200,-0.0365186454364641,0.110855778468575,176.037349428628,0.07,0.765068990559187
0.3,500,TRUE,71,"safeguard",200,0.962950608101463,1.10681244811844,176.037349428628,0.52,1.01036965398668
0.3,500,TRUE,71,"original_size",200,-5.31828807231369,0.109014388893518,176.037349428628,0.985,10.2388962765957
0.3,500,TRUE,71,"capped_safeguard",200,0.762918814594526,0.336940955683737,176.037349428628,0.515,1.00883838383838
0.3,500,TRUE,72,"point",199,-0.0142942486012042,0.0881889418341077,230.705868715435,0.0452261306532663,0.770642201834862
0.3,500,TRUE,72,"safeguard",199,0.981503337189602,1.08264108268102,230.705868715435,0.562814070351759,1.01538461538462
0.3,500,TRUE,72,"original_size",199,-5.65912516312024,0.0856306705370225,230.705868715435,0.974874371859296,10.82
0.3,500,TRUE,72,"capped_safeguard",199,0.947497315029202,0.876513982780029,230.705868715435,0.557788944723618,1.0126582278481
0.3,500,TRUE,73,"point",200,-0.139200221756472,0.237593597447063,236.90855775987,0.09,0.754819733240142
0.3,500,TRUE,73,"safeguard",200,0.860839613076956,1.23836891518167,236.90855775987,0.51,1
0.3,500,TRUE,73,"original_size",200,-6.03316805859941,0.235455115924146,236.90855775987,0.99,9.61651126651127
0.3,500,TRUE,73,"capped_safeguard",200,0.860839613076956,1.23836891518167,236.90855775987,0.51,1
0.3,500,TRUE,74,"point",199,0.0610032787735151,0.665755840902275,193.631015523124,0.0703517587939698,0.783132530120482
0.3,500,TRUE,74,"safeguard",199,1.06055769068005,1.66784746851907,193.631015523124,0.527638190954774,1
0.3,500,TRUE,74,"original_size",199,-5.19723490923625,0.669846333061125,193.631015523124,0.974874371859296,10.4468085106383
0.3,500,TRUE,74,"capped_safeguard",199,0.880893172419626,0.879820766855836,193.631015523124,0.517587939698492,1
0.3,500,TRUE,75,"point",199,-0.152111204318179,-0.262844356138639,182.945709042074,0.0804020100502513,0.740740740740741
0.3,500,TRUE,75,"safeguard",199,0.847016461041283,0.753542717062085,182.945709042074,0.477386934673367,0.990654205607477
0.3,500,TRUE,75,"original_size",199,-5.09132421715897,-0.250141989247824,182.945709042074,0.974874371859296,8.47747747747748
0.3,500,TRUE,75,"capped_safeguard",199,0.745545880334785,0.286226684813547,182.945709042074,0.477386934673367,0.990654205607477
0.3,500,TRUE,76,"point",198,0.149258165228592,-0.230007185255781,207.0887086942,0.0555555555555556,0.772077922077922
0.3,500,TRUE,76,"safeguard",198,1.15104921251044,0.77331352244615,207.0887086942,0.515151515151515,1.00253807106599
0.3,500,TRUE,76,"original_size",198,-5.51019071910557,-0.223896989391818,207.0887086942,0.98989898989899,10.9870768110666
0.3,500,TRUE,76,"capped_safeguard",198,1.01220227344843,0.0177042103904898,207.0887086942,0.505050505050505,1
0.3,500,TRUE,77,"point",200,0.0217596908274652,0.22597211184005,157.075923768981,0.08,0.747448979591837
0.3,500,TRUE,77,"safeguard",200,1.02016940458842,1.22528587028437,157.075923768981,0.52,1
0.3,500,TRUE,77,"original_size",200,-4.54142192045421,0.225962697657603,157.075923768981,0.965,10.2292663476874
0.3,500,TRUE,77,"capped_safeguard",200,0.911707119291228,0.868531789723257,157.075923768981,0.505,1
0.3,500,TRUE,78,"point",198,0.0330119458773386,-0.308114331932474,252.268473287875,0.0757575757575758,0.761238502396683
0.3,500,TRUE,78,"safeguard",198,1.037483873341,0.684119802868549,252.268473287875,0.53030303030303,1.01103699211643
0.3,500,TRUE,78,"original_size",198,-5.862488186942,-0.314309299495611,252.268473287875,0.98989898989899,10.2258986365514
0.3,500,TRUE,78,"capped_safeguard",198,1.037483873341,0.684119802868549,252.268473287875,0.53030303030303,1.01103699211643
0.3,500,TRUE,79,"point",197,-0.00858998590166618,0.170564894768688,224.069517846911,0.0710659898477157,0.743589743589744
0.3,500,TRUE,79,"safeguard",197,0.992798874412233,1.16701179779068,224.069517846911,0.416243654822335,0.963963963963964
0.3,500,TRUE,79,"original_size",197,-6.0243658969131,0.166324574844302,224.069517846911,0.979695431472081,10.2313432835821
0.3,500,TRUE,79,"capped_safeguard",197,0.923764994116934,0.867549101489054,224.069517846911,0.416243654822335,0.963963963963964
0.3,500,TRUE,80,"point",200,-0.0166494005313568,0.148401935961224,176.294509122456,0.07,0.745464044837086
0.3,500,TRUE,80,"safeguard",200,0.985954469203931,1.14639811576664,176.294509122456,0.52,1.00940075549451
0.3,500,TRUE,80,"original_size",200,-5.06323611535906,0.145979729743503,176.294509122456,0.985,8.13232323232323
0.3,500,TRUE,80,"capped_safeguard",200,0.887931221222036,0.757102139411242,176.294509122456,0.52,1.00940075549451
0.3,500,TRUE,81,"point",198,0.117624367195668,-0.00750757417325539,171.66866479084,0.0252525252525253,0.741404428904429
0.3,500,TRUE,81,"safeguard",198,1.1189726452012,0.995226221242448,171.66866479084,0.454545454545455,0.982360537190083
0.3,500,TRUE,81,"original_size",198,-4.95306524736859,-0.00246467789657758,171.66866479084,0.974747474747475,9.41824686940966
0.3,500,TRUE,81,"capped_safeguard",198,1.01797658503996,0.6530457601668,171.66866479084,0.444444444444444,0.978136200716846
0.3,500,TRUE,82,"point",197,0.144692106819415,-0.358545025388428,181.366003267477,0.050761421319797,0.75092936802974
0.3,500,TRUE,82,"safeguard",197,1.14532837492757,0.637381866949915,181.366003267477,0.482233502538071,0.978723404255319
0.3,500,TRUE,82,"original_size",197,-5.26189898131888,-0.356343710565881,181.366003267477,0.969543147208122,8.57142857142857
0.3,500,TRUE,82,"capped_safeguard",197,1.0033767236705,0.0201050652557497,181.366003267477,0.472081218274112,0.975903614457831
0.3,500,TRUE,83,"point",199,0.0718869359147241,0.070313262131497,191.190749327752,0.0804020100502513,0.758389261744966
0.3,500,TRUE,83,"safeguard",199,1.07649577158854,1.06813342210936,191.190749327752,0.482412060301508,0.990825688073395
0.3,500,TRUE,83,"original_size",199,-5.30689124852593,0.071657569744809,191.190749327752,0.969849246231156,9.89473684210526
0.3,500,TRUE,83,"capped_safeguard",199,1.06871681106205,1.03658256974505,191.190749327752,0.477386934673367,0.990825688073395
0.3,500,TRUE,84,"point",199,0.0331397477084045,-0.0816864833572147,209.404800824838,0.0603015075376884,0.754385964912281
0.3,500,TRUE,84,"safeguard",199,1.03301031816613,0.925434303932628,209.404800824838,0.507537688442211,1
0.3,500,TRUE,84,"original_size",199,-5.32794320687253,-0.0814576192617525,209.404800824838,0.979899497487437,9.36134453781513
0.3,500,TRUE,84,"capped_safeguard",199,1.00158249437664,0.797272661949506,209.404800824838,0.50251256281407,1
0.3,500,TRUE,85,"point",198,0.0178764102614898,0.0438835033015294,213.154022902133,0.0606060606060606,0.74596674112683
0.3,500,TRUE,85,"safeguard",198,1.01464505041159,1.04022287546152,213.154022902133,0.52020202020202,1.01069794050343
0.3,500,TRUE,85,"original_size",198,-5.46610696747876,0.0396345354159348,213.154022902133,0.98989898989899,9.43466993998909
0.3,500,TRUE,85,"capped_safeguard",198,1.01464505041159,1.04022287546152,213.154022902133,0.52020202020202,1.01069794050343
0.3,500,TRUE,86,"point",199,0.125599160643049,0.19474651811648,169.499591560045,0.0351758793969849,0.75
0.3,500,TRUE,86,"safeguard",199,1.12427054420134,1.19969572795762,169.499591560045,0.522613065326633,1
0.3,500,TRUE,86,"original_size",199,-4.99510517983685,0.197414495363014,169.499591560045,0.974874371859296,8.52884615384615
0.3,500,TRUE,86,"capped_safeguard",199,0.929994831084494,0.44870879595517,169.499591560045,0.512562814070352,1
0.3,500,TRUE,87,"point",198,-0.0848364708320936,0.0863693033151708,265.0569666055,0.0656565656565657,0.757407407407407
0.3,500,TRUE,87,"safeguard",198,0.905322494265351,1.09032512724747,265.0569666055,0.515151515151515,1
0.3,500,TRUE,87,"original_size",198,-6.08637137827153,0.0819711316752637,265.0569666055,0.98989898989899,9.21345029239766
0.3,500,TRUE,87,"capped_safeguard",198,0.896071791767147,1.0363620596602,265.0569666055,0.515151515151515,1
0.3,500,TRUE,88,"point",199,-0.0284904489313596,0.309246220108059,228.378509383057,0.0452261306532663,0.753846153846154
0.3,500,TRUE,88,"safeguard",199,0.974622147116461,1.31708301258094,228.378509383057,0.517587939698492,1.00719424460432
0.3,500,TRUE,88,"original_size",199,-5.73010980459225,0.316515829514834,228.378509383057,0.984924623115578,9.45333333333333
0.3,500,TRUE,88,"capped_safeguard",199,0.817623118751076,0.36871556982193,228.378509383057,0.512562814070352,1
0.3,500,TRUE,89,"point",200,-0.0540234164886194,-0.263335877401105,244.296036124125,0.075,0.744070080862534
0.3,500,TRUE,89,"safeguard",200,0.944434269071867,0.739519370022162,244.296036124125,0.475,0.983799029253575
0.3,500,TRUE,89,"original_size",200,-5.87598775016512,-0.263707074847511,244.296036124125,0.985,9.01459854014599
0.3,500,TRUE,89,"capped_safeguard",200,0.944434269071867,0.739519370022162,244.296036124125,0.475,0.983799029253575
0.3,500,TRUE,90,"point",197,-0.0187005063554603,0.220196248513449,202.829163245922,0.065989847715736,0.75
0.3,500,TRUE,90,"safeguard",197,0.982396743196966,1.22266194588599,202.829163245922,0.467005076142132,0.980392156862745
0.3,500,TRUE,90,"original_size",197,-5.47590352257511,0.216226203064672,202.829163245922,0.979695431472081,9.46
0.3,500,TRUE,90,"capped_safeguard",197,0.837307731145499,0.632245647785245,202.829163245922,0.461928934010152,0.98
0.3,500,TRUE,91,"point",199,0.0472346576600453,0.440515636754465,288.586670903773,0.0753768844221105,0.75
0.3,500,TRUE,91,"safeguard",199,1.04156348982085,1.4324114369446,288.586670903773,0.49748743718593,0.991228070175439
0.3,500,TRUE,91,"original_size",199,-6.11144668908607,0.434318381551585,288.586670903773,0.994974874371859,8.25510204081633
0.3,500,TRUE,91,"capped_safeguard",199,1.04156348982085,1.4324114369446,288.586670903773,0.49748743718593,0.991228070175439
0.3,500,TRUE,92,"point",200,-0.106039359279432,-0.12853668559734,204.706996541698,0.075,0.760434782608696
0.3,500,TRUE,92,"safeguard",200,0.897907756498532,0.867113491525049,204.706996541698,0.57,1.01714020245489
0.3,500,TRUE,92,"original_size",200,-5.65822142891965,-0.129536104420835,204.706996541698,0.975,9.00446428571428
0.3,500,TRUE,92,"capped_safeguard",200,0.835070394489336,0.576946616311086,204.706996541698,0.565,1.01620097074643
0.3,500,TRUE,93,"point",200,0.0765154971579088,0.0660175803444977,225.380958398604,0.06,0.758612814824481
0.3,500,TRUE,93,"safeguard",200,1.07758444809403,1.06498029957236,225.380958398604,0.455,0.974021592442645
0.3,500,TRUE,93,"original_size",200,-5.58048041782094,0.0648732647264043,225.380958398604,0.99,10.3037974683544
0.3,500,TRUE,93,"capped_safeguard",200,1.07758444809403,1.06498029957236,225.380958398604,0.455,0.974021592442645
0.3,500,TRUE,94,"point",198,-0.137251025935733,-0.128339381735913,243.795717976721,0.0757575757575758,0.760434782608696
0.3,500,TRUE,94,"safeguard",198,0.860835675684088,0.878060214508548,243.795717976721,0.48989898989899,0.989688552188552
0.3,500,TRUE,94,"original_size",198,-5.62331325101983,-0.120396820523655,243.795717976721,0.98989898989899,9.15199196518246
0.3,500,TRUE,94,"capped_safeguard",198,0.860835675684088,0.878060214508548,243.795717976721,0.48989898989899,0.989688552188552
0.3,500,TRUE,95,"point",199,0.0915968857812063,-0.0707287874178972,222.0844435167,0.0452261306532663,0.767441860465116
0.3,500,TRUE,95,"safeguard",199,1.09084012450424,0.903450677786026,222.0844435167,0.532663316582915,1.01090909090909
0.3,500,TRUE,95,"original_size",199,-5.26399498620902,-0.086605513858884,222.0844435167,0.969849246231156,9.67808219178082
0.3,500,TRUE,95,"capped_safeguard",199,1.08961470852287,0.898474220845811,222.0844435167,0.532663316582915,1.01090909090909
0.3,500,TRUE,96,"point",199,-0.0386416347345112,-0.116569634097336,265.235844974127,0.0452261306532663,0.772151898734177
0.3,500,TRUE,96,"safeguard",199,0.959953578414161,0.881678814473014,265.235844974127,0.603015075376884,1.02307692307692
0.3,500,TRUE,96,"original_size",199,-5.93120193904749,-0.113268639834364,265.235844974127,0.979899497487437,9.67521367521367
0.3,500,TRUE,96,"capped_safeguard",199,0.959953578414161,0.881678814473014,265.235844974127,0.603015075376884,1.02307692307692
0.3,500,TRUE,97,"point",199,0.070536021636243,0.239467752906138,223.397076891272,0.0703517587939698,0.769230769230769
0.3,500,TRUE,97,"safeguard",199,1.0748188246725,1.24177616563958,223.397076891272,0.532663316582915,1.00699300699301
0.3,500,TRUE,97,"original_size",199,-5.99244018465336,0.244275733570842,223.397076891272,0.984924623115578,9.91964285714286
0.3,500,TRUE,97,"capped_safeguard",199,1.0748188246725,1.24177616563958,223.397076891272,0.532663316582915,1.00699300699301
0.3,500,TRUE,98,"point",200,0.0591328101916975,0.145420638915038,186.572876785546,0.075,0.772214563228475
0.3,500,TRUE,98,"safeguard",200,1.06089200071065,1.14719005640714,186.572876785546,0.55,1.01783732360869
0.3,500,TRUE,98,"original_size",200,-5.26009438360981,0.145839084500115,186.572876785546,0.98,9.24730392156863
0.3,500,TRUE,98,"capped_safeguard",200,0.885412233243279,0.341868879783692,186.572876785546,0.535,1.01000100010001
0.3,500,TRUE,99,"point",197,-0.037251115238755,-0.267368513134759,248.118409419588,0.0253807106598985,0.766917293233083
0.3,500,TRUE,99,"safeguard",197,0.962180839236561,0.732453001877105,248.118409419588,0.532994923857868,1.00617283950617
0.3,500,TRUE,99,"original_size",197,-5.70014406112568,-0.267101573440666,248.118409419588,0.984771573604061,9.84397163120567
0.3,500,TRUE,99,"capped_safeguard",197,0.962180839236561,0.732453001877105,248.118409419588,0.532994923857868,1.00617283950617
0.3,500,TRUE,100,"point",200,-0.187566117294444,-0.278122785059576,223.523624551598,0.09,0.775931034482759
0.3,500,TRUE,100,"safeguard",200,0.808828328091605,0.713476892591215,223.523624551598,0.54,1.01551587301587
0.3,500,TRUE,100,"original_size",200,-5.93235521362046,-0.282071328627134,223.523624551598,0.99,9.9025974025974
0.3,500,TRUE,100,"capped_safeguard",200,0.772754575266289,0.52804011955994,223.523624551598,0.54,1.01404383592517
